Row ID,Order ID,Order Date,Ship Date,Ship Mode,Customer ID,Country/Region,City,State/Province,Postal Code,Division,Region,Product ID,Product Name,Sales,Units,Gross Profit,Cost,Factory,Lead_Time_Days
1,US-2021-103800-CHO-MIL-31000,2024-03-01,2024-06-30,Standard Class,103800,United States,Houston,Texas,77095,Chocolate,Interior,CHO-MIL-31000,Wonka Bar - Milk Chocolate,6.5,2,4.22,2.28,Wicked Choccy's,121.0
2,US-2021-112326-CHO-TRI-54000,2024-04-01,2024-07-01,Standard Class,112326,United States,Naperville,Illinois,60540,Chocolate,Interior,CHO-TRI-54000,Wonka Bar - Triple Dazzle Caramel,7.5,2,4.9,2.6,Wicked Choccy's,91.0
3,US-2021-112326-CHO-NUT-13000,2024-04-01,2024-07-01,Standard Class,112326,United States,Naperville,Illinois,60540,Chocolate,Interior,CHO-NUT-13000,Wonka Bar - Nutty Crunch Surprise,10.47,3,7.47,3.0,Lot's O' Nuts,91.0
4,US-2021-112326-CHO-SCR-58000,2024-04-01,2024-07-01,Standard Class,112326,United States,Naperville,Illinois,60540,Chocolate,Interior,CHO-SCR-58000,Wonka Bar -Scrumdiddlyumptious,10.8,3,7.5,3.3,Lot's O' Nuts,91.0
5,US-2021-141817-CHO-TRI-54000,2024-05-01,2024-07-05,Standard Class,141817,United States,Philadelphia,Pennsylvania,19143,Chocolate,Atlantic,CHO-TRI-54000,Wonka Bar - Triple Dazzle Caramel,11.25,3,7.35,3.9,Wicked Choccy's,65.0
6,US-2021-167199-CHO-SCR-58000,2024-06-01,2024-07-03,Standard Class,167199,United States,Henderson,Kentucky,42420,Chocolate,Gulf,CHO-SCR-58000,Wonka Bar -Scrumdiddlyumptious,32.4,9,22.5,9.9,Lot's O' Nuts,32.0
7,US-2021-167199-CHO-TRI-54000,2024-06-01,2024-07-03,Standard Class,167199,United States,Henderson,Kentucky,42420,Chocolate,Gulf,CHO-TRI-54000,Wonka Bar - Triple Dazzle Caramel,7.5,2,4.9,2.6,Wicked Choccy's,32.0
8,US-2021-106054-CHO-MIL-31000,2024-06-01,2024-06-30,First Class,106054,United States,Athens,Georgia,30605,Chocolate,Gulf,CHO-MIL-31000,Wonka Bar - Milk Chocolate,9.75,3,6.33,3.42,Wicked Choccy's,29.0
9,US-2021-167199-CHO-NUT-13000,2024-06-01,2024-07-03,Standard Class,167199,United States,Henderson,Kentucky,42420,Chocolate,Gulf,CHO-NUT-13000,Wonka Bar - Nutty Crunch Surprise,6.98,2,4.98,2.0,Lot's O' Nuts,32.0
10,US-2021-167199-CHO-MIL-31000,2024-06-01,2024-07-03,Standard Class,167199,United States,Henderson,Kentucky,42420,Chocolate,Gulf,CHO-MIL-31000,Wonka Bar - Milk Chocolate,13.0,4,8.44,4.56,Wicked Choccy's,32.0
11,US-2021-167199-CHO-MIL-31000,2024-06-01,2024-07-03,Standard Class,167199,United States,Henderson,Kentucky,42420,Chocolate,Gulf,CHO-MIL-31000,Wonka Bar - Milk Chocolate,3.25,1,2.11,1.14,Wicked Choccy's,32.0
12,US-2021-130813-CHO-MIL-31000,2024-06-01,2024-07-01,Second Class,130813,United States,Los Angeles,California,90049,Chocolate,Pacific,CHO-MIL-31000,Wonka Bar - Milk Chocolate,9.75,3,6.33,3.42,Wicked Choccy's,30.0
13,US-2021-167199-CHO-SCR-58000,2024-06-01,2024-07-03,Standard Class,167199,United States,Henderson,Kentucky,42420,Chocolate,Gulf,CHO-SCR-58000,Wonka Bar -Scrumdiddlyumptious,14.4,4,10.0,4.4,Lot's O' Nuts,32.0
14,US-2021-167199-CHO-FUD-51000,2024-06-01,2024-07-03,Standard Class,167199,United States,Henderson,Kentucky,42420,Chocolate,Gulf,CHO-FUD-51000,Wonka Bar - Fudge Mallows,7.2,2,4.8,2.4,Lot's O' Nuts,32.0
15,US-2021-105417-CHO-MIL-31000,2024-07-01,2024-07-05,Standard Class,105417,United States,Huntsville,Texas,77340,Chocolate,Interior,CHO-MIL-31000,Wonka Bar - Milk Chocolate,9.75,3,6.33,3.42,Wicked Choccy's,4.0
16,US-2021-105417-CHO-TRI-54000,2024-07-01,2024-07-05,Standard Class,105417,United States,Huntsville,Texas,77340,Chocolate,Interior,CHO-TRI-54000,Wonka Bar - Triple Dazzle Caramel,26.25,7,17.15,9.1,Wicked Choccy's,4.0
17,US-2021-135405-CHO-TRI-54000,2024-09-01,2025-07-06,Standard Class,135405,United States,Laredo,Texas,78041,Chocolate,Interior,CHO-TRI-54000,Wonka Bar - Triple Dazzle Caramel,7.5,2,4.9,2.6,Wicked Choccy's,308.0
18,US-2021-135405-CHO-TRI-54000,2024-09-01,2025-07-06,Standard Class,135405,United States,Laredo,Texas,78041,Chocolate,Interior,CHO-TRI-54000,Wonka Bar - Triple Dazzle Caramel,11.25,3,7.35,3.9,Wicked Choccy's,308.0
19,US-2021-149020-CHO-MIL-31000,2024-10-01,2025-07-08,Standard Class,149020,United States,Springfield,Virginia,22153,Chocolate,Gulf,CHO-MIL-31000,Wonka Bar - Milk Chocolate,3.25,1,2.11,1.14,Wicked Choccy's,280.0
20,US-2021-149020-OTH-GUM-21000,2024-10-01,2025-07-08,Standard Class,149020,United States,Springfield,Virginia,22153,Other,Gulf,OTH-GUM-21000,Wonka Gum,1.25,1,0.65,0.6,Secret Factory,280.0
21,US-2021-130092-CHO-MIL-31000,2024-11-01,2025-07-07,First Class,130092,United States,Dover,Delaware,19901,Chocolate,Atlantic,CHO-MIL-31000,Wonka Bar - Milk Chocolate,6.5,2,4.22,2.28,Wicked Choccy's,248.0
85,US-2021-140795-CHO-SCR-58000,2024-01-02,2024-07-27,First Class,140795,United States,Green Bay,Wisconsin,54302,Chocolate,Interior,CHO-SCR-58000,Wonka Bar -Scrumdiddlyumptious,21.6,6,15.0,6.6,Lot's O' Nuts,207.0
86,US-2021-123400-CHO-MIL-31000,2024-02-02,2024-08-02,Standard Class,123400,United States,Saint Petersburg,Florida,33710,Chocolate,Gulf,CHO-MIL-31000,Wonka Bar - Milk Chocolate,6.5,2,4.22,2.28,Wicked Choccy's,182.0
87,US-2021-139857-CHO-FUD-51000,2024-02-02,2024-07-30,Standard Class,139857,United States,San Diego,California,92037,Chocolate,Pacific,CHO-FUD-51000,Wonka Bar - Fudge Mallows,18.0,5,12.0,6.0,Lot's O' Nuts,179.0
88,US-2021-123400-CHO-TRI-54000,2024-02-02,2024-08-02,Standard Class,123400,United States,Saint Petersburg,Florida,33710,Chocolate,Gulf,CHO-TRI-54000,Wonka Bar - Triple Dazzle Caramel,18.75,5,12.25,6.5,Wicked Choccy's,182.0
89,US-2021-111059-CHO-NUT-13000,2024-03-02,2024-07-30,Second Class,111059,United States,Seattle,Washington,98105,Chocolate,Pacific,CHO-NUT-13000,Wonka Bar - Nutty Crunch Surprise,10.47,3,7.47,3.0,Lot's O' Nuts,150.0
90,US-2021-111059-CHO-SCR-58000,2024-03-02,2024-07-30,Second Class,111059,United States,Seattle,Washington,98105,Chocolate,Pacific,CHO-SCR-58000,Wonka Bar -Scrumdiddlyumptious,7.2,2,5.0,2.2,Lot's O' Nuts,150.0
91,US-2021-104808-CHO-FUD-51000,2024-04-02,2024-08-01,Second Class,104808,United States,Escondido,California,92025,Chocolate,Pacific,CHO-FUD-51000,Wonka Bar - Fudge Mallows,7.2,2,4.8,2.4,Lot's O' Nuts,121.0
92,US-2021-107181-CHO-TRI-54000,2024-04-02,2024-08-01,Standard Class,107181,United States,San Diego,California,92024,Chocolate,Pacific,CHO-TRI-54000,Wonka Bar - Triple Dazzle Caramel,11.25,3,7.35,3.9,Wicked Choccy's,121.0
93,US-2021-107181-OTH-KAZ-38000,2024-04-02,2024-08-01,Standard Class,107181,United States,San Diego,California,92024,Other,Pacific,OTH-KAZ-38000,Kazookles,13.0,4,1.0,12.0,Secret Factory,121.0
94,US-2021-108182-CHO-NUT-13000,2024-06-02,2024-08-03,Second Class,108182,United States,Romeoville,Illinois,60441,Chocolate,Interior,CHO-NUT-13000,Wonka Bar - Nutty Crunch Surprise,6.98,2,4.98,2.0,Lot's O' Nuts,62.0
95,US-2021-131905-CHO-TRI-54000,2024-06-02,2024-08-02,First Class,131905,United States,Chesapeake,Virginia,23320,Chocolate,Gulf,CHO-TRI-54000,Wonka Bar - Triple Dazzle Caramel,15.0,4,9.8,5.2,Wicked Choccy's,61.0
96,US-2021-131905-CHO-NUT-13000,2024-06-02,2024-08-02,First Class,131905,United States,Chesapeake,Virginia,23320,Chocolate,Gulf,CHO-NUT-13000,Wonka Bar - Nutty Crunch Surprise,17.45,5,12.45,5.0,Lot's O' Nuts,61.0
97,US-2021-131905-CHO-MIL-31000,2024-06-02,2024-08-02,First Class,131905,United States,Chesapeake,Virginia,23320,Chocolate,Gulf,CHO-MIL-31000,Wonka Bar - Milk Chocolate,3.25,1,2.11,1.14,Wicked Choccy's,61.0
98,US-2021-169390-CHO-MIL-31000,2024-07-02,2024-08-03,Second Class,169390,United States,New York City,New York,10024,Chocolate,Atlantic,CHO-MIL-31000,Wonka Bar - Milk Chocolate,13.0,4,8.44,4.56,Wicked Choccy's,32.0
99,US-2021-107755-CHO-FUD-51000,2024-07-02,2024-08-05,Standard Class,107755,United States,Linden,New Jersey,7036,Chocolate,Atlantic,CHO-FUD-51000,Wonka Bar - Fudge Mallows,25.2,7,16.8,8.4,Lot's O' Nuts,34.0
100,US-2021-125759-OTH-GUM-21000,2024-08-02,2024-08-02,First Class,125759,United States,North Las Vegas,Nevada,89031,Other,Pacific,OTH-GUM-21000,Wonka Gum,2.5,2,1.3,1.2,Secret Factory,0.0
101,US-2021-168368-CHO-TRI-54000,2024-11-02,2025-08-08,Second Class,168368,United States,Columbia,Missouri,65203,Chocolate,Interior,CHO-TRI-54000,Wonka Bar - Triple Dazzle Caramel,3.75,1,2.45,1.3,Wicked Choccy's,279.0
102,US-2021-168368-CHO-TRI-54000,2024-11-02,2025-08-08,Second Class,168368,United States,Columbia,Missouri,65203,Chocolate,Interior,CHO-TRI-54000,Wonka Bar - Triple Dazzle Caramel,11.25,3,7.35,3.9,Wicked Choccy's,279.0
103,US-2021-127614-CHO-MIL-31000,2024-11-02,2025-08-08,Standard Class,127614,United States,Chesapeake,Virginia,23320,Chocolate,Gulf,CHO-MIL-31000,Wonka Bar - Milk Chocolate,19.5,6,12.66,6.84,Wicked Choccy's,279.0
104,US-2021-127614-CHO-MIL-31000,2024-11-02,2025-08-08,Standard Class,127614,United States,Chesapeake,Virginia,23320,Chocolate,Gulf,CHO-MIL-31000,Wonka Bar - Milk Chocolate,6.5,2,4.22,2.28,Wicked Choccy's,279.0
105,US-2021-168368-CHO-NUT-13000,2024-11-02,2025-08-08,Second Class,168368,United States,Columbia,Missouri,65203,Chocolate,Interior,CHO-NUT-13000,Wonka Bar - Nutty Crunch Surprise,10.47,3,7.47,3.0,Lot's O' Nuts,279.0
106,US-2021-168368-CHO-SCR-58000,2024-11-02,2025-08-08,Second Class,168368,United States,Columbia,Missouri,65203,Chocolate,Interior,CHO-SCR-58000,Wonka Bar -Scrumdiddlyumptious,7.2,2,5.0,2.2,Lot's O' Nuts,279.0
107,US-2021-168368-CHO-SCR-58000,2024-11-02,2025-08-08,Second Class,168368,United States,Columbia,Missouri,65203,Chocolate,Interior,CHO-SCR-58000,Wonka Bar -Scrumdiddlyumptious,10.8,3,7.5,3.3,Lot's O' Nuts,279.0
108,US-2021-168368-CHO-TRI-54000,2024-11-02,2025-08-08,Second Class,168368,United States,Columbia,Missouri,65203,Chocolate,Interior,CHO-TRI-54000,Wonka Bar - Triple Dazzle Caramel,7.5,2,4.9,2.6,Wicked Choccy's,279.0
109,US-2021-127614-CHO-SCR-58000,2024-11-02,2025-08-08,Standard Class,127614,United States,Chesapeake,Virginia,23320,Chocolate,Gulf,CHO-SCR-58000,Wonka Bar -Scrumdiddlyumptious,10.8,3,7.5,3.3,Lot's O' Nuts,279.0
110,US-2021-110674-CHO-SCR-58000,2024-12-02,2025-08-11,Standard Class,110674,United States,Concord,California,94521,Chocolate,Pacific,CHO-SCR-58000,Wonka Bar -Scrumdiddlyumptious,7.2,2,5.0,2.2,Lot's O' Nuts,252.0
131,US-2021-113880-CHO-NUT-13000,2024-01-03,2024-08-26,Standard Class,113880,United States,Elmhurst,Illinois,60126,Chocolate,Interior,CHO-NUT-13000,Wonka Bar - Nutty Crunch Surprise,20.94,6,14.94,6.0,Lot's O' Nuts,236.0
132,US-2021-131009-CHO-SCR-58000,2024-01-03,2024-08-26,Standard Class,131009,United States,El Paso,Texas,79907,Chocolate,Interior,CHO-SCR-58000,Wonka Bar -Scrumdiddlyumptious,21.6,6,15.0,6.6,Lot's O' Nuts,236.0
133,US-2021-104269-CHO-SCR-58000,2024-01-03,2024-08-27,Second Class,104269,United States,Seattle,Washington,98115,Chocolate,Pacific,CHO-SCR-58000,Wonka Bar -Scrumdiddlyumptious,7.2,2,5.0,2.2,Lot's O' Nuts,237.0
134,US-2021-131009-CHO-TRI-54000,2024-01-03,2024-08-26,Standard Class,131009,United States,El Paso,Texas,79907,Chocolate,Interior,CHO-TRI-54000,Wonka Bar - Triple Dazzle Caramel,22.5,6,14.7,7.8,Wicked Choccy's,236.0
135,US-2021-168312-CHO-SCR-58000,2024-01-03,2024-08-28,Standard Class,168312,United States,Houston,Texas,77036,Chocolate,Interior,CHO-SCR-58000,Wonka Bar -Scrumdiddlyumptious,10.8,3,7.5,3.3,Lot's O' Nuts,238.0
136,US-2021-131009-CHO-FUD-51000,2024-01-03,2024-08-26,Standard Class,131009,United States,El Paso,Texas,79907,Chocolate,Interior,CHO-FUD-51000,Wonka Bar - Fudge Mallows,18.0,5,12.0,6.0,Lot's O' Nuts,236.0
137,US-2021-113880-OTH-LIC-15000,2024-01-03,2024-08-26,Standard Class,113880,United States,Elmhurst,Illinois,60126,Other,Interior,OTH-LIC-15000,Lickable Wallpaper,60.0,3,30.0,30.0,Secret Factory,236.0
138,US-2021-131009-CHO-TRI-54000,2024-01-03,2024-08-26,Standard Class,131009,United States,El Paso,Texas,79907,Chocolate,Interior,CHO-TRI-54000,Wonka Bar - Triple Dazzle Caramel,11.25,3,7.35,3.9,Wicked Choccy's,236.0
139,US-2021-168312-CHO-SCR-58000,2024-01-03,2024-08-28,Standard Class,168312,United States,Houston,Texas,77036,Chocolate,Interior,CHO-SCR-58000,Wonka Bar -Scrumdiddlyumptious,10.8,3,7.5,3.3,Lot's O' Nuts,238.0
140,US-2021-143707-CHO-SCR-58000,2024-01-03,2024-08-26,Standard Class,143707,United States,New York City,New York,10035,Chocolate,Atlantic,CHO-SCR-58000,Wonka Bar -Scrumdiddlyumptious,10.8,3,7.5,3.3,Lot's O' Nuts,236.0
141,US-2021-107524-CHO-MIL-31000,2024-02-03,2024-08-29,Standard Class,107524,United States,New York City,New York,10009,Chocolate,Atlantic,CHO-MIL-31000,Wonka Bar - Milk Chocolate,6.5,2,4.22,2.28,Wicked Choccy's,208.0
142,US-2021-111157-CHO-TRI-54000,2024-02-03,2024-08-27,Standard Class,111157,United States,Philadelphia,Pennsylvania,19120,Chocolate,Atlantic,CHO-TRI-54000,Wonka Bar - Triple Dazzle Caramel,3.75,1,2.45,1.3,Wicked Choccy's,206.0
143,US-2021-107524-CHO-NUT-13000,2024-02-03,2024-08-29,Standard Class,107524,United States,New York City,New York,10009,Chocolate,Atlantic,CHO-NUT-13000,Wonka Bar - Nutty Crunch Surprise,17.45,5,12.45,5.0,Lot's O' Nuts,208.0
144,US-2021-111157-CHO-MIL-31000,2024-02-03,2024-08-27,Standard Class,111157,United States,Philadelphia,Pennsylvania,19120,Chocolate,Atlantic,CHO-MIL-31000,Wonka Bar - Milk Chocolate,9.75,3,6.33,3.42,Wicked Choccy's,206.0
145,US-2021-127978-CHO-TRI-54000,2024-03-03,2024-08-29,Standard Class,127978,United States,Columbus,Ohio,43229,Chocolate,Atlantic,CHO-TRI-54000,Wonka Bar - Triple Dazzle Caramel,18.75,5,12.25,6.5,Wicked Choccy's,179.0
146,US-2021-105648-CHO-MIL-31000,2024-03-03,2024-08-28,Standard Class,105648,United States,San Diego,California,92037,Chocolate,Pacific,CHO-MIL-31000,Wonka Bar - Milk Chocolate,9.75,3,6.33,3.42,Wicked Choccy's,178.0
147,US-2021-130421-CHO-NUT-13000,2024-03-03,2024-08-28,Standard Class,130421,United States,Houston,Texas,77095,Chocolate,Interior,CHO-NUT-13000,Wonka Bar - Nutty Crunch Surprise,10.47,3,7.47,3.0,Lot's O' Nuts,178.0
148,US-2021-155852-CHO-FUD-51000,2024-03-03,2024-08-28,Second Class,155852,United States,Wilmington,North Carolina,28403,Chocolate,Gulf,CHO-FUD-51000,Wonka Bar - Fudge Mallows,14.4,4,9.6,4.8,Lot's O' Nuts,178.0
149,US-2021-127964-CHO-SCR-58000,2024-03-03,2024-08-29,Standard Class,127964,United States,New York City,New York,10035,Chocolate,Atlantic,CHO-SCR-58000,Wonka Bar -Scrumdiddlyumptious,18.0,5,12.5,5.5,Lot's O' Nuts,179.0
150,US-2021-127964-CHO-SCR-58000,2024-03-03,2024-08-29,Standard Class,127964,United States,New York City,New York,10035,Chocolate,Atlantic,CHO-SCR-58000,Wonka Bar -Scrumdiddlyumptious,10.8,3,7.5,3.3,Lot's O' Nuts,179.0
151,US-2021-127978-CHO-SCR-58000,2024-03-03,2024-08-29,Standard Class,127978,United States,Columbus,Ohio,43229,Chocolate,Atlantic,CHO-SCR-58000,Wonka Bar -Scrumdiddlyumptious,10.8,3,7.5,3.3,Lot's O' Nuts,179.0
152,US-2021-127978-CHO-NUT-13000,2024-03-03,2024-08-29,Standard Class,127978,United States,Columbus,Ohio,43229,Chocolate,Atlantic,CHO-NUT-13000,Wonka Bar - Nutty Crunch Surprise,27.92,8,19.92,8.0,Lot's O' Nuts,179.0
153,US-2021-127964-CHO-MIL-31000,2024-03-03,2024-08-29,Standard Class,127964,United States,New York City,New York,10035,Chocolate,Atlantic,CHO-MIL-31000,Wonka Bar - Milk Chocolate,3.25,1,2.11,1.14,Wicked Choccy's,179.0
154,US-2021-117016-CHO-NUT-13000,2024-04-03,2024-08-30,Standard Class,117016,United States,Margate,Florida,33063,Chocolate,Gulf,CHO-NUT-13000,Wonka Bar - Nutty Crunch Surprise,10.47,3,7.47,3.0,Lot's O' Nuts,149.0
155,US-2021-116239-CHO-FUD-51000,2024-04-03,2024-08-25,Same Day,116239,United States,Columbia,South Carolina,29203,Chocolate,Gulf,CHO-FUD-51000,Wonka Bar - Fudge Mallows,18.0,5,12.0,6.0,Lot's O' Nuts,144.0
156,US-2021-169061-CHO-TRI-54000,2024-05-03,2024-08-29,Second Class,169061,United States,Yonkers,New York,10701,Chocolate,Atlantic,CHO-TRI-54000,Wonka Bar - Triple Dazzle Caramel,11.25,3,7.35,3.9,Wicked Choccy's,118.0
157,US-2021-169061-CHO-NUT-13000,2024-05-03,2024-08-29,Second Class,169061,United States,Yonkers,New York,10701,Chocolate,Atlantic,CHO-NUT-13000,Wonka Bar - Nutty Crunch Surprise,20.94,6,14.94,6.0,Lot's O' Nuts,118.0
158,US-2021-169061-CHO-TRI-54000,2024-05-03,2024-08-29,Second Class,169061,United States,Yonkers,New York,10701,Chocolate,Atlantic,CHO-TRI-54000,Wonka Bar - Triple Dazzle Caramel,7.5,2,4.9,2.6,Wicked Choccy's,118.0
159,US-2021-169061-CHO-NUT-13000,2024-05-03,2024-08-29,Second Class,169061,United States,Yonkers,New York,10701,Chocolate,Atlantic,CHO-NUT-13000,Wonka Bar - Nutty Crunch Surprise,6.98,2,4.98,2.0,Lot's O' Nuts,118.0
160,US-2021-169061-CHO-TRI-54000,2024-05-03,2024-08-29,Second Class,169061,United States,Yonkers,New York,10701,Chocolate,Atlantic,CHO-TRI-54000,Wonka Bar - Triple Dazzle Caramel,11.25,3,7.35,3.9,Wicked Choccy's,118.0
161,US-2021-104563-OTH-KAZ-38000,2024-07-03,2024-09-02,Standard Class,104563,United States,Seattle,Washington,98103,Other,Pacific,OTH-KAZ-38000,Kazookles,19.5,6,1.5,18.0,Secret Factory,61.0
162,US-2021-156587-CHO-NUT-13000,2024-07-03,2024-08-29,First Class,156587,United States,Seattle,Washington,98103,Chocolate,Pacific,CHO-NUT-13000,Wonka Bar - Nutty Crunch Surprise,3.49,1,2.49,1.0,Lot's O' Nuts,57.0
163,US-2021-104563-CHO-NUT-13000,2024-07-03,2024-09-02,Standard Class,104563,United States,Seattle,Washington,98103,Chocolate,Pacific,CHO-NUT-13000,Wonka Bar - Nutty Crunch Surprise,6.98,2,4.98,2.0,Lot's O' Nuts,61.0
164,US-2021-104563-CHO-SCR-58000,2024-07-03,2024-09-02,Standard Class,104563,United States,Seattle,Washington,98103,Chocolate,Pacific,CHO-SCR-58000,Wonka Bar -Scrumdiddlyumptious,18.0,5,12.5,5.5,Lot's O' Nuts,61.0
165,US-2021-156587-CHO-FUD-51000,2024-07-03,2024-08-29,First Class,156587,United States,Seattle,Washington,98103,Chocolate,Pacific,CHO-FUD-51000,Wonka Bar - Fudge Mallows,10.8,3,7.2,3.6,Lot's O' Nuts,57.0
166,US-2021-131982-CHO-FUD-51000,2024-07-03,2024-09-01,Second Class,131982,United States,Des Moines,Washington,98198,Chocolate,Pacific,CHO-FUD-51000,Wonka Bar - Fudge Mallows,7.2,2,4.8,2.4,Lot's O' Nuts,60.0
167,US-2021-104563-CHO-FUD-51000,2024-07-03,2024-09-02,Standard Class,104563,United States,Seattle,Washington,98103,Chocolate,Pacific,CHO-FUD-51000,Wonka Bar - Fudge Mallows,18.0,5,12.0,6.0,Lot's O' Nuts,61.0
168,US-2021-156587-CHO-FUD-51000,2024-07-03,2024-08-29,First Class,156587,United States,Seattle,Washington,98103,Chocolate,Pacific,CHO-FUD-51000,Wonka Bar - Fudge Mallows,10.8,3,7.2,3.6,Lot's O' Nuts,57.0
169,US-2021-140116-CHO-FUD-51000,2024-10-03,2025-09-07,Standard Class,140116,United States,Denver,Colorado,80219,Chocolate,Pacific,CHO-FUD-51000,Wonka Bar - Fudge Mallows,14.4,4,9.6,4.8,Lot's O' Nuts,339.0
170,US-2021-100279-CHO-SCR-58000,2024-10-03,2025-09-04,Standard Class,100279,United States,Royal Oak,Michigan,48073,Chocolate,Interior,CHO-SCR-58000,Wonka Bar -Scrumdiddlyumptious,7.2,2,5.0,2.2,Lot's O' Nuts,336.0
171,US-2021-140116-CHO-NUT-13000,2024-10-03,2025-09-07,Standard Class,140116,United States,Denver,Colorado,80219,Chocolate,Pacific,CHO-NUT-13000,Wonka Bar - Nutty Crunch Surprise,10.47,3,7.47,3.0,Lot's O' Nuts,339.0
172,US-2021-166884-CHO-MIL-31000,2024-11-03,2025-09-06,Second Class,166884,United States,Columbus,Ohio,43229,Chocolate,Atlantic,CHO-MIL-31000,Wonka Bar - Milk Chocolate,16.25,5,10.55,5.7,Wicked Choccy's,307.0
173,US-2021-114790-CHO-TRI-54000,2024-11-03,2025-09-03,Second Class,114790,United States,Richmond,Kentucky,40475,Chocolate,Gulf,CHO-TRI-54000,Wonka Bar - Triple Dazzle Caramel,11.25,3,7.35,3.9,Wicked Choccy's,304.0
174,US-2021-103338-CHO-SCR-58000,2024-11-03,2025-09-05,Standard Class,103338,United States,Roseville,California,95661,Chocolate,Pacific,CHO-SCR-58000,Wonka Bar -Scrumdiddlyumptious,10.8,3,7.5,3.3,Lot's O' Nuts,306.0
175,US-2021-166884-CHO-NUT-13000,2024-11-03,2025-09-06,Second Class,166884,United States,Columbus,Ohio,43229,Chocolate,Atlantic,CHO-NUT-13000,Wonka Bar - Nutty Crunch Surprise,20.94,6,14.94,6.0,Lot's O' Nuts,307.0
176,US-2021-114790-CHO-TRI-54000,2024-11-03,2025-09-03,Second Class,114790,United States,Richmond,Kentucky,40475,Chocolate,Gulf,CHO-TRI-54000,Wonka Bar - Triple Dazzle Caramel,11.25,3,7.35,3.9,Wicked Choccy's,304.0
177,US-2021-158337-CHO-NUT-13000,2024-11-03,2025-09-04,Second Class,158337,United States,New York City,New York,10024,Chocolate,Atlantic,CHO-NUT-13000,Wonka Bar - Nutty Crunch Surprise,48.86,14,34.86,14.0,Lot's O' Nuts,305.0
178,US-2021-114790-CHO-FUD-51000,2024-11-03,2025-09-03,Second Class,114790,United States,Richmond,Kentucky,40475,Chocolate,Gulf,CHO-FUD-51000,Wonka Bar - Fudge Mallows,7.2,2,4.8,2.4,Lot's O' Nuts,304.0
179,US-2021-114790-CHO-NUT-13000,2024-11-03,2025-09-03,Second Class,114790,United States,Richmond,Kentucky,40475,Chocolate,Gulf,CHO-NUT-13000,Wonka Bar - Nutty Crunch Surprise,10.47,3,7.47,3.0,Lot's O' Nuts,304.0
290,US-2021-157021-CHO-NUT-13000,2024-01-04,2024-09-27,Second Class,157021,United States,Vallejo,California,94591,Chocolate,Pacific,CHO-NUT-13000,Wonka Bar - Nutty Crunch Surprise,13.96,4,9.96,4.0,Lot's O' Nuts,267.0
291,US-2021-138359-CHO-MIL-31000,2024-01-04,2024-09-27,Standard Class,138359,United States,Revere,Massachusetts,2151,Chocolate,Atlantic,CHO-MIL-31000,Wonka Bar - Milk Chocolate,6.5,2,4.22,2.28,Wicked Choccy's,267.0
292,US-2021-157021-CHO-SCR-58000,2024-01-04,2024-09-27,Second Class,157021,United States,Vallejo,California,94591,Chocolate,Pacific,CHO-SCR-58000,Wonka Bar -Scrumdiddlyumptious,7.2,2,5.0,2.2,Lot's O' Nuts,267.0
293,US-2021-138359-CHO-SCR-58000,2024-01-04,2024-09-27,Standard Class,138359,United States,Revere,Massachusetts,2151,Chocolate,Atlantic,CHO-SCR-58000,Wonka Bar -Scrumdiddlyumptious,14.4,4,10.0,4.4,Lot's O' Nuts,267.0
294,US-2021-160276-CHO-FUD-51000,2024-02-04,2024-09-29,Standard Class,160276,United States,Virginia Beach,Virginia,23464,Chocolate,Gulf,CHO-FUD-51000,Wonka Bar - Fudge Mallows,7.2,2,4.8,2.4,Lot's O' Nuts,238.0
295,US-2021-164315-CHO-SCR-58000,2024-02-04,2024-09-29,Standard Class,164315,United States,Athens,Georgia,30605,Chocolate,Gulf,CHO-SCR-58000,Wonka Bar -Scrumdiddlyumptious,18.0,5,12.5,5.5,Lot's O' Nuts,238.0
296,US-2021-157847-CHO-MIL-31000,2024-02-04,2024-09-27,Second Class,157847,United States,Houston,Texas,77095,Chocolate,Interior,CHO-MIL-31000,Wonka Bar - Milk Chocolate,22.75,7,14.77,7.98,Wicked Choccy's,236.0
297,US-2021-157847-CHO-MIL-31000,2024-02-04,2024-09-27,Second Class,157847,United States,Houston,Texas,77095,Chocolate,Interior,CHO-MIL-31000,Wonka Bar - Milk Chocolate,16.25,5,10.55,5.7,Wicked Choccy's,236.0
298,US-2021-164315-CHO-SCR-58000,2024-02-04,2024-09-29,Standard Class,164315,United States,Athens,Georgia,30605,Chocolate,Gulf,CHO-SCR-58000,Wonka Bar -Scrumdiddlyumptious,10.8,3,7.5,3.3,Lot's O' Nuts,238.0
299,US-2021-164315-CHO-MIL-31000,2024-02-04,2024-09-29,Standard Class,164315,United States,Athens,Georgia,30605,Chocolate,Gulf,CHO-MIL-31000,Wonka Bar - Milk Chocolate,22.75,7,14.77,7.98,Wicked Choccy's,238.0
300,US-2021-112291-CHO-MIL-31000,2024-03-04,2024-09-29,Standard Class,112291,United States,Los Angeles,California,90008,Chocolate,Pacific,CHO-MIL-31000,Wonka Bar - Milk Chocolate,6.5,2,4.22,2.28,Wicked Choccy's,209.0
301,US-2021-112291-CHO-SCR-58000,2024-03-04,2024-09-29,Standard Class,112291,United States,Los Angeles,California,90008,Chocolate,Pacific,CHO-SCR-58000,Wonka Bar -Scrumdiddlyumptious,7.2,2,5.0,2.2,Lot's O' Nuts,209.0
302,US-2021-112291-CHO-MIL-31000,2024-03-04,2024-09-29,Standard Class,112291,United States,Los Angeles,California,90008,Chocolate,Pacific,CHO-MIL-31000,Wonka Bar - Milk Chocolate,9.75,3,6.33,3.42,Wicked Choccy's,209.0
303,US-2021-133228-CHO-NUT-13000,2024-04-04,2024-09-30,Standard Class,133228,United States,Detroit,Michigan,48205,Chocolate,Interior,CHO-NUT-13000,Wonka Bar - Nutty Crunch Surprise,3.49,1,2.49,1.0,Lot's O' Nuts,179.0
304,US-2021-133228-CHO-SCR-58000,2024-04-04,2024-09-30,Standard Class,133228,United States,Detroit,Michigan,48205,Chocolate,Interior,CHO-SCR-58000,Wonka Bar -Scrumdiddlyumptious,14.4,4,10.0,4.4,Lot's O' Nuts,179.0
305,US-2021-128685-CHO-SCR-58000,2024-04-04,2024-09-26,First Class,128685,United States,Los Angeles,California,90008,Chocolate,Pacific,CHO-SCR-58000,Wonka Bar -Scrumdiddlyumptious,7.2,2,5.0,2.2,Lot's O' Nuts,175.0
306,US-2021-105172-CHO-MIL-31000,2024-04-04,2024-09-30,Standard Class,105172,United States,San Francisco,California,94109,Chocolate,Pacific,CHO-MIL-31000,Wonka Bar - Milk Chocolate,19.5,6,12.66,6.84,Wicked Choccy's,179.0
307,US-2021-149538-CHO-FUD-51000,2024-04-04,2024-09-29,Standard Class,149538,United States,Lafayette,Louisiana,70506,Chocolate,Gulf,CHO-FUD-51000,Wonka Bar - Fudge Mallows,7.2,2,4.8,2.4,Lot's O' Nuts,178.0
308,US-2021-149538-CHO-NUT-13000,2024-04-04,2024-09-29,Standard Class,149538,United States,Lafayette,Louisiana,70506,Chocolate,Gulf,CHO-NUT-13000,Wonka Bar - Nutty Crunch Surprise,10.47,3,7.47,3.0,Lot's O' Nuts,178.0
309,US-2021-149538-OTH-GUM-21000,2024-04-04,2024-09-29,Standard Class,149538,United States,Lafayette,Louisiana,70506,Other,Gulf,OTH-GUM-21000,Wonka Gum,6.25,5,3.25,3.0,Secret Factory,178.0
310,US-2021-149538-CHO-TRI-54000,2024-04-04,2024-09-29,Standard Class,149538,United States,Lafayette,Louisiana,70506,Chocolate,Gulf,CHO-TRI-54000,Wonka Bar - Triple Dazzle Caramel,7.5,2,4.9,2.6,Wicked Choccy's,178.0
311,US-2021-102988-CHO-SCR-58000,2024-05-04,2024-09-30,Second Class,102988,United States,Alexandria,Virginia,22304,Chocolate,Gulf,CHO-SCR-58000,Wonka Bar -Scrumdiddlyumptious,25.2,7,17.5,7.7,Lot's O' Nuts,149.0
312,US-2021-149104-CHO-NUT-13000,2024-05-04,2024-09-28,Second Class,149104,United States,Dearborn Heights,Michigan,48127,Chocolate,Interior,CHO-NUT-13000,Wonka Bar - Nutty Crunch Surprise,6.98,2,4.98,2.0,Lot's O' Nuts,147.0
313,US-2021-149104-CHO-MIL-31000,2024-05-04,2024-09-28,Second Class,149104,United States,Dearborn Heights,Michigan,48127,Chocolate,Interior,CHO-MIL-31000,Wonka Bar - Milk Chocolate,9.75,3,6.33,3.42,Wicked Choccy's,147.0
314,US-2021-102988-CHO-TRI-54000,2024-05-04,2024-09-30,Second Class,102988,United States,Alexandria,Virginia,22304,Chocolate,Gulf,CHO-TRI-54000,Wonka Bar - Triple Dazzle Caramel,26.25,7,17.15,9.1,Wicked Choccy's,149.0
315,US-2021-157231-CHO-TRI-54000,2024-05-04,2024-09-30,Standard Class,157231,United States,Richmond,Kentucky,40475,Chocolate,Gulf,CHO-TRI-54000,Wonka Bar - Triple Dazzle Caramel,26.25,7,17.15,9.1,Wicked Choccy's,149.0
316,US-2021-149104-CHO-NUT-13000,2024-05-04,2024-09-28,Second Class,149104,United States,Dearborn Heights,Michigan,48127,Chocolate,Interior,CHO-NUT-13000,Wonka Bar - Nutty Crunch Surprise,17.45,5,12.45,5.0,Lot's O' Nuts,147.0
317,US-2021-102988-CHO-NUT-13000,2024-05-04,2024-09-30,Second Class,102988,United States,Alexandria,Virginia,22304,Chocolate,Gulf,CHO-NUT-13000,Wonka Bar - Nutty Crunch Surprise,6.98,2,4.98,2.0,Lot's O' Nuts,149.0
318,US-2021-113887-CHO-TRI-54000,2024-05-04,2024-09-28,First Class,113887,United States,New York City,New York,10035,Chocolate,Atlantic,CHO-TRI-54000,Wonka Bar - Triple Dazzle Caramel,3.75,1,2.45,1.3,Wicked Choccy's,147.0
319,US-2021-149104-CHO-NUT-13000,2024-05-04,2024-09-28,Second Class,149104,United States,Dearborn Heights,Michigan,48127,Chocolate,Interior,CHO-NUT-13000,Wonka Bar - Nutty Crunch Surprise,20.94,6,14.94,6.0,Lot's O' Nuts,147.0
320,US-2021-151001-CHO-NUT-13000,2024-05-04,2024-09-28,First Class,151001,United States,Decatur,Illinois,62521,Chocolate,Interior,CHO-NUT-13000,Wonka Bar - Nutty Crunch Surprise,13.96,4,9.96,4.0,Lot's O' Nuts,147.0
321,US-2021-151001-CHO-SCR-58000,2024-05-04,2024-09-28,First Class,151001,United States,Decatur,Illinois,62521,Chocolate,Interior,CHO-SCR-58000,Wonka Bar -Scrumdiddlyumptious,14.4,4,10.0,4.4,Lot's O' Nuts,147.0
322,US-2021-102988-CHO-NUT-13000,2024-05-04,2024-09-30,Second Class,102988,United States,Alexandria,Virginia,22304,Chocolate,Gulf,CHO-NUT-13000,Wonka Bar - Nutty Crunch Surprise,17.45,5,12.45,5.0,Lot's O' Nuts,149.0
323,US-2021-102988-CHO-NUT-13000,2024-05-04,2024-09-30,Second Class,102988,United States,Alexandria,Virginia,22304,Chocolate,Gulf,CHO-NUT-13000,Wonka Bar - Nutty Crunch Surprise,3.49,1,2.49,1.0,Lot's O' Nuts,149.0
324,US-2021-102652-CHO-NUT-13000,2024-06-04,2024-10-03,Standard Class,102652,United States,Los Angeles,California,90049,Chocolate,Pacific,CHO-NUT-13000,Wonka Bar - Nutty Crunch Surprise,6.98,2,4.98,2.0,Lot's O' Nuts,121.0
325,US-2021-102652-CHO-MIL-31000,2024-06-04,2024-10-03,Standard Class,102652,United States,Los Angeles,California,90049,Chocolate,Pacific,CHO-MIL-31000,Wonka Bar - Milk Chocolate,22.75,7,14.77,7.98,Wicked Choccy's,121.0
326,US-2021-169803-CHO-NUT-13000,2024-06-04,2024-10-03,Standard Class,169803,United States,Seattle,Washington,98115,Chocolate,Pacific,CHO-NUT-13000,Wonka Bar - Nutty Crunch Surprise,10.47,3,7.47,3.0,Lot's O' Nuts,121.0
327,US-2021-118486-CHO-FUD-51000,2024-06-04,2024-09-29,First Class,118486,United States,Philadelphia,Pennsylvania,19143,Chocolate,Atlantic,CHO-FUD-51000,Wonka Bar - Fudge Mallows,10.8,3,7.2,3.6,Lot's O' Nuts,117.0
328,US-2021-153808-CHO-MIL-31000,2024-06-04,2024-10-01,Second Class,153808,United States,Los Angeles,California,90004,Chocolate,Pacific,CHO-MIL-31000,Wonka Bar - Milk Chocolate,9.75,3,6.33,3.42,Wicked Choccy's,119.0
329,US-2021-153808-CHO-TRI-54000,2024-06-04,2024-10-01,Second Class,153808,United States,Los Angeles,California,90004,Chocolate,Pacific,CHO-TRI-54000,Wonka Bar - Triple Dazzle Caramel,7.5,2,4.9,2.6,Wicked Choccy's,119.0
330,US-2021-136742-CHO-FUD-51000,2024-06-04,2024-10-01,Standard Class,136742,United States,Lancaster,Pennsylvania,17602,Chocolate,Atlantic,CHO-FUD-51000,Wonka Bar - Fudge Mallows,21.6,6,14.4,7.2,Lot's O' Nuts,119.0
331,US-2021-102652-CHO-TRI-54000,2024-06-04,2024-10-03,Standard Class,102652,United States,Los Angeles,California,90049,Chocolate,Pacific,CHO-TRI-54000,Wonka Bar - Triple Dazzle Caramel,3.75,1,2.45,1.3,Wicked Choccy's,121.0
332,US-2021-102652-OTH-GUM-21000,2024-06-04,2024-10-03,Standard Class,102652,United States,Los Angeles,California,90049,Other,Pacific,OTH-GUM-21000,Wonka Gum,3.75,3,1.95,1.8,Secret Factory,121.0
333,US-2021-118486-CHO-TRI-54000,2024-06-04,2024-09-29,First Class,118486,United States,Philadelphia,Pennsylvania,19143,Chocolate,Atlantic,CHO-TRI-54000,Wonka Bar - Triple Dazzle Caramel,3.75,1,2.45,1.3,Wicked Choccy's,117.0
334,US-2021-169803-CHO-NUT-13000,2024-06-04,2024-10-03,Standard Class,169803,United States,Seattle,Washington,98115,Chocolate,Pacific,CHO-NUT-13000,Wonka Bar - Nutty Crunch Surprise,6.98,2,4.98,2.0,Lot's O' Nuts,121.0
335,US-2021-153808-CHO-SCR-58000,2024-06-04,2024-10-01,Second Class,153808,United States,Los Angeles,California,90004,Chocolate,Pacific,CHO-SCR-58000,Wonka Bar -Scrumdiddlyumptious,10.8,3,7.5,3.3,Lot's O' Nuts,119.0
336,US-2021-118486-CHO-NUT-13000,2024-06-04,2024-09-29,First Class,118486,United States,Philadelphia,Pennsylvania,19143,Chocolate,Atlantic,CHO-NUT-13000,Wonka Bar - Nutty Crunch Surprise,6.98,2,4.98,2.0,Lot's O' Nuts,117.0
337,US-2021-124023-CHO-MIL-31000,2024-07-04,2024-10-01,First Class,124023,United States,Mobile,Alabama,36608,Chocolate,Gulf,CHO-MIL-31000,Wonka Bar - Milk Chocolate,6.5,2,4.22,2.28,Wicked Choccy's,89.0
338,US-2021-128846-CHO-TRI-54000,2024-07-04,2024-10-03,Standard Class,128846,United States,Columbia,South Carolina,29203,Chocolate,Gulf,CHO-TRI-54000,Wonka Bar - Triple Dazzle Caramel,11.25,3,7.35,3.9,Wicked Choccy's,91.0
339,US-2021-165806-CHO-MIL-31000,2024-07-04,2024-09-28,Same Day,165806,United States,Marietta,Georgia,30062,Chocolate,Gulf,CHO-MIL-31000,Wonka Bar - Milk Chocolate,29.25,9,18.99,10.26,Wicked Choccy's,86.0
340,US-2021-128846-OTH-GUM-21000,2024-07-04,2024-10-03,Standard Class,128846,United States,Columbia,South Carolina,29203,Other,Gulf,OTH-GUM-21000,Wonka Gum,6.25,5,3.25,3.0,Secret Factory,91.0
341,US-2021-165806-CHO-FUD-51000,2024-07-04,2024-09-28,Same Day,165806,United States,Marietta,Georgia,30062,Chocolate,Gulf,CHO-FUD-51000,Wonka Bar - Fudge Mallows,10.8,3,7.2,3.6,Lot's O' Nuts,86.0
342,US-2021-118997-CHO-FUD-51000,2024-08-04,2024-10-03,Standard Class,118997,United States,Decatur,Alabama,35601,Chocolate,Gulf,CHO-FUD-51000,Wonka Bar - Fudge Mallows,28.8,8,19.2,9.6,Lot's O' Nuts,60.0
343,US-2021-150581-CHO-TRI-54000,2024-08-04,2024-10-03,Standard Class,150581,United States,Concord,California,94521,Chocolate,Pacific,CHO-TRI-54000,Wonka Bar - Triple Dazzle Caramel,3.75,1,2.45,1.3,Wicked Choccy's,60.0
344,US-2021-121769-CHO-NUT-13000,2024-08-04,2024-10-03,Standard Class,121769,United States,Toledo,Ohio,43615,Chocolate,Atlantic,CHO-NUT-13000,Wonka Bar - Nutty Crunch Surprise,3.49,1,2.49,1.0,Lot's O' Nuts,60.0
345,US-2021-100363-CHO-MIL-31000,2024-08-04,2024-10-06,Standard Class,100363,United States,Glendale,Arizona,85301,Chocolate,Pacific,CHO-MIL-31000,Wonka Bar - Milk Chocolate,6.5,2,4.22,2.28,Wicked Choccy's,63.0
346,US-2021-163797-CHO-MIL-31000,2024-08-04,2024-10-04,Standard Class,163797,United States,Chandler,Arizona,85224,Chocolate,Pacific,CHO-MIL-31000,Wonka Bar - Milk Chocolate,26.0,8,16.88,9.12,Wicked Choccy's,61.0
347,US-2021-100363-CHO-SCR-58000,2024-08-04,2024-10-06,Standard Class,100363,United States,Glendale,Arizona,85301,Chocolate,Pacific,CHO-SCR-58000,Wonka Bar -Scrumdiddlyumptious,10.8,3,7.5,3.3,Lot's O' Nuts,63.0
348,US-2021-150581-CHO-MIL-31000,2024-08-04,2024-10-03,Standard Class,150581,United States,Concord,California,94521,Chocolate,Pacific,CHO-MIL-31000,Wonka Bar - Milk Chocolate,13.0,4,8.44,4.56,Wicked Choccy's,60.0
349,US-2021-121734-CHO-FUD-51000,2024-11-04,2025-10-07,Standard Class,121734,United States,Lewiston,Idaho,83501,Chocolate,Pacific,CHO-FUD-51000,Wonka Bar - Fudge Mallows,3.6,1,2.4,1.2,Lot's O' Nuts,337.0
350,US-2021-102715-CHO-SCR-58000,2024-11-04,2025-10-04,Second Class,102715,United States,Miami,Florida,33180,Chocolate,Gulf,CHO-SCR-58000,Wonka Bar -Scrumdiddlyumptious,10.8,3,7.5,3.3,Lot's O' Nuts,334.0
351,US-2021-102715-CHO-TRI-54000,2024-11-04,2025-10-04,Second Class,102715,United States,Miami,Florida,33180,Chocolate,Gulf,CHO-TRI-54000,Wonka Bar - Triple Dazzle Caramel,7.5,2,4.9,2.6,Wicked Choccy's,334.0
352,US-2021-110555-CHO-TRI-54000,2024-11-04,2025-10-09,Standard Class,110555,United States,Great Falls,Montana,59405,Chocolate,Pacific,CHO-TRI-54000,Wonka Bar - Triple Dazzle Caramel,26.25,7,17.15,9.1,Wicked Choccy's,339.0
353,US-2021-102715-CHO-FUD-51000,2024-11-04,2025-10-04,Second Class,102715,United States,Miami,Florida,33180,Chocolate,Gulf,CHO-FUD-51000,Wonka Bar - Fudge Mallows,25.2,7,16.8,8.4,Lot's O' Nuts,334.0
354,US-2021-102715-CHO-TRI-54000,2024-11-04,2025-10-04,Second Class,102715,United States,Miami,Florida,33180,Chocolate,Gulf,CHO-TRI-54000,Wonka Bar - Triple Dazzle Caramel,11.25,3,7.35,3.9,Wicked Choccy's,334.0
355,US-2021-110555-CHO-MIL-31000,2024-11-04,2025-10-09,Standard Class,110555,United States,Great Falls,Montana,59405,Chocolate,Pacific,CHO-MIL-31000,Wonka Bar - Milk Chocolate,19.5,6,12.66,6.84,Wicked Choccy's,339.0
356,US-2021-110555-CHO-TRI-54000,2024-11-04,2025-10-09,Standard Class,110555,United States,Great Falls,Montana,59405,Chocolate,Pacific,CHO-TRI-54000,Wonka Bar - Triple Dazzle Caramel,7.5,2,4.9,2.6,Wicked Choccy's,339.0
357,US-2021-138940-CHO-NUT-13000,2024-11-04,2025-10-07,Second Class,138940,United States,Austin,Texas,78745,Chocolate,Interior,CHO-NUT-13000,Wonka Bar - Nutty Crunch Surprise,20.94,6,14.94,6.0,Lot's O' Nuts,337.0
358,US-2021-154599-CHO-MIL-31000,2024-12-04,2025-10-08,Standard Class,154599,United States,Redondo Beach,California,90278,Chocolate,Pacific,CHO-MIL-31000,Wonka Bar - Milk Chocolate,9.75,3,6.33,3.42,Wicked Choccy's,308.0
359,US-2021-142979-CHO-NUT-13000,2024-12-04,2025-10-09,Standard Class,142979,United States,Lodi,California,95240,Chocolate,Pacific,CHO-NUT-13000,Wonka Bar - Nutty Crunch Surprise,6.98,2,4.98,2.0,Lot's O' Nuts,309.0
360,US-2021-154599-CHO-SCR-58000,2024-12-04,2025-10-08,Standard Class,154599,United States,Redondo Beach,California,90278,Chocolate,Pacific,CHO-SCR-58000,Wonka Bar -Scrumdiddlyumptious,25.2,7,17.5,7.7,Lot's O' Nuts,308.0
361,US-2021-158365-CHO-SCR-58000,2024-12-04,2025-10-08,Standard Class,158365,United States,Bloomington,Indiana,47401,Chocolate,Interior,CHO-SCR-58000,Wonka Bar -Scrumdiddlyumptious,18.0,5,12.5,5.5,Lot's O' Nuts,308.0
362,US-2021-154599-CHO-FUD-51000,2024-12-04,2025-10-08,Standard Class,154599,United States,Redondo Beach,California,90278,Chocolate,Pacific,CHO-FUD-51000,Wonka Bar - Fudge Mallows,14.4,4,9.6,4.8,Lot's O' Nuts,308.0
363,US-2021-154599-CHO-MIL-31000,2024-12-04,2025-10-08,Standard Class,154599,United States,Redondo Beach,California,90278,Chocolate,Pacific,CHO-MIL-31000,Wonka Bar - Milk Chocolate,45.5,14,29.54,15.96,Wicked Choccy's,308.0
425,US-2021-115056-CHO-SCR-58000,2024-02-05,2024-10-23,Same Day,115056,United States,Columbus,Ohio,43229,Chocolate,Atlantic,CHO-SCR-58000,Wonka Bar -Scrumdiddlyumptious,10.8,3,7.5,3.3,Lot's O' Nuts,261.0
426,US-2021-124618-CHO-SCR-58000,2024-02-05,2024-10-25,Second Class,124618,United States,Lakeland,Florida,33801,Chocolate,Gulf,CHO-SCR-58000,Wonka Bar -Scrumdiddlyumptious,7.2,2,5.0,2.2,Lot's O' Nuts,263.0
427,US-2021-135755-CHO-FUD-51000,2024-03-05,2024-10-31,Standard Class,135755,United States,Yonkers,New York,10701,Chocolate,Atlantic,CHO-FUD-51000,Wonka Bar - Fudge Mallows,10.8,3,7.2,3.6,Lot's O' Nuts,240.0
428,US-2021-135755-CHO-SCR-58000,2024-03-05,2024-10-31,Standard Class,135755,United States,Yonkers,New York,10701,Chocolate,Atlantic,CHO-SCR-58000,Wonka Bar -Scrumdiddlyumptious,10.8,3,7.5,3.3,Lot's O' Nuts,240.0
429,US-2021-130274-CHO-MIL-31000,2024-03-05,2024-10-26,First Class,130274,United States,Appleton,Wisconsin,54915,Chocolate,Interior,CHO-MIL-31000,Wonka Bar - Milk Chocolate,22.75,7,14.77,7.98,Wicked Choccy's,235.0
430,US-2021-155271-CHO-TRI-54000,2024-04-05,2024-10-25,Same Day,155271,United States,Middletown,Connecticut,6457,Chocolate,Atlantic,CHO-TRI-54000,Wonka Bar - Triple Dazzle Caramel,7.5,2,4.9,2.6,Wicked Choccy's,203.0
431,US-2021-148194-CHO-NUT-13000,2024-04-05,2024-10-28,First Class,148194,United States,Seattle,Washington,98105,Chocolate,Pacific,CHO-NUT-13000,Wonka Bar - Nutty Crunch Surprise,24.43,7,17.43,7.0,Lot's O' Nuts,206.0
432,US-2021-148194-CHO-MIL-31000,2024-04-05,2024-10-28,First Class,148194,United States,Seattle,Washington,98105,Chocolate,Pacific,CHO-MIL-31000,Wonka Bar - Milk Chocolate,13.0,4,8.44,4.56,Wicked Choccy's,206.0
433,US-2021-111899-CHO-MIL-31000,2024-04-05,2024-10-26,First Class,111899,United States,Houston,Texas,77036,Chocolate,Interior,CHO-MIL-31000,Wonka Bar - Milk Chocolate,6.5,2,4.22,2.28,Wicked Choccy's,204.0
434,US-2021-117709-CHO-NUT-13000,2024-04-05,2024-10-29,Standard Class,117709,United States,Jackson,Michigan,49201,Chocolate,Interior,CHO-NUT-13000,Wonka Bar - Nutty Crunch Surprise,13.96,4,9.96,4.0,Lot's O' Nuts,207.0
435,US-2021-111899-CHO-MIL-31000,2024-04-05,2024-10-26,First Class,111899,United States,Houston,Texas,77036,Chocolate,Interior,CHO-MIL-31000,Wonka Bar - Milk Chocolate,19.5,6,12.66,6.84,Wicked Choccy's,204.0
436,US-2021-110219-CHO-TRI-54000,2024-05-05,2024-10-29,First Class,110219,United States,San Antonio,Texas,78207,Chocolate,Interior,CHO-TRI-54000,Wonka Bar - Triple Dazzle Caramel,11.25,3,7.35,3.9,Wicked Choccy's,177.0
437,US-2021-166457-CHO-FUD-51000,2024-05-05,2024-10-30,Second Class,166457,United States,Richmond,Kentucky,40475,Chocolate,Gulf,CHO-FUD-51000,Wonka Bar - Fudge Mallows,7.2,2,4.8,2.4,Lot's O' Nuts,178.0
438,US-2021-111934-CHO-TRI-54000,2024-05-05,2024-10-28,First Class,111934,United States,Arlington,Virginia,22204,Chocolate,Gulf,CHO-TRI-54000,Wonka Bar - Triple Dazzle Caramel,7.5,2,4.9,2.6,Wicked Choccy's,176.0
439,US-2021-111934-CHO-FUD-51000,2024-05-05,2024-10-28,First Class,111934,United States,Arlington,Virginia,22204,Chocolate,Gulf,CHO-FUD-51000,Wonka Bar - Fudge Mallows,3.6,1,2.4,1.2,Lot's O' Nuts,176.0
440,US-2021-166457-CHO-SCR-58000,2024-05-05,2024-10-30,Second Class,166457,United States,Richmond,Kentucky,40475,Chocolate,Gulf,CHO-SCR-58000,Wonka Bar -Scrumdiddlyumptious,7.2,2,5.0,2.2,Lot's O' Nuts,178.0
441,US-2021-166457-CHO-FUD-51000,2024-05-05,2024-10-30,Second Class,166457,United States,Richmond,Kentucky,40475,Chocolate,Gulf,CHO-FUD-51000,Wonka Bar - Fudge Mallows,10.8,3,7.2,3.6,Lot's O' Nuts,178.0
442,US-2021-160738-CHO-MIL-31000,2024-05-05,2024-10-31,Standard Class,160738,United States,Freeport,Illinois,61032,Chocolate,Interior,CHO-MIL-31000,Wonka Bar - Milk Chocolate,6.5,2,4.22,2.28,Wicked Choccy's,179.0
443,US-2021-154879-CHO-FUD-51000,2024-06-05,2024-11-01,Standard Class,154879,United States,Los Angeles,California,90004,Chocolate,Pacific,CHO-FUD-51000,Wonka Bar - Fudge Mallows,21.6,6,14.4,7.2,Lot's O' Nuts,149.0
444,US-2021-121664-CHO-MIL-31000,2024-06-05,2024-10-31,Standard Class,121664,United States,Los Angeles,California,90049,Chocolate,Pacific,CHO-MIL-31000,Wonka Bar - Milk Chocolate,26.0,8,16.88,9.12,Wicked Choccy's,148.0
445,US-2021-154879-OTH-GUM-21000,2024-06-05,2024-11-01,Standard Class,154879,United States,Los Angeles,California,90004,Other,Pacific,OTH-GUM-21000,Wonka Gum,2.5,2,1.3,1.2,Secret Factory,149.0
446,US-2021-166086-CHO-MIL-31000,2024-07-05,2024-11-02,Standard Class,166086,United States,Lawrence,Massachusetts,1841,Chocolate,Atlantic,CHO-MIL-31000,Wonka Bar - Milk Chocolate,13.0,4,8.44,4.56,Wicked Choccy's,120.0
447,US-2021-166086-CHO-NUT-13000,2024-07-05,2024-11-02,Standard Class,166086,United States,Lawrence,Massachusetts,1841,Chocolate,Atlantic,CHO-NUT-13000,Wonka Bar - Nutty Crunch Surprise,6.98,2,4.98,2.0,Lot's O' Nuts,120.0
448,US-2021-166086-CHO-SCR-58000,2024-07-05,2024-11-02,Standard Class,166086,United States,Lawrence,Massachusetts,1841,Chocolate,Atlantic,CHO-SCR-58000,Wonka Bar -Scrumdiddlyumptious,10.8,3,7.5,3.3,Lot's O' Nuts,120.0
449,US-2021-166086-CHO-MIL-31000,2024-07-05,2024-11-02,Standard Class,166086,United States,Lawrence,Massachusetts,1841,Chocolate,Atlantic,CHO-MIL-31000,Wonka Bar - Milk Chocolate,9.75,3,6.33,3.42,Wicked Choccy's,120.0
450,CA-2021-166086-CHO-MIL-31000,2024-07-05,2024-11-02,Standard Class,166086,Canada,Toronto,Ontario,M3C,Chocolate,Atlantic,CHO-MIL-31000,Wonka Bar - Milk Chocolate,13.0,4,8.44,4.56,Wicked Choccy's,120.0
451,CA-2021-166086-CHO-NUT-13000,2024-07-05,2024-11-02,Standard Class,166086,Canada,Toronto,Ontario,M3C,Chocolate,Atlantic,CHO-NUT-13000,Wonka Bar - Nutty Crunch Surprise,6.98,2,4.98,2.0,Lot's O' Nuts,120.0
452,CA-2021-166086-CHO-SCR-58000,2024-07-05,2024-11-02,Standard Class,166086,Canada,Toronto,Ontario,M3C,Chocolate,Atlantic,CHO-SCR-58000,Wonka Bar -Scrumdiddlyumptious,10.8,3,7.5,3.3,Lot's O' Nuts,120.0
453,CA-2021-166086-CHO-MIL-31000,2024-07-05,2024-11-02,Standard Class,166086,Canada,Toronto,Ontario,M3C,Chocolate,Atlantic,CHO-MIL-31000,Wonka Bar - Milk Chocolate,9.75,3,6.33,3.42,Wicked Choccy's,120.0
454,US-2021-116666-CHO-TRI-54000,2024-08-05,2024-10-31,First Class,116666,United States,Philadelphia,Pennsylvania,19134,Chocolate,Atlantic,CHO-TRI-54000,Wonka Bar - Triple Dazzle Caramel,18.75,5,12.25,6.5,Wicked Choccy's,87.0
455,US-2021-158771-CHO-MIL-31000,2024-09-05,2024-10-30,Same Day,158771,United States,Henderson,Kentucky,42420,Chocolate,Gulf,CHO-MIL-31000,Wonka Bar - Milk Chocolate,9.75,3,6.33,3.42,Wicked Choccy's,55.0
456,US-2021-158771-OTH-KAZ-38000,2024-09-05,2024-10-30,Same Day,158771,United States,Henderson,Kentucky,42420,Other,Gulf,OTH-KAZ-38000,Kazookles,16.25,5,1.25,15.0,Secret Factory,55.0
457,US-2021-158771-CHO-FUD-51000,2024-09-05,2024-10-30,Same Day,158771,United States,Henderson,Kentucky,42420,Chocolate,Gulf,CHO-FUD-51000,Wonka Bar - Fudge Mallows,25.2,7,16.8,8.4,Lot's O' Nuts,55.0
458,US-2021-158771-CHO-FUD-51000,2024-09-05,2024-10-30,Same Day,158771,United States,Henderson,Kentucky,42420,Chocolate,Gulf,CHO-FUD-51000,Wonka Bar - Fudge Mallows,10.8,3,7.2,3.6,Lot's O' Nuts,55.0
459,US-2021-102071-CHO-NUT-13000,2024-09-05,2024-11-05,Standard Class,102071,United States,San Francisco,California,94110,Chocolate,Pacific,CHO-NUT-13000,Wonka Bar - Nutty Crunch Surprise,10.47,3,7.47,3.0,Lot's O' Nuts,61.0
460,US-2021-102071-CHO-NUT-13000,2024-09-05,2024-11-05,Standard Class,102071,United States,San Francisco,California,94110,Chocolate,Pacific,CHO-NUT-13000,Wonka Bar - Nutty Crunch Surprise,13.96,4,9.96,4.0,Lot's O' Nuts,61.0
461,US-2021-114181-CHO-TRI-54000,2024-10-05,2024-11-04,Second Class,114181,United States,Philadelphia,Pennsylvania,19134,Chocolate,Atlantic,CHO-TRI-54000,Wonka Bar - Triple Dazzle Caramel,26.25,7,17.15,9.1,Wicked Choccy's,30.0
462,US-2021-103310-CHO-FUD-51000,2024-10-05,2024-11-05,Standard Class,103310,United States,San Jose,California,95123,Chocolate,Pacific,CHO-FUD-51000,Wonka Bar - Fudge Mallows,3.6,1,2.4,1.2,Lot's O' Nuts,31.0
463,US-2021-114181-CHO-SCR-58000,2024-10-05,2024-11-04,Second Class,114181,United States,Philadelphia,Pennsylvania,19134,Chocolate,Atlantic,CHO-SCR-58000,Wonka Bar -Scrumdiddlyumptious,18.0,5,12.5,5.5,Lot's O' Nuts,30.0
464,US-2021-159709-CHO-TRI-54000,2024-10-05,2024-11-05,Standard Class,159709,United States,Kent,Washington,98031,Chocolate,Pacific,CHO-TRI-54000,Wonka Bar - Triple Dazzle Caramel,11.25,3,7.35,3.9,Wicked Choccy's,31.0
465,US-2021-103310-CHO-TRI-54000,2024-10-05,2024-11-05,Standard Class,103310,United States,San Jose,California,95123,Chocolate,Pacific,CHO-TRI-54000,Wonka Bar - Triple Dazzle Caramel,7.5,2,4.9,2.6,Wicked Choccy's,31.0
466,US-2021-103310-CHO-SCR-58000,2024-10-05,2024-11-05,Standard Class,103310,United States,San Jose,California,95123,Chocolate,Pacific,CHO-SCR-58000,Wonka Bar -Scrumdiddlyumptious,21.6,6,15.0,6.6,Lot's O' Nuts,31.0
467,US-2021-103310-CHO-NUT-13000,2024-10-05,2024-11-05,Standard Class,103310,United States,San Jose,California,95123,Chocolate,Pacific,CHO-NUT-13000,Wonka Bar - Nutty Crunch Surprise,17.45,5,12.45,5.0,Lot's O' Nuts,31.0
468,US-2021-159709-CHO-TRI-54000,2024-10-05,2024-11-05,Standard Class,159709,United States,Kent,Washington,98031,Chocolate,Pacific,CHO-TRI-54000,Wonka Bar - Triple Dazzle Caramel,18.75,5,12.25,6.5,Wicked Choccy's,31.0
469,US-2021-152100-CHO-NUT-13000,2024-11-05,2024-11-06,Standard Class,152100,United States,Huntsville,Texas,77340,Chocolate,Interior,CHO-NUT-13000,Wonka Bar - Nutty Crunch Surprise,27.92,8,19.92,8.0,Lot's O' Nuts,1.0
470,US-2021-103849-CHO-FUD-51000,2024-11-05,2024-11-06,Standard Class,103849,United States,Fort Worth,Texas,76106,Chocolate,Interior,CHO-FUD-51000,Wonka Bar - Fudge Mallows,14.4,4,9.6,4.8,Lot's O' Nuts,1.0
471,US-2021-127523-CHO-MIL-31000,2024-11-05,2024-11-08,Standard Class,127523,United States,Watertown,New York,13601,Chocolate,Atlantic,CHO-MIL-31000,Wonka Bar - Milk Chocolate,9.75,3,6.33,3.42,Wicked Choccy's,3.0
472,US-2021-119172-CHO-NUT-13000,2024-11-05,2024-11-05,Standard Class,119172,United States,Chicago,Illinois,60610,Chocolate,Interior,CHO-NUT-13000,Wonka Bar - Nutty Crunch Surprise,31.41,9,22.41,9.0,Lot's O' Nuts,0.0
473,US-2021-119172-OTH-LIC-15000,2024-11-05,2024-11-05,Standard Class,119172,United States,Chicago,Illinois,60610,Other,Interior,OTH-LIC-15000,Lickable Wallpaper,60.0,3,30.0,30.0,Secret Factory,0.0
474,US-2021-139017-CHO-NUT-13000,2024-11-05,2024-11-07,Standard Class,139017,United States,Houston,Texas,77095,Chocolate,Interior,CHO-NUT-13000,Wonka Bar - Nutty Crunch Surprise,6.98,2,4.98,2.0,Lot's O' Nuts,2.0
475,US-2021-103849-CHO-MIL-31000,2024-11-05,2024-11-06,Standard Class,103849,United States,Fort Worth,Texas,76106,Chocolate,Interior,CHO-MIL-31000,Wonka Bar - Milk Chocolate,6.5,2,4.22,2.28,Wicked Choccy's,1.0
476,US-2021-103849-CHO-SCR-58000,2024-11-05,2024-11-06,Standard Class,103849,United States,Fort Worth,Texas,76106,Chocolate,Interior,CHO-SCR-58000,Wonka Bar -Scrumdiddlyumptious,3.6,1,2.5,1.1,Lot's O' Nuts,1.0
477,US-2021-127159-CHO-MIL-31000,2024-12-05,2025-11-05,First Class,127159,United States,Milwaukee,Wisconsin,53209,Chocolate,Interior,CHO-MIL-31000,Wonka Bar - Milk Chocolate,22.75,7,14.77,7.98,Wicked Choccy's,335.0
478,US-2021-155887-CHO-MIL-31000,2024-12-05,2025-11-07,Standard Class,155887,United States,Franklin,Massachusetts,2038,Chocolate,Atlantic,CHO-MIL-31000,Wonka Bar - Milk Chocolate,9.75,3,6.33,3.42,Wicked Choccy's,337.0
557,US-2021-131926-CHO-SCR-58000,2024-01-06,2024-11-27,Second Class,131926,United States,Lakeville,Minnesota,55044,Chocolate,Interior,CHO-SCR-58000,Wonka Bar -Scrumdiddlyumptious,25.2,7,17.5,7.7,Lot's O' Nuts,326.0
558,US-2021-165659-CHO-TRI-54000,2024-01-06,2024-11-27,Standard Class,165659,United States,Little Rock,Arkansas,72209,Chocolate,Gulf,CHO-TRI-54000,Wonka Bar - Triple Dazzle Caramel,22.5,6,14.7,7.8,Wicked Choccy's,326.0
559,US-2021-131926-CHO-MIL-31000,2024-01-06,2024-11-27,Second Class,131926,United States,Lakeville,Minnesota,55044,Chocolate,Interior,CHO-MIL-31000,Wonka Bar - Milk Chocolate,16.25,5,10.55,5.7,Wicked Choccy's,326.0
560,US-2021-157070-CHO-MIL-31000,2024-01-06,2024-11-27,Standard Class,157070,United States,Detroit,Michigan,48234,Chocolate,Interior,CHO-MIL-31000,Wonka Bar - Milk Chocolate,16.25,5,10.55,5.7,Wicked Choccy's,326.0
561,US-2021-111003-CHO-MIL-31000,2024-01-06,2024-11-27,Standard Class,111003,United States,Lakewood,New Jersey,8701,Chocolate,Atlantic,CHO-MIL-31000,Wonka Bar - Milk Chocolate,19.5,6,12.66,6.84,Wicked Choccy's,326.0
562,US-2021-111003-CHO-FUD-51000,2024-01-06,2024-11-27,Standard Class,111003,United States,Lakewood,New Jersey,8701,Chocolate,Atlantic,CHO-FUD-51000,Wonka Bar - Fudge Mallows,10.8,3,7.2,3.6,Lot's O' Nuts,326.0
563,US-2021-157070-CHO-MIL-31000,2024-01-06,2024-11-27,Standard Class,157070,United States,Detroit,Michigan,48234,Chocolate,Interior,CHO-MIL-31000,Wonka Bar - Milk Chocolate,13.0,4,8.44,4.56,Wicked Choccy's,326.0
564,US-2021-131926-OTH-GUM-21000,2024-01-06,2024-11-27,Second Class,131926,United States,Lakeville,Minnesota,55044,Other,Interior,OTH-GUM-21000,Wonka Gum,5.0,4,2.6,2.4,Secret Factory,326.0
565,US-2021-131926-CHO-TRI-54000,2024-01-06,2024-11-27,Second Class,131926,United States,Lakeville,Minnesota,55044,Chocolate,Interior,CHO-TRI-54000,Wonka Bar - Triple Dazzle Caramel,22.5,6,14.7,7.8,Wicked Choccy's,326.0
566,US-2021-131926-CHO-MIL-31000,2024-01-06,2024-11-27,Second Class,131926,United States,Lakeville,Minnesota,55044,Chocolate,Interior,CHO-MIL-31000,Wonka Bar - Milk Chocolate,6.5,2,4.22,2.28,Wicked Choccy's,326.0
567,US-2021-165659-CHO-TRI-54000,2024-01-06,2024-11-27,Standard Class,165659,United States,Little Rock,Arkansas,72209,Chocolate,Gulf,CHO-TRI-54000,Wonka Bar - Triple Dazzle Caramel,26.25,7,17.15,9.1,Wicked Choccy's,326.0
568,US-2021-104472-CHO-MIL-31000,2024-02-06,2024-11-28,Standard Class,104472,United States,Orem,Utah,84057,Chocolate,Pacific,CHO-MIL-31000,Wonka Bar - Milk Chocolate,19.5,6,12.66,6.84,Wicked Choccy's,296.0
569,US-2021-100895-CHO-TRI-54000,2024-02-06,2024-11-27,Standard Class,100895,United States,Roswell,Georgia,30076,Chocolate,Gulf,CHO-TRI-54000,Wonka Bar - Triple Dazzle Caramel,7.5,2,4.9,2.6,Wicked Choccy's,295.0
570,US-2021-104472-CHO-NUT-13000,2024-02-06,2024-11-28,Standard Class,104472,United States,Orem,Utah,84057,Chocolate,Pacific,CHO-NUT-13000,Wonka Bar - Nutty Crunch Surprise,10.47,3,7.47,3.0,Lot's O' Nuts,296.0
571,US-2021-100895-CHO-FUD-51000,2024-02-06,2024-11-27,Standard Class,100895,United States,Roswell,Georgia,30076,Chocolate,Gulf,CHO-FUD-51000,Wonka Bar - Fudge Mallows,7.2,2,4.8,2.4,Lot's O' Nuts,295.0
572,US-2021-100895-CHO-SCR-58000,2024-02-06,2024-11-27,Standard Class,100895,United States,Roswell,Georgia,30076,Chocolate,Gulf,CHO-SCR-58000,Wonka Bar -Scrumdiddlyumptious,10.8,3,7.5,3.3,Lot's O' Nuts,295.0
573,US-2021-163867-CHO-TRI-54000,2024-03-06,2024-11-27,First Class,163867,United States,Decatur,Illinois,62521,Chocolate,Interior,CHO-TRI-54000,Wonka Bar - Triple Dazzle Caramel,26.25,7,17.15,9.1,Wicked Choccy's,266.0
574,US-2021-135657-CHO-SCR-58000,2024-03-06,2024-11-28,Second Class,135657,United States,Seattle,Washington,98115,Chocolate,Pacific,CHO-SCR-58000,Wonka Bar -Scrumdiddlyumptious,21.6,6,15.0,6.6,Lot's O' Nuts,267.0
575,US-2021-141299-CHO-MIL-31000,2024-03-06,2024-11-28,Second Class,141299,United States,Midland,Michigan,48640,Chocolate,Interior,CHO-MIL-31000,Wonka Bar - Milk Chocolate,6.5,2,4.22,2.28,Wicked Choccy's,267.0
576,US-2021-163867-CHO-FUD-51000,2024-03-06,2024-11-27,First Class,163867,United States,Decatur,Illinois,62521,Chocolate,Interior,CHO-FUD-51000,Wonka Bar - Fudge Mallows,14.4,4,9.6,4.8,Lot's O' Nuts,266.0
577,US-2021-163867-CHO-MIL-31000,2024-03-06,2024-11-27,First Class,163867,United States,Decatur,Illinois,62521,Chocolate,Interior,CHO-MIL-31000,Wonka Bar - Milk Chocolate,9.75,3,6.33,3.42,Wicked Choccy's,266.0
578,US-2021-151946-CHO-MIL-31000,2024-04-06,2024-11-30,Standard Class,151946,United States,New York City,New York,10035,Chocolate,Atlantic,CHO-MIL-31000,Wonka Bar - Milk Chocolate,6.5,2,4.22,2.28,Wicked Choccy's,238.0
579,US-2021-151946-CHO-FUD-51000,2024-04-06,2024-11-30,Standard Class,151946,United States,New York City,New York,10035,Chocolate,Atlantic,CHO-FUD-51000,Wonka Bar - Fudge Mallows,7.2,2,4.8,2.4,Lot's O' Nuts,238.0
580,US-2021-151946-CHO-MIL-31000,2024-04-06,2024-11-30,Standard Class,151946,United States,New York City,New York,10035,Chocolate,Atlantic,CHO-MIL-31000,Wonka Bar - Milk Chocolate,6.5,2,4.22,2.28,Wicked Choccy's,238.0
581,US-2021-151946-CHO-TRI-54000,2024-04-06,2024-11-30,Standard Class,151946,United States,New York City,New York,10035,Chocolate,Atlantic,CHO-TRI-54000,Wonka Bar - Triple Dazzle Caramel,15.0,4,9.8,5.2,Wicked Choccy's,238.0
582,US-2021-147914-CHO-FUD-51000,2024-04-06,2024-11-30,Standard Class,147914,United States,Columbus,Ohio,43229,Chocolate,Atlantic,CHO-FUD-51000,Wonka Bar - Fudge Mallows,7.2,2,4.8,2.4,Lot's O' Nuts,238.0
583,US-2021-159520-CHO-NUT-13000,2024-06-06,2024-12-02,Standard Class,159520,United States,Long Beach,New York,11561,Chocolate,Atlantic,CHO-NUT-13000,Wonka Bar - Nutty Crunch Surprise,10.47,3,7.47,3.0,Lot's O' Nuts,179.0
584,US-2021-133270-CHO-SCR-58000,2024-06-06,2024-11-30,First Class,133270,United States,Rochester,New York,14609,Chocolate,Atlantic,CHO-SCR-58000,Wonka Bar -Scrumdiddlyumptious,7.2,2,5.0,2.2,Lot's O' Nuts,177.0
585,US-2021-169257-CHO-SCR-58000,2024-06-06,2024-12-03,Standard Class,169257,United States,Jacksonville,Florida,32216,Chocolate,Gulf,CHO-SCR-58000,Wonka Bar -Scrumdiddlyumptious,3.6,1,2.5,1.1,Lot's O' Nuts,180.0
586,US-2021-161305-CHO-TRI-54000,2024-06-06,2024-12-03,Standard Class,161305,United States,Chicago,Illinois,60623,Chocolate,Interior,CHO-TRI-54000,Wonka Bar - Triple Dazzle Caramel,11.25,3,7.35,3.9,Wicked Choccy's,180.0
587,US-2021-159520-CHO-FUD-51000,2024-06-06,2024-12-02,Standard Class,159520,United States,Long Beach,New York,11561,Chocolate,Atlantic,CHO-FUD-51000,Wonka Bar - Fudge Mallows,32.4,9,21.6,10.8,Lot's O' Nuts,179.0
588,US-2021-161305-CHO-MIL-31000,2024-06-06,2024-12-03,Standard Class,161305,United States,Chicago,Illinois,60623,Chocolate,Interior,CHO-MIL-31000,Wonka Bar - Milk Chocolate,6.5,2,4.22,2.28,Wicked Choccy's,180.0
589,US-2021-151897-CHO-TRI-54000,2024-06-06,2024-12-01,Standard Class,151897,United States,Houston,Texas,77070,Chocolate,Interior,CHO-TRI-54000,Wonka Bar - Triple Dazzle Caramel,37.5,10,24.5,13.0,Wicked Choccy's,178.0
590,US-2021-169257-CHO-TRI-54000,2024-06-06,2024-12-03,Standard Class,169257,United States,Jacksonville,Florida,32216,Chocolate,Gulf,CHO-TRI-54000,Wonka Bar - Triple Dazzle Caramel,7.5,2,4.9,2.6,Wicked Choccy's,180.0
591,US-2021-159520-CHO-MIL-31000,2024-06-06,2024-12-02,Standard Class,159520,United States,Long Beach,New York,11561,Chocolate,Atlantic,CHO-MIL-31000,Wonka Bar - Milk Chocolate,6.5,2,4.22,2.28,Wicked Choccy's,179.0
592,US-2021-106229-CHO-TRI-54000,2024-07-06,2024-12-02,Second Class,106229,United States,Aurora,Illinois,60505,Chocolate,Interior,CHO-TRI-54000,Wonka Bar - Triple Dazzle Caramel,11.25,3,7.35,3.9,Wicked Choccy's,149.0
593,US-2021-134971-CHO-FUD-51000,2024-07-06,2024-12-01,Second Class,134971,United States,Peoria,Illinois,61604,Chocolate,Interior,CHO-FUD-51000,Wonka Bar - Fudge Mallows,10.8,3,7.2,3.6,Lot's O' Nuts,148.0
594,US-2021-109162-CHO-SCR-58000,2024-08-06,2024-12-03,Standard Class,109162,United States,Bristol,Tennessee,37620,Chocolate,Gulf,CHO-SCR-58000,Wonka Bar -Scrumdiddlyumptious,10.8,3,7.5,3.3,Lot's O' Nuts,119.0
595,US-2021-141257-CHO-NUT-13000,2024-08-06,2024-12-05,Standard Class,141257,United States,Seattle,Washington,98115,Chocolate,Pacific,CHO-NUT-13000,Wonka Bar - Nutty Crunch Surprise,10.47,3,7.47,3.0,Lot's O' Nuts,121.0
596,US-2021-108147-CHO-TRI-54000,2024-08-06,2024-12-04,Standard Class,108147,United States,Long Beach,New York,11561,Chocolate,Atlantic,CHO-TRI-54000,Wonka Bar - Triple Dazzle Caramel,7.5,2,4.9,2.6,Wicked Choccy's,120.0
597,US-2021-108147-CHO-TRI-54000,2024-08-06,2024-12-04,Standard Class,108147,United States,Long Beach,New York,11561,Chocolate,Atlantic,CHO-TRI-54000,Wonka Bar - Triple Dazzle Caramel,22.5,6,14.7,7.8,Wicked Choccy's,120.0
598,US-2021-115812-CHO-SCR-58000,2024-09-06,2024-12-05,Standard Class,115812,United States,Los Angeles,California,90032,Chocolate,Pacific,CHO-SCR-58000,Wonka Bar -Scrumdiddlyumptious,25.2,7,17.5,7.7,Lot's O' Nuts,90.0
599,US-2021-160262-CHO-SCR-58000,2024-09-06,2024-12-04,Second Class,160262,United States,North Las Vegas,Nevada,89031,Chocolate,Pacific,CHO-SCR-58000,Wonka Bar -Scrumdiddlyumptious,7.2,2,5.0,2.2,Lot's O' Nuts,89.0
600,US-2021-115812-CHO-SCR-58000,2024-09-06,2024-12-05,Standard Class,115812,United States,Los Angeles,California,90032,Chocolate,Pacific,CHO-SCR-58000,Wonka Bar -Scrumdiddlyumptious,32.4,9,22.5,9.9,Lot's O' Nuts,90.0
601,US-2021-132612-CHO-SCR-58000,2024-09-06,2024-12-02,Second Class,132612,United States,Harrisonburg,Virginia,22801,Chocolate,Gulf,CHO-SCR-58000,Wonka Bar -Scrumdiddlyumptious,25.2,7,17.5,7.7,Lot's O' Nuts,87.0
602,US-2021-115812-CHO-SCR-58000,2024-09-06,2024-12-05,Standard Class,115812,United States,Los Angeles,California,90032,Chocolate,Pacific,CHO-SCR-58000,Wonka Bar -Scrumdiddlyumptious,18.0,5,12.5,5.5,Lot's O' Nuts,90.0
603,US-2021-133753-CHO-SCR-58000,2024-09-06,2024-12-04,Second Class,133753,United States,Huntsville,Texas,77340,Chocolate,Interior,CHO-SCR-58000,Wonka Bar -Scrumdiddlyumptious,7.2,2,5.0,2.2,Lot's O' Nuts,89.0
604,US-2021-160262-CHO-FUD-51000,2024-09-06,2024-12-04,Second Class,160262,United States,North Las Vegas,Nevada,89031,Chocolate,Pacific,CHO-FUD-51000,Wonka Bar - Fudge Mallows,25.2,7,16.8,8.4,Lot's O' Nuts,89.0
605,US-2021-115812-CHO-FUD-51000,2024-09-06,2024-12-05,Standard Class,115812,United States,Los Angeles,California,90032,Chocolate,Pacific,CHO-FUD-51000,Wonka Bar - Fudge Mallows,14.4,4,9.6,4.8,Lot's O' Nuts,90.0
606,US-2021-133851-CHO-MIL-31000,2024-09-06,2024-12-07,Standard Class,133851,United States,San Francisco,California,94122,Chocolate,Pacific,CHO-MIL-31000,Wonka Bar - Milk Chocolate,6.5,2,4.22,2.28,Wicked Choccy's,92.0
607,US-2021-115812-CHO-TRI-54000,2024-09-06,2024-12-05,Standard Class,115812,United States,Los Angeles,California,90032,Chocolate,Pacific,CHO-TRI-54000,Wonka Bar - Triple Dazzle Caramel,11.25,3,7.35,3.9,Wicked Choccy's,90.0
608,US-2021-160262-CHO-MIL-31000,2024-09-06,2024-12-04,Second Class,160262,United States,North Las Vegas,Nevada,89031,Chocolate,Pacific,CHO-MIL-31000,Wonka Bar - Milk Chocolate,9.75,3,6.33,3.42,Wicked Choccy's,89.0
609,US-2021-133851-CHO-SCR-58000,2024-09-06,2024-12-07,Standard Class,133851,United States,San Francisco,California,94122,Chocolate,Pacific,CHO-SCR-58000,Wonka Bar -Scrumdiddlyumptious,7.2,2,5.0,2.2,Lot's O' Nuts,92.0
610,US-2021-133753-CHO-NUT-13000,2024-09-06,2024-12-04,Second Class,133753,United States,Huntsville,Texas,77340,Chocolate,Interior,CHO-NUT-13000,Wonka Bar - Nutty Crunch Surprise,6.98,2,4.98,2.0,Lot's O' Nuts,89.0
611,US-2021-133753-CHO-SCR-58000,2024-09-06,2024-12-04,Second Class,133753,United States,Huntsville,Texas,77340,Chocolate,Interior,CHO-SCR-58000,Wonka Bar -Scrumdiddlyumptious,3.6,1,2.5,1.1,Lot's O' Nuts,89.0
612,US-2021-115812-CHO-MIL-31000,2024-09-06,2024-12-05,Standard Class,115812,United States,Los Angeles,California,90032,Chocolate,Pacific,CHO-MIL-31000,Wonka Bar - Milk Chocolate,13.0,4,8.44,4.56,Wicked Choccy's,90.0
613,US-2021-115812-CHO-TRI-54000,2024-09-06,2024-12-05,Standard Class,115812,United States,Los Angeles,California,90032,Chocolate,Pacific,CHO-TRI-54000,Wonka Bar - Triple Dazzle Caramel,22.5,6,14.7,7.8,Wicked Choccy's,90.0
614,US-2021-144281-CHO-FUD-51000,2024-10-06,2024-12-06,Second Class,144281,United States,Detroit,Michigan,48234,Chocolate,Interior,CHO-FUD-51000,Wonka Bar - Fudge Mallows,18.0,5,12.0,6.0,Lot's O' Nuts,61.0
693,US-2021-160773-CHO-MIL-31000,2024-01-07,2024-12-26,Standard Class,160773,United States,Deltona,Florida,32725,Chocolate,Gulf,CHO-MIL-31000,Wonka Bar - Milk Chocolate,19.5,6,12.66,6.84,Wicked Choccy's,354.0
694,US-2021-153150-CHO-FUD-51000,2024-01-07,2024-12-27,Second Class,153150,United States,Seattle,Washington,98105,Chocolate,Pacific,CHO-FUD-51000,Wonka Bar - Fudge Mallows,18.0,5,12.0,6.0,Lot's O' Nuts,355.0
695,US-2021-160773-CHO-TRI-54000,2024-01-07,2024-12-26,Standard Class,160773,United States,Deltona,Florida,32725,Chocolate,Gulf,CHO-TRI-54000,Wonka Bar - Triple Dazzle Caramel,7.5,2,4.9,2.6,Wicked Choccy's,354.0
696,US-2021-107594-CHO-SCR-58000,2024-02-07,2024-12-27,Standard Class,107594,United States,Plainfield,New Jersey,7060,Chocolate,Atlantic,CHO-SCR-58000,Wonka Bar -Scrumdiddlyumptious,3.6,1,2.5,1.1,Lot's O' Nuts,324.0
697,US-2021-107594-CHO-SCR-58000,2024-02-07,2024-12-27,Standard Class,107594,United States,Plainfield,New Jersey,7060,Chocolate,Atlantic,CHO-SCR-58000,Wonka Bar -Scrumdiddlyumptious,7.2,2,5.0,2.2,Lot's O' Nuts,324.0
698,US-2021-120096-CHO-NUT-13000,2024-04-07,2024-12-28,First Class,120096,United States,Aurora,Colorado,80013,Chocolate,Pacific,CHO-NUT-13000,Wonka Bar - Nutty Crunch Surprise,6.98,2,4.98,2.0,Lot's O' Nuts,265.0
699,US-2021-138709-CHO-MIL-31000,2024-04-07,2024-12-30,Standard Class,138709,United States,Richmond,Virginia,23223,Chocolate,Gulf,CHO-MIL-31000,Wonka Bar - Milk Chocolate,16.25,5,10.55,5.7,Wicked Choccy's,267.0
700,US-2021-120096-CHO-TRI-54000,2024-04-07,2024-12-28,First Class,120096,United States,Aurora,Colorado,80013,Chocolate,Pacific,CHO-TRI-54000,Wonka Bar - Triple Dazzle Caramel,15.0,4,9.8,5.2,Wicked Choccy's,265.0
701,US-2021-138709-CHO-MIL-31000,2024-04-07,2024-12-30,Standard Class,138709,United States,Richmond,Virginia,23223,Chocolate,Gulf,CHO-MIL-31000,Wonka Bar - Milk Chocolate,9.75,3,6.33,3.42,Wicked Choccy's,267.0
702,US-2021-103317-CHO-TRI-54000,2024-05-07,2024-12-29,First Class,103317,United States,Palm Coast,Florida,32137,Chocolate,Gulf,CHO-TRI-54000,Wonka Bar - Triple Dazzle Caramel,7.5,2,4.9,2.6,Wicked Choccy's,236.0
703,US-2021-103317-CHO-FUD-51000,2024-05-07,2024-12-29,First Class,103317,United States,Palm Coast,Florida,32137,Chocolate,Gulf,CHO-FUD-51000,Wonka Bar - Fudge Mallows,10.8,3,7.2,3.6,Lot's O' Nuts,236.0
704,US-2021-152849-CHO-FUD-51000,2024-05-07,2025-01-02,Standard Class,152849,United States,Knoxville,Tennessee,37918,Chocolate,Gulf,CHO-FUD-51000,Wonka Bar - Fudge Mallows,10.8,3,7.2,3.6,Lot's O' Nuts,240.0
705,US-2021-107139-CHO-TRI-54000,2024-05-07,2025-01-01,Standard Class,107139,United States,Los Angeles,California,90004,Chocolate,Pacific,CHO-TRI-54000,Wonka Bar - Triple Dazzle Caramel,22.5,6,14.7,7.8,Wicked Choccy's,239.0
706,US-2021-103317-OTH-KAZ-38000,2024-05-07,2024-12-29,First Class,103317,United States,Palm Coast,Florida,32137,Other,Gulf,OTH-KAZ-38000,Kazookles,16.25,5,1.25,15.0,Secret Factory,236.0
707,US-2021-157784-CHO-NUT-13000,2024-05-07,2024-12-29,First Class,157784,United States,Jackson,Mississippi,39212,Chocolate,Gulf,CHO-NUT-13000,Wonka Bar - Nutty Crunch Surprise,6.98,2,4.98,2.0,Lot's O' Nuts,236.0
708,US-2021-157784-CHO-MIL-31000,2024-05-07,2024-12-29,First Class,157784,United States,Jackson,Mississippi,39212,Chocolate,Gulf,CHO-MIL-31000,Wonka Bar - Milk Chocolate,9.75,3,6.33,3.42,Wicked Choccy's,236.0
709,US-2021-160444-CHO-FUD-51000,2024-05-07,2024-12-26,Same Day,160444,United States,Houston,Texas,77036,Chocolate,Interior,CHO-FUD-51000,Wonka Bar - Fudge Mallows,39.6,11,26.4,13.2,Lot's O' Nuts,233.0
710,US-2021-160444-CHO-MIL-31000,2024-05-07,2024-12-26,Same Day,160444,United States,Houston,Texas,77036,Chocolate,Interior,CHO-MIL-31000,Wonka Bar - Milk Chocolate,9.75,3,6.33,3.42,Wicked Choccy's,233.0
711,US-2021-157784-CHO-NUT-13000,2024-05-07,2024-12-29,First Class,157784,United States,Jackson,Mississippi,39212,Chocolate,Gulf,CHO-NUT-13000,Wonka Bar - Nutty Crunch Surprise,10.47,3,7.47,3.0,Lot's O' Nuts,236.0
712,US-2021-147543-CHO-NUT-13000,2024-06-07,2025-01-02,Standard Class,147543,United States,El Cajon,California,92020,Chocolate,Pacific,CHO-NUT-13000,Wonka Bar - Nutty Crunch Surprise,6.98,2,4.98,2.0,Lot's O' Nuts,209.0
713,US-2021-134278-CHO-SCR-58000,2024-06-07,2024-12-29,First Class,134278,United States,New York City,New York,10011,Chocolate,Atlantic,CHO-SCR-58000,Wonka Bar -Scrumdiddlyumptious,3.6,1,2.5,1.1,Lot's O' Nuts,205.0
714,US-2021-138758-CHO-NUT-13000,2024-07-07,2025-01-01,Standard Class,138758,United States,Philadelphia,Pennsylvania,19120,Chocolate,Atlantic,CHO-NUT-13000,Wonka Bar - Nutty Crunch Surprise,6.98,2,4.98,2.0,Lot's O' Nuts,178.0
715,US-2021-138758-CHO-FUD-51000,2024-07-07,2025-01-01,Standard Class,138758,United States,Philadelphia,Pennsylvania,19120,Chocolate,Atlantic,CHO-FUD-51000,Wonka Bar - Fudge Mallows,7.2,2,4.8,2.4,Lot's O' Nuts,178.0
716,US-2021-150301-CHO-SCR-58000,2024-08-07,2024-12-31,First Class,150301,United States,Buffalo,New York,14215,Chocolate,Atlantic,CHO-SCR-58000,Wonka Bar -Scrumdiddlyumptious,3.6,1,2.5,1.1,Lot's O' Nuts,146.0
717,US-2021-100090-CHO-MIL-31000,2024-08-07,2025-01-02,Standard Class,100090,United States,San Francisco,California,94122,Chocolate,Pacific,CHO-MIL-31000,Wonka Bar - Milk Chocolate,9.75,3,6.33,3.42,Wicked Choccy's,148.0
718,US-2021-100090-CHO-MIL-31000,2024-08-07,2025-01-02,Standard Class,100090,United States,San Francisco,California,94122,Chocolate,Pacific,CHO-MIL-31000,Wonka Bar - Milk Chocolate,19.5,6,12.66,6.84,Wicked Choccy's,148.0
719,US-2021-113271-CHO-FUD-51000,2024-09-07,2025-01-04,Standard Class,113271,United States,San Francisco,California,94122,Chocolate,Pacific,CHO-FUD-51000,Wonka Bar - Fudge Mallows,3.6,1,2.4,1.2,Lot's O' Nuts,119.0
720,US-2021-113271-CHO-FUD-51000,2024-09-07,2025-01-04,Standard Class,113271,United States,San Francisco,California,94122,Chocolate,Pacific,CHO-FUD-51000,Wonka Bar - Fudge Mallows,7.2,2,4.8,2.4,Lot's O' Nuts,119.0
721,US-2021-113271-CHO-TRI-54000,2024-09-07,2025-01-04,Standard Class,113271,United States,San Francisco,California,94122,Chocolate,Pacific,CHO-TRI-54000,Wonka Bar - Triple Dazzle Caramel,22.5,6,14.7,7.8,Wicked Choccy's,119.0
722,US-2021-114125-CHO-MIL-31000,2024-09-07,2025-01-03,Standard Class,114125,United States,Los Angeles,California,90049,Chocolate,Pacific,CHO-MIL-31000,Wonka Bar - Milk Chocolate,19.5,6,12.66,6.84,Wicked Choccy's,118.0
723,US-2021-114125-CHO-SCR-58000,2024-09-07,2025-01-03,Standard Class,114125,United States,Los Angeles,California,90049,Chocolate,Pacific,CHO-SCR-58000,Wonka Bar -Scrumdiddlyumptious,3.6,1,2.5,1.1,Lot's O' Nuts,118.0
724,US-2021-165379-CHO-TRI-54000,2024-09-07,2025-01-05,Standard Class,165379,United States,Dallas,Texas,75217,Chocolate,Interior,CHO-TRI-54000,Wonka Bar - Triple Dazzle Caramel,11.25,3,7.35,3.9,Wicked Choccy's,120.0
725,US-2021-113271-CHO-TRI-54000,2024-09-07,2025-01-04,Standard Class,113271,United States,San Francisco,California,94122,Chocolate,Pacific,CHO-TRI-54000,Wonka Bar - Triple Dazzle Caramel,18.75,5,12.25,6.5,Wicked Choccy's,119.0
726,US-2021-165379-CHO-TRI-54000,2024-09-07,2025-01-05,Standard Class,165379,United States,Dallas,Texas,75217,Chocolate,Interior,CHO-TRI-54000,Wonka Bar - Triple Dazzle Caramel,7.5,2,4.9,2.6,Wicked Choccy's,120.0
727,US-2021-114125-CHO-MIL-31000,2024-09-07,2025-01-03,Standard Class,114125,United States,Los Angeles,California,90049,Chocolate,Pacific,CHO-MIL-31000,Wonka Bar - Milk Chocolate,13.0,4,8.44,4.56,Wicked Choccy's,118.0
728,US-2021-163552-CHO-FUD-51000,2024-11-07,2025-01-05,Standard Class,163552,United States,Hackensack,New Jersey,7601,Chocolate,Atlantic,CHO-FUD-51000,Wonka Bar - Fudge Mallows,10.8,3,7.2,3.6,Lot's O' Nuts,59.0
729,US-2021-163552-CHO-SCR-58000,2024-11-07,2025-01-05,Standard Class,163552,United States,Hackensack,New Jersey,7601,Chocolate,Atlantic,CHO-SCR-58000,Wonka Bar -Scrumdiddlyumptious,32.4,9,22.5,9.9,Lot's O' Nuts,59.0
730,US-2021-133305-CHO-MIL-31000,2024-11-07,2025-01-05,Standard Class,133305,United States,New York City,New York,10011,Chocolate,Atlantic,CHO-MIL-31000,Wonka Bar - Milk Chocolate,16.25,5,10.55,5.7,Wicked Choccy's,59.0
731,US-2021-163552-CHO-SCR-58000,2024-11-07,2025-01-05,Standard Class,163552,United States,Hackensack,New Jersey,7601,Chocolate,Atlantic,CHO-SCR-58000,Wonka Bar -Scrumdiddlyumptious,18.0,5,12.5,5.5,Lot's O' Nuts,59.0
732,US-2021-163552-CHO-FUD-51000,2024-11-07,2025-01-05,Standard Class,163552,United States,Hackensack,New Jersey,7601,Chocolate,Atlantic,CHO-FUD-51000,Wonka Bar - Fudge Mallows,18.0,5,12.0,6.0,Lot's O' Nuts,59.0
733,US-2021-123225-CHO-NUT-13000,2024-11-07,2025-01-04,First Class,123225,United States,El Paso,Texas,79907,Chocolate,Interior,CHO-NUT-13000,Wonka Bar - Nutty Crunch Surprise,6.98,2,4.98,2.0,Lot's O' Nuts,58.0
734,US-2021-133305-CHO-NUT-13000,2024-11-07,2025-01-05,Standard Class,133305,United States,New York City,New York,10011,Chocolate,Atlantic,CHO-NUT-13000,Wonka Bar - Nutty Crunch Surprise,13.96,4,9.96,4.0,Lot's O' Nuts,59.0
735,US-2021-123225-CHO-MIL-31000,2024-11-07,2025-01-04,First Class,123225,United States,El Paso,Texas,79907,Chocolate,Interior,CHO-MIL-31000,Wonka Bar - Milk Chocolate,13.0,4,8.44,4.56,Wicked Choccy's,58.0
736,US-2021-163552-CHO-SCR-58000,2024-11-07,2025-01-05,Standard Class,163552,United States,Hackensack,New Jersey,7601,Chocolate,Atlantic,CHO-SCR-58000,Wonka Bar -Scrumdiddlyumptious,10.8,3,7.5,3.3,Lot's O' Nuts,59.0
737,US-2021-166555-CHO-TRI-54000,2024-11-07,2025-01-04,First Class,166555,United States,Niagara Falls,New York,14304,Chocolate,Atlantic,CHO-TRI-54000,Wonka Bar - Triple Dazzle Caramel,11.25,3,7.35,3.9,Wicked Choccy's,58.0
738,US-2021-131310-CHO-FUD-51000,2024-12-07,2025-01-08,Standard Class,131310,United States,Seattle,Washington,98115,Chocolate,Pacific,CHO-FUD-51000,Wonka Bar - Fudge Mallows,14.4,4,9.6,4.8,Lot's O' Nuts,32.0
739,US-2021-161508-CHO-SCR-58000,2024-12-07,2025-01-06,Standard Class,161508,United States,League City,Texas,77573,Chocolate,Interior,CHO-SCR-58000,Wonka Bar -Scrumdiddlyumptious,10.8,3,7.5,3.3,Lot's O' Nuts,30.0
740,US-2021-129924-CHO-FUD-51000,2024-12-07,2025-01-07,Standard Class,129924,United States,San Francisco,California,94122,Chocolate,Pacific,CHO-FUD-51000,Wonka Bar - Fudge Mallows,10.8,3,7.2,3.6,Lot's O' Nuts,31.0
741,US-2021-161508-CHO-SCR-58000,2024-12-07,2025-01-06,Standard Class,161508,United States,League City,Texas,77573,Chocolate,Interior,CHO-SCR-58000,Wonka Bar -Scrumdiddlyumptious,25.2,7,17.5,7.7,Lot's O' Nuts,30.0
742,US-2021-131310-CHO-MIL-31000,2024-12-07,2025-01-08,Standard Class,131310,United States,Seattle,Washington,98115,Chocolate,Pacific,CHO-MIL-31000,Wonka Bar - Milk Chocolate,13.0,4,8.44,4.56,Wicked Choccy's,32.0
743,US-2021-129924-CHO-FUD-51000,2024-12-07,2025-01-07,Standard Class,129924,United States,San Francisco,California,94122,Chocolate,Pacific,CHO-FUD-51000,Wonka Bar - Fudge Mallows,7.2,2,4.8,2.4,Lot's O' Nuts,31.0
744,US-2021-161508-CHO-NUT-13000,2024-12-07,2025-01-06,Standard Class,161508,United States,League City,Texas,77573,Chocolate,Interior,CHO-NUT-13000,Wonka Bar - Nutty Crunch Surprise,6.98,2,4.98,2.0,Lot's O' Nuts,30.0
745,US-2021-124807-CHO-TRI-54000,2024-12-07,2025-01-05,Second Class,124807,United States,Chicago,Illinois,60610,Chocolate,Interior,CHO-TRI-54000,Wonka Bar - Triple Dazzle Caramel,33.75,9,22.05,11.7,Wicked Choccy's,29.0
746,US-2021-161508-CHO-FUD-51000,2024-12-07,2025-01-06,Standard Class,161508,United States,League City,Texas,77573,Chocolate,Interior,CHO-FUD-51000,Wonka Bar - Fudge Mallows,10.8,3,7.2,3.6,Lot's O' Nuts,30.0
747,US-2021-110184-CHO-FUD-51000,2024-12-07,2025-01-06,Standard Class,110184,United States,Los Angeles,California,90036,Chocolate,Pacific,CHO-FUD-51000,Wonka Bar - Fudge Mallows,32.4,9,21.6,10.8,Lot's O' Nuts,30.0
748,US-2021-124807-CHO-FUD-51000,2024-12-07,2025-01-05,Second Class,124807,United States,Chicago,Illinois,60610,Chocolate,Interior,CHO-FUD-51000,Wonka Bar - Fudge Mallows,14.4,4,9.6,4.8,Lot's O' Nuts,29.0
749,US-2021-110184-CHO-FUD-51000,2024-12-07,2025-01-06,Standard Class,110184,United States,Los Angeles,California,90036,Chocolate,Pacific,CHO-FUD-51000,Wonka Bar - Fudge Mallows,28.8,8,19.2,9.6,Lot's O' Nuts,30.0
836,US-2021-117345-CHO-SCR-58000,2024-01-08,2024-01-26,Standard Class,117345,United States,Charlotte,North Carolina,28205,Chocolate,Gulf,CHO-SCR-58000,Wonka Bar -Scrumdiddlyumptious,14.4,4,10.0,4.4,Lot's O' Nuts,18.0
837,US-2021-117345-CHO-TRI-54000,2024-01-08,2024-01-26,Standard Class,117345,United States,Charlotte,North Carolina,28205,Chocolate,Gulf,CHO-TRI-54000,Wonka Bar - Triple Dazzle Caramel,3.75,1,2.45,1.3,Wicked Choccy's,18.0
838,US-2021-152296-CHO-SCR-58000,2024-01-08,2024-01-24,First Class,152296,United States,San Francisco,California,94122,Chocolate,Pacific,CHO-SCR-58000,Wonka Bar -Scrumdiddlyumptious,10.8,3,7.5,3.3,Lot's O' Nuts,16.0
839,US-2021-162684-CHO-FUD-51000,2024-01-08,2024-01-27,Standard Class,162684,United States,Philadelphia,Pennsylvania,19120,Chocolate,Atlantic,CHO-FUD-51000,Wonka Bar - Fudge Mallows,7.2,2,4.8,2.4,Lot's O' Nuts,19.0
840,US-2021-117345-CHO-SCR-58000,2024-01-08,2024-01-26,Standard Class,117345,United States,Charlotte,North Carolina,28205,Chocolate,Gulf,CHO-SCR-58000,Wonka Bar -Scrumdiddlyumptious,10.8,3,7.5,3.3,Lot's O' Nuts,18.0
841,US-2021-117345-CHO-FUD-51000,2024-01-08,2024-01-26,Standard Class,117345,United States,Charlotte,North Carolina,28205,Chocolate,Gulf,CHO-FUD-51000,Wonka Bar - Fudge Mallows,7.2,2,4.8,2.4,Lot's O' Nuts,18.0
842,US-2021-106299-CHO-TRI-54000,2024-02-08,2025-01-29,Standard Class,106299,United States,Springfield,Missouri,65807,Chocolate,Interior,CHO-TRI-54000,Wonka Bar - Triple Dazzle Caramel,18.75,5,12.25,6.5,Wicked Choccy's,356.0
843,US-2021-106299-CHO-SCR-58000,2024-02-08,2025-01-29,Standard Class,106299,United States,Springfield,Missouri,65807,Chocolate,Interior,CHO-SCR-58000,Wonka Bar -Scrumdiddlyumptious,7.2,2,5.0,2.2,Lot's O' Nuts,356.0
844,US-2021-106299-CHO-MIL-31000,2024-02-08,2025-01-29,Standard Class,106299,United States,Springfield,Missouri,65807,Chocolate,Interior,CHO-MIL-31000,Wonka Bar - Milk Chocolate,6.5,2,4.22,2.28,Wicked Choccy's,356.0
845,US-2021-133690-CHO-MIL-31000,2024-03-08,2025-01-26,First Class,133690,United States,Denver,Colorado,80219,Chocolate,Pacific,CHO-MIL-31000,Wonka Bar - Milk Chocolate,6.5,2,4.22,2.28,Wicked Choccy's,324.0
846,US-2021-133690-CHO-MIL-31000,2024-03-08,2025-01-26,First Class,133690,United States,Denver,Colorado,80219,Chocolate,Pacific,CHO-MIL-31000,Wonka Bar - Milk Chocolate,3.25,1,2.11,1.14,Wicked Choccy's,324.0
847,US-2021-125612-CHO-SCR-58000,2024-03-08,2025-01-29,Standard Class,125612,United States,New York City,New York,10035,Chocolate,Atlantic,CHO-SCR-58000,Wonka Bar -Scrumdiddlyumptious,7.2,2,5.0,2.2,Lot's O' Nuts,327.0
848,US-2021-128986-CHO-NUT-13000,2024-03-08,2025-01-26,Second Class,128986,United States,Glendale,Arizona,85301,Chocolate,Pacific,CHO-NUT-13000,Wonka Bar - Nutty Crunch Surprise,10.47,3,7.47,3.0,Lot's O' Nuts,324.0
849,US-2021-125612-CHO-FUD-51000,2024-03-08,2025-01-29,Standard Class,125612,United States,New York City,New York,10035,Chocolate,Atlantic,CHO-FUD-51000,Wonka Bar - Fudge Mallows,7.2,2,4.8,2.4,Lot's O' Nuts,327.0
850,US-2021-125612-CHO-FUD-51000,2024-03-08,2025-01-29,Standard Class,125612,United States,New York City,New York,10035,Chocolate,Atlantic,CHO-FUD-51000,Wonka Bar - Fudge Mallows,36.0,10,24.0,12.0,Lot's O' Nuts,327.0
851,US-2021-134215-CHO-MIL-31000,2024-04-08,2025-01-29,Standard Class,134215,United States,Bangor,Maine,4401,Chocolate,Atlantic,CHO-MIL-31000,Wonka Bar - Milk Chocolate,6.5,2,4.22,2.28,Wicked Choccy's,296.0
852,US-2021-126361-CHO-NUT-13000,2024-04-08,2025-01-30,Second Class,126361,United States,Pleasant Grove,Utah,84062,Chocolate,Pacific,CHO-NUT-13000,Wonka Bar - Nutty Crunch Surprise,10.47,3,7.47,3.0,Lot's O' Nuts,297.0
853,US-2021-126361-CHO-SCR-58000,2024-04-08,2025-01-30,Second Class,126361,United States,Pleasant Grove,Utah,84062,Chocolate,Pacific,CHO-SCR-58000,Wonka Bar -Scrumdiddlyumptious,18.0,5,12.5,5.5,Lot's O' Nuts,297.0
854,US-2021-126361-CHO-TRI-54000,2024-04-08,2025-01-30,Second Class,126361,United States,Pleasant Grove,Utah,84062,Chocolate,Pacific,CHO-TRI-54000,Wonka Bar - Triple Dazzle Caramel,3.75,1,2.45,1.3,Wicked Choccy's,297.0
855,US-2021-126361-CHO-SCR-58000,2024-04-08,2025-01-30,Second Class,126361,United States,Pleasant Grove,Utah,84062,Chocolate,Pacific,CHO-SCR-58000,Wonka Bar -Scrumdiddlyumptious,28.8,8,20.0,8.8,Lot's O' Nuts,297.0
856,US-2021-134215-CHO-TRI-54000,2024-04-08,2025-01-29,Standard Class,134215,United States,Bangor,Maine,4401,Chocolate,Atlantic,CHO-TRI-54000,Wonka Bar - Triple Dazzle Caramel,48.75,13,31.85,16.9,Wicked Choccy's,296.0
857,US-2021-126361-CHO-FUD-51000,2024-04-08,2025-01-30,Second Class,126361,United States,Pleasant Grove,Utah,84062,Chocolate,Pacific,CHO-FUD-51000,Wonka Bar - Fudge Mallows,18.0,5,12.0,6.0,Lot's O' Nuts,297.0
858,US-2021-134215-CHO-FUD-51000,2024-04-08,2025-01-29,Standard Class,134215,United States,Bangor,Maine,4401,Chocolate,Atlantic,CHO-FUD-51000,Wonka Bar - Fudge Mallows,32.4,9,21.6,10.8,Lot's O' Nuts,296.0
859,US-2021-126361-CHO-MIL-31000,2024-04-08,2025-01-30,Second Class,126361,United States,Pleasant Grove,Utah,84062,Chocolate,Pacific,CHO-MIL-31000,Wonka Bar - Milk Chocolate,16.25,5,10.55,5.7,Wicked Choccy's,297.0
860,US-2021-117968-CHO-SCR-58000,2024-05-08,2025-01-28,Second Class,117968,United States,Meriden,Connecticut,6450,Chocolate,Atlantic,CHO-SCR-58000,Wonka Bar -Scrumdiddlyumptious,18.0,5,12.5,5.5,Lot's O' Nuts,265.0
861,US-2021-118962-CHO-MIL-31000,2024-05-08,2025-01-30,Standard Class,118962,United States,Los Angeles,California,90004,Chocolate,Pacific,CHO-MIL-31000,Wonka Bar - Milk Chocolate,22.75,7,14.77,7.98,Wicked Choccy's,267.0
862,US-2021-124723-CHO-FUD-51000,2024-05-08,2025-02-02,Standard Class,124723,United States,Texas City,Texas,77590,Chocolate,Interior,CHO-FUD-51000,Wonka Bar - Fudge Mallows,7.2,2,4.8,2.4,Lot's O' Nuts,270.0
863,US-2021-117968-CHO-TRI-54000,2024-05-08,2025-01-28,Second Class,117968,United States,Meriden,Connecticut,6450,Chocolate,Atlantic,CHO-TRI-54000,Wonka Bar - Triple Dazzle Caramel,11.25,3,7.35,3.9,Wicked Choccy's,265.0
864,US-2021-117968-OTH-KAZ-38000,2024-05-08,2025-01-28,Second Class,117968,United States,Meriden,Connecticut,6450,Other,Atlantic,OTH-KAZ-38000,Kazookles,6.5,2,0.5,6.0,Secret Factory,265.0
865,US-2021-110065-OTH-KAZ-38000,2024-05-08,2025-02-01,Standard Class,110065,United States,New York City,New York,10009,Other,Atlantic,OTH-KAZ-38000,Kazookles,22.75,7,1.75,21.0,Secret Factory,269.0
866,US-2021-150490-CHO-SCR-58000,2024-05-08,2025-02-01,Standard Class,150490,United States,San Francisco,California,94122,Chocolate,Pacific,CHO-SCR-58000,Wonka Bar -Scrumdiddlyumptious,7.2,2,5.0,2.2,Lot's O' Nuts,269.0
867,US-2021-118962-CHO-FUD-51000,2024-05-08,2025-01-30,Standard Class,118962,United States,Los Angeles,California,90004,Chocolate,Pacific,CHO-FUD-51000,Wonka Bar - Fudge Mallows,10.8,3,7.2,3.6,Lot's O' Nuts,267.0
868,US-2021-118962-CHO-MIL-31000,2024-05-08,2025-01-30,Standard Class,118962,United States,Los Angeles,California,90004,Chocolate,Pacific,CHO-MIL-31000,Wonka Bar - Milk Chocolate,6.5,2,4.22,2.28,Wicked Choccy's,267.0
869,US-2021-150490-CHO-FUD-51000,2024-05-08,2025-02-01,Standard Class,150490,United States,San Francisco,California,94122,Chocolate,Pacific,CHO-FUD-51000,Wonka Bar - Fudge Mallows,7.2,2,4.8,2.4,Lot's O' Nuts,269.0
870,US-2021-150490-CHO-NUT-13000,2024-05-08,2025-02-01,Standard Class,150490,United States,San Francisco,California,94122,Chocolate,Pacific,CHO-NUT-13000,Wonka Bar - Nutty Crunch Surprise,3.49,1,2.49,1.0,Lot's O' Nuts,269.0
871,US-2021-110065-CHO-FUD-51000,2024-05-08,2025-02-01,Standard Class,110065,United States,New York City,New York,10009,Chocolate,Atlantic,CHO-FUD-51000,Wonka Bar - Fudge Mallows,3.6,1,2.4,1.2,Lot's O' Nuts,269.0
872,US-2021-115357-CHO-NUT-13000,2024-06-08,2025-02-01,Second Class,115357,United States,Columbia,South Carolina,29203,Chocolate,Gulf,CHO-NUT-13000,Wonka Bar - Nutty Crunch Surprise,10.47,3,7.47,3.0,Lot's O' Nuts,238.0
873,US-2021-137575-CHO-NUT-13000,2024-06-08,2025-02-01,Standard Class,137575,United States,New York City,New York,10035,Chocolate,Atlantic,CHO-NUT-13000,Wonka Bar - Nutty Crunch Surprise,6.98,2,4.98,2.0,Lot's O' Nuts,238.0
874,US-2021-156790-CHO-MIL-31000,2024-08-08,2025-01-31,Second Class,156790,United States,Jacksonville,Florida,32216,Chocolate,Gulf,CHO-MIL-31000,Wonka Bar - Milk Chocolate,13.0,4,8.44,4.56,Wicked Choccy's,176.0
875,US-2021-151708-CHO-NUT-13000,2024-08-08,2025-02-04,Standard Class,151708,United States,Glendale,Arizona,85301,Chocolate,Pacific,CHO-NUT-13000,Wonka Bar - Nutty Crunch Surprise,13.96,4,9.96,4.0,Lot's O' Nuts,180.0
876,US-2021-131450-CHO-MIL-31000,2024-08-08,2025-02-05,Standard Class,131450,United States,San Diego,California,92024,Chocolate,Pacific,CHO-MIL-31000,Wonka Bar - Milk Chocolate,26.0,8,16.88,9.12,Wicked Choccy's,181.0
877,US-2021-124478-CHO-FUD-51000,2024-08-08,2025-02-02,Standard Class,124478,United States,Trenton,Michigan,48183,Chocolate,Interior,CHO-FUD-51000,Wonka Bar - Fudge Mallows,21.6,6,14.4,7.2,Lot's O' Nuts,178.0
878,US-2021-124478-OTH-LIC-15000,2024-08-08,2025-02-02,Standard Class,124478,United States,Trenton,Michigan,48183,Other,Interior,OTH-LIC-15000,Lickable Wallpaper,60.0,3,30.0,30.0,Secret Factory,178.0
879,US-2021-131450-CHO-TRI-54000,2024-08-08,2025-02-05,Standard Class,131450,United States,San Diego,California,92024,Chocolate,Pacific,CHO-TRI-54000,Wonka Bar - Triple Dazzle Caramel,7.5,2,4.9,2.6,Wicked Choccy's,181.0
880,US-2021-124478-CHO-FUD-51000,2024-08-08,2025-02-02,Standard Class,124478,United States,Trenton,Michigan,48183,Chocolate,Interior,CHO-FUD-51000,Wonka Bar - Fudge Mallows,10.8,3,7.2,3.6,Lot's O' Nuts,178.0
881,US-2021-154669-CHO-MIL-31000,2024-08-08,2025-02-01,Second Class,154669,United States,Vacaville,California,95687,Chocolate,Pacific,CHO-MIL-31000,Wonka Bar - Milk Chocolate,35.75,11,23.21,12.54,Wicked Choccy's,177.0
882,US-2021-151708-CHO-TRI-54000,2024-08-08,2025-02-04,Standard Class,151708,United States,Glendale,Arizona,85301,Chocolate,Pacific,CHO-TRI-54000,Wonka Bar - Triple Dazzle Caramel,11.25,3,7.35,3.9,Wicked Choccy's,180.0
883,US-2021-124478-CHO-SCR-58000,2024-08-08,2025-02-02,Standard Class,124478,United States,Trenton,Michigan,48183,Chocolate,Interior,CHO-SCR-58000,Wonka Bar -Scrumdiddlyumptious,3.6,1,2.5,1.1,Lot's O' Nuts,178.0
884,US-2021-131450-CHO-MIL-31000,2024-08-08,2025-02-05,Standard Class,131450,United States,San Diego,California,92024,Chocolate,Pacific,CHO-MIL-31000,Wonka Bar - Milk Chocolate,9.75,3,6.33,3.42,Wicked Choccy's,181.0
885,US-2021-124478-CHO-MIL-31000,2024-08-08,2025-02-02,Standard Class,124478,United States,Trenton,Michigan,48183,Chocolate,Interior,CHO-MIL-31000,Wonka Bar - Milk Chocolate,6.5,2,4.22,2.28,Wicked Choccy's,178.0
886,US-2021-131450-CHO-FUD-51000,2024-08-08,2025-02-05,Standard Class,131450,United States,San Diego,California,92024,Chocolate,Pacific,CHO-FUD-51000,Wonka Bar - Fudge Mallows,18.0,5,12.0,6.0,Lot's O' Nuts,181.0
887,CA-2021-129322-CHO-FUD-51000,2024-08-08,2025-01-31,Second Class,129322,Canada,Toronto,Ontario,M5H,Chocolate,Atlantic,CHO-FUD-51000,Wonka Bar - Fudge Mallows,7.2,2,4.8,2.4,Lot's O' Nuts,176.0
888,CA-2021-129322-CHO-SCR-58000,2024-08-08,2025-01-31,Second Class,129322,Canada,Toronto,Ontario,M5H,Chocolate,Atlantic,CHO-SCR-58000,Wonka Bar -Scrumdiddlyumptious,7.2,2,5.0,2.2,Lot's O' Nuts,176.0
889,CA-2021-129322-CHO-TRI-54000,2024-08-08,2025-01-31,Second Class,129322,Canada,Toronto,Ontario,M5H,Chocolate,Atlantic,CHO-TRI-54000,Wonka Bar - Triple Dazzle Caramel,26.25,7,17.15,9.1,Wicked Choccy's,176.0
890,US-2021-161249-CHO-TRI-54000,2024-09-08,2025-02-03,Standard Class,161249,United States,Phoenix,Arizona,85023,Chocolate,Pacific,CHO-TRI-54000,Wonka Bar - Triple Dazzle Caramel,18.75,5,12.25,6.5,Wicked Choccy's,148.0
891,US-2021-169726-CHO-NUT-13000,2024-09-08,2025-02-03,Standard Class,169726,United States,Seattle,Washington,98103,Chocolate,Pacific,CHO-NUT-13000,Wonka Bar - Nutty Crunch Surprise,24.43,7,17.43,7.0,Lot's O' Nuts,148.0
892,US-2021-161249-CHO-MIL-31000,2024-09-08,2025-02-03,Standard Class,161249,United States,Phoenix,Arizona,85023,Chocolate,Pacific,CHO-MIL-31000,Wonka Bar - Milk Chocolate,9.75,3,6.33,3.42,Wicked Choccy's,148.0
893,US-2021-110527-CHO-MIL-31000,2024-09-08,2025-02-06,Standard Class,110527,United States,San Diego,California,92037,Chocolate,Pacific,CHO-MIL-31000,Wonka Bar - Milk Chocolate,26.0,8,16.88,9.12,Wicked Choccy's,151.0
894,US-2021-141901-CHO-SCR-58000,2024-09-08,2025-02-04,Standard Class,141901,United States,Fresno,California,93727,Chocolate,Pacific,CHO-SCR-58000,Wonka Bar -Scrumdiddlyumptious,3.6,1,2.5,1.1,Lot's O' Nuts,149.0
895,US-2021-167850-CHO-MIL-31000,2024-09-08,2025-02-06,Standard Class,167850,United States,Saint Petersburg,Florida,33710,Chocolate,Gulf,CHO-MIL-31000,Wonka Bar - Milk Chocolate,9.75,3,6.33,3.42,Wicked Choccy's,151.0
896,US-2021-166471-CHO-NUT-13000,2024-09-08,2025-02-03,Standard Class,166471,United States,Seattle,Washington,98103,Chocolate,Pacific,CHO-NUT-13000,Wonka Bar - Nutty Crunch Surprise,6.98,2,4.98,2.0,Lot's O' Nuts,148.0
897,US-2021-166471-CHO-NUT-13000,2024-09-08,2025-02-03,Standard Class,166471,United States,Seattle,Washington,98103,Chocolate,Pacific,CHO-NUT-13000,Wonka Bar - Nutty Crunch Surprise,13.96,4,9.96,4.0,Lot's O' Nuts,148.0
898,US-2021-167850-CHO-FUD-51000,2024-09-08,2025-02-06,Standard Class,167850,United States,Saint Petersburg,Florida,33710,Chocolate,Gulf,CHO-FUD-51000,Wonka Bar - Fudge Mallows,7.2,2,4.8,2.4,Lot's O' Nuts,151.0
899,US-2021-127012-CHO-MIL-31000,2024-11-08,2025-02-05,Standard Class,127012,United States,Seattle,Washington,98105,Chocolate,Pacific,CHO-MIL-31000,Wonka Bar - Milk Chocolate,3.25,1,2.11,1.14,Wicked Choccy's,89.0
900,US-2021-127012-CHO-TRI-54000,2024-11-08,2025-02-05,Standard Class,127012,United States,Seattle,Washington,98105,Chocolate,Pacific,CHO-TRI-54000,Wonka Bar - Triple Dazzle Caramel,3.75,1,2.45,1.3,Wicked Choccy's,89.0
901,US-2021-127012-CHO-TRI-54000,2024-11-08,2025-02-05,Standard Class,127012,United States,Seattle,Washington,98105,Chocolate,Pacific,CHO-TRI-54000,Wonka Bar - Triple Dazzle Caramel,7.5,2,4.9,2.6,Wicked Choccy's,89.0
902,US-2021-154641-CHO-TRI-54000,2024-11-08,2025-02-06,Standard Class,154641,United States,New York City,New York,10035,Chocolate,Atlantic,CHO-TRI-54000,Wonka Bar - Triple Dazzle Caramel,3.75,1,2.45,1.3,Wicked Choccy's,90.0
903,US-2021-109897-CHO-MIL-31000,2024-12-08,2025-02-06,Standard Class,109897,United States,San Francisco,California,94122,Chocolate,Pacific,CHO-MIL-31000,Wonka Bar - Milk Chocolate,9.75,3,6.33,3.42,Wicked Choccy's,60.0
904,US-2021-156244-CHO-NUT-13000,2024-12-08,2025-02-06,Standard Class,156244,United States,Miami,Florida,33180,Chocolate,Gulf,CHO-NUT-13000,Wonka Bar - Nutty Crunch Surprise,20.94,6,14.94,6.0,Lot's O' Nuts,60.0
905,US-2021-156244-CHO-SCR-58000,2024-12-08,2025-02-06,Standard Class,156244,United States,Miami,Florida,33180,Chocolate,Gulf,CHO-SCR-58000,Wonka Bar -Scrumdiddlyumptious,18.0,5,12.5,5.5,Lot's O' Nuts,60.0
906,US-2021-153927-CHO-MIL-31000,2024-12-08,2025-02-03,First Class,153927,United States,Woodstock,Georgia,30188,Chocolate,Gulf,CHO-MIL-31000,Wonka Bar - Milk Chocolate,9.75,3,6.33,3.42,Wicked Choccy's,57.0
907,US-2021-109302-CHO-TRI-54000,2024-12-08,2025-02-06,Standard Class,109302,United States,Lakewood,New Jersey,8701,Chocolate,Atlantic,CHO-TRI-54000,Wonka Bar - Triple Dazzle Caramel,26.25,7,17.15,9.1,Wicked Choccy's,60.0
908,US-2021-156244-CHO-NUT-13000,2024-12-08,2025-02-06,Standard Class,156244,United States,Miami,Florida,33180,Chocolate,Gulf,CHO-NUT-13000,Wonka Bar - Nutty Crunch Surprise,3.49,1,2.49,1.0,Lot's O' Nuts,60.0
909,US-2021-156244-CHO-NUT-13000,2024-12-08,2025-02-06,Standard Class,156244,United States,Miami,Florida,33180,Chocolate,Gulf,CHO-NUT-13000,Wonka Bar - Nutty Crunch Surprise,20.94,6,14.94,6.0,Lot's O' Nuts,60.0
910,US-2021-156244-CHO-FUD-51000,2024-12-08,2025-02-06,Standard Class,156244,United States,Miami,Florida,33180,Chocolate,Gulf,CHO-FUD-51000,Wonka Bar - Fudge Mallows,7.2,2,4.8,2.4,Lot's O' Nuts,60.0
911,US-2021-153927-CHO-NUT-13000,2024-12-08,2025-02-03,First Class,153927,United States,Woodstock,Georgia,30188,Chocolate,Gulf,CHO-NUT-13000,Wonka Bar - Nutty Crunch Surprise,45.37,13,32.37,13.0,Lot's O' Nuts,57.0
912,US-2021-156244-CHO-FUD-51000,2024-12-08,2025-02-06,Standard Class,156244,United States,Miami,Florida,33180,Chocolate,Gulf,CHO-FUD-51000,Wonka Bar - Fudge Mallows,25.2,7,16.8,8.4,Lot's O' Nuts,60.0
913,US-2021-109897-CHO-MIL-31000,2024-12-08,2025-02-06,Standard Class,109897,United States,San Francisco,California,94122,Chocolate,Pacific,CHO-MIL-31000,Wonka Bar - Milk Chocolate,26.0,8,16.88,9.12,Wicked Choccy's,60.0
994,US-2021-126522-CHO-SCR-58000,2024-01-09,2024-02-26,Second Class,126522,United States,Escondido,California,92025,Chocolate,Pacific,CHO-SCR-58000,Wonka Bar -Scrumdiddlyumptious,10.8,3,7.5,3.3,Lot's O' Nuts,48.0
995,US-2021-165428-CHO-TRI-54000,2024-01-09,2024-02-25,First Class,165428,United States,Houston,Texas,77036,Chocolate,Interior,CHO-TRI-54000,Wonka Bar - Triple Dazzle Caramel,11.25,3,7.35,3.9,Wicked Choccy's,47.0
996,US-2021-109855-CHO-FUD-51000,2024-01-09,2024-02-26,Standard Class,109855,United States,New York City,New York,10009,Chocolate,Atlantic,CHO-FUD-51000,Wonka Bar - Fudge Mallows,7.2,2,4.8,2.4,Lot's O' Nuts,48.0
997,US-2021-165428-CHO-NUT-13000,2024-01-09,2024-02-25,First Class,165428,United States,Houston,Texas,77036,Chocolate,Interior,CHO-NUT-13000,Wonka Bar - Nutty Crunch Surprise,20.94,6,14.94,6.0,Lot's O' Nuts,47.0
998,US-2021-109855-CHO-FUD-51000,2024-01-09,2024-02-26,Standard Class,109855,United States,New York City,New York,10009,Chocolate,Atlantic,CHO-FUD-51000,Wonka Bar - Fudge Mallows,10.8,3,7.2,3.6,Lot's O' Nuts,48.0
999,US-2021-157721-CHO-MIL-31000,2024-02-09,2024-02-26,First Class,157721,United States,Watertown,New York,13601,Chocolate,Atlantic,CHO-MIL-31000,Wonka Bar - Milk Chocolate,3.25,1,2.11,1.14,Wicked Choccy's,17.0
1000,US-2021-157721-CHO-FUD-51000,2024-02-09,2024-02-26,First Class,157721,United States,Watertown,New York,13601,Chocolate,Atlantic,CHO-FUD-51000,Wonka Bar - Fudge Mallows,3.6,1,2.4,1.2,Lot's O' Nuts,17.0
1001,US-2021-138828-CHO-MIL-31000,2024-02-09,2024-02-24,First Class,138828,United States,New York City,New York,10009,Chocolate,Atlantic,CHO-MIL-31000,Wonka Bar - Milk Chocolate,16.25,5,10.55,5.7,Wicked Choccy's,15.0
1002,US-2021-127936-CHO-FUD-51000,2024-02-09,2024-02-25,First Class,127936,United States,New York City,New York,10009,Chocolate,Atlantic,CHO-FUD-51000,Wonka Bar - Fudge Mallows,10.8,3,7.2,3.6,Lot's O' Nuts,16.0
1003,US-2021-152268-CHO-FUD-51000,2024-02-09,2024-02-28,Standard Class,152268,United States,Fayetteville,Arkansas,72701,Chocolate,Gulf,CHO-FUD-51000,Wonka Bar - Fudge Mallows,7.2,2,4.8,2.4,Lot's O' Nuts,19.0
1004,US-2021-138828-CHO-MIL-31000,2024-02-09,2024-02-24,First Class,138828,United States,New York City,New York,10009,Chocolate,Atlantic,CHO-MIL-31000,Wonka Bar - Milk Chocolate,9.75,3,6.33,3.42,Wicked Choccy's,15.0
1005,US-2021-106971-CHO-TRI-54000,2024-02-09,2024-03-01,Standard Class,106971,United States,Buffalo Grove,Illinois,60089,Chocolate,Interior,CHO-TRI-54000,Wonka Bar - Triple Dazzle Caramel,26.25,7,17.15,9.1,Wicked Choccy's,21.0
1006,US-2021-151792-CHO-FUD-51000,2024-02-09,2024-02-28,Second Class,151792,United States,Chicago,Illinois,60653,Chocolate,Interior,CHO-FUD-51000,Wonka Bar - Fudge Mallows,10.8,3,7.2,3.6,Lot's O' Nuts,19.0
1007,US-2021-158281-OTH-LIC-15000,2024-02-09,2024-02-28,Standard Class,158281,United States,Houston,Texas,77095,Other,Interior,OTH-LIC-15000,Lickable Wallpaper,60.0,3,30.0,30.0,Secret Factory,19.0
1008,US-2021-120236-OTH-GUM-21000,2024-03-09,2025-02-25,First Class,120236,United States,Houston,Texas,77095,Other,Interior,OTH-GUM-21000,Wonka Gum,6.25,5,3.25,3.0,Secret Factory,353.0
1009,US-2021-125171-CHO-SCR-58000,2024-03-09,2025-02-24,Same Day,125171,United States,New York City,New York,10009,Chocolate,Atlantic,CHO-SCR-58000,Wonka Bar -Scrumdiddlyumptious,18.0,5,12.5,5.5,Lot's O' Nuts,352.0
1010,US-2021-136861-CHO-NUT-13000,2024-05-09,2025-02-28,First Class,136861,United States,Saint Petersburg,Florida,33710,Chocolate,Gulf,CHO-NUT-13000,Wonka Bar - Nutty Crunch Surprise,6.98,2,4.98,2.0,Lot's O' Nuts,295.0
1011,US-2021-106572-CHO-TRI-54000,2024-05-09,2025-03-03,Standard Class,106572,United States,Bowling Green,Ohio,43402,Chocolate,Atlantic,CHO-TRI-54000,Wonka Bar - Triple Dazzle Caramel,7.5,2,4.9,2.6,Wicked Choccy's,298.0
1012,US-2021-130449-CHO-SCR-58000,2024-06-09,2025-03-02,First Class,130449,United States,San Francisco,California,94109,Chocolate,Pacific,CHO-SCR-58000,Wonka Bar -Scrumdiddlyumptious,21.6,6,15.0,6.6,Lot's O' Nuts,266.0
1013,US-2021-130449-CHO-NUT-13000,2024-06-09,2025-03-02,First Class,130449,United States,San Francisco,California,94109,Chocolate,Pacific,CHO-NUT-13000,Wonka Bar - Nutty Crunch Surprise,27.92,8,19.92,8.0,Lot's O' Nuts,266.0
1014,US-2021-117765-CHO-TRI-54000,2024-07-09,2025-03-06,Standard Class,117765,United States,Tulsa,Oklahoma,74133,Chocolate,Interior,CHO-TRI-54000,Wonka Bar - Triple Dazzle Caramel,7.5,2,4.9,2.6,Wicked Choccy's,240.0
1015,US-2021-122882-CHO-SCR-58000,2024-07-09,2025-03-06,Standard Class,122882,United States,Philadelphia,Pennsylvania,19134,Chocolate,Atlantic,CHO-SCR-58000,Wonka Bar -Scrumdiddlyumptious,7.2,2,5.0,2.2,Lot's O' Nuts,240.0
1016,US-2021-131002-CHO-NUT-13000,2024-07-09,2025-03-05,Second Class,131002,United States,Tulsa,Oklahoma,74133,Chocolate,Interior,CHO-NUT-13000,Wonka Bar - Nutty Crunch Surprise,10.47,3,7.47,3.0,Lot's O' Nuts,239.0
1017,US-2021-131002-CHO-MIL-31000,2024-07-09,2025-03-05,Second Class,131002,United States,Tulsa,Oklahoma,74133,Chocolate,Interior,CHO-MIL-31000,Wonka Bar - Milk Chocolate,19.5,6,12.66,6.84,Wicked Choccy's,239.0
1018,US-2021-117765-CHO-FUD-51000,2024-07-09,2025-03-06,Standard Class,117765,United States,Tulsa,Oklahoma,74133,Chocolate,Interior,CHO-FUD-51000,Wonka Bar - Fudge Mallows,18.0,5,12.0,6.0,Lot's O' Nuts,240.0
1019,US-2021-105165-OTH-GUM-21000,2024-07-09,2025-03-03,First Class,105165,United States,Houston,Texas,77036,Other,Interior,OTH-GUM-21000,Wonka Gum,1.25,1,0.65,0.6,Secret Factory,237.0
1020,US-2021-105165-CHO-TRI-54000,2024-07-09,2025-03-03,First Class,105165,United States,Houston,Texas,77036,Chocolate,Interior,CHO-TRI-54000,Wonka Bar - Triple Dazzle Caramel,11.25,3,7.35,3.9,Wicked Choccy's,237.0
1021,US-2021-105165-CHO-SCR-58000,2024-07-09,2025-03-03,First Class,105165,United States,Houston,Texas,77036,Chocolate,Interior,CHO-SCR-58000,Wonka Bar -Scrumdiddlyumptious,7.2,2,5.0,2.2,Lot's O' Nuts,237.0
1022,US-2021-117765-CHO-MIL-31000,2024-07-09,2025-03-06,Standard Class,117765,United States,Tulsa,Oklahoma,74133,Chocolate,Interior,CHO-MIL-31000,Wonka Bar - Milk Chocolate,6.5,2,4.22,2.28,Wicked Choccy's,240.0
1023,US-2021-131002-CHO-NUT-13000,2024-07-09,2025-03-05,Second Class,131002,United States,Tulsa,Oklahoma,74133,Chocolate,Interior,CHO-NUT-13000,Wonka Bar - Nutty Crunch Surprise,10.47,3,7.47,3.0,Lot's O' Nuts,239.0
1024,US-2021-126193-CHO-SCR-58000,2024-07-09,2025-03-07,Standard Class,126193,United States,Oswego,Illinois,60543,Chocolate,Interior,CHO-SCR-58000,Wonka Bar -Scrumdiddlyumptious,10.8,3,7.5,3.3,Lot's O' Nuts,241.0
1025,US-2021-109918-CHO-SCR-58000,2024-07-09,2025-03-05,Second Class,109918,United States,Santa Clara,California,95051,Chocolate,Pacific,CHO-SCR-58000,Wonka Bar -Scrumdiddlyumptious,18.0,5,12.5,5.5,Lot's O' Nuts,239.0
1026,US-2021-126193-CHO-NUT-13000,2024-07-09,2025-03-07,Standard Class,126193,United States,Oswego,Illinois,60543,Chocolate,Interior,CHO-NUT-13000,Wonka Bar - Nutty Crunch Surprise,17.45,5,12.45,5.0,Lot's O' Nuts,241.0
1027,US-2021-126193-CHO-FUD-51000,2024-07-09,2025-03-07,Standard Class,126193,United States,Oswego,Illinois,60543,Chocolate,Interior,CHO-FUD-51000,Wonka Bar - Fudge Mallows,18.0,5,12.0,6.0,Lot's O' Nuts,241.0
1028,US-2021-109918-CHO-MIL-31000,2024-07-09,2025-03-05,Second Class,109918,United States,Santa Clara,California,95051,Chocolate,Pacific,CHO-MIL-31000,Wonka Bar - Milk Chocolate,6.5,2,4.22,2.28,Wicked Choccy's,239.0
1029,US-2021-131002-CHO-FUD-51000,2024-07-09,2025-03-05,Second Class,131002,United States,Tulsa,Oklahoma,74133,Chocolate,Interior,CHO-FUD-51000,Wonka Bar - Fudge Mallows,7.2,2,4.8,2.4,Lot's O' Nuts,239.0
1030,US-2021-122882-CHO-FUD-51000,2024-07-09,2025-03-06,Standard Class,122882,United States,Philadelphia,Pennsylvania,19134,Chocolate,Atlantic,CHO-FUD-51000,Wonka Bar - Fudge Mallows,3.6,1,2.4,1.2,Lot's O' Nuts,240.0
1031,US-2021-117765-CHO-FUD-51000,2024-07-09,2025-03-06,Standard Class,117765,United States,Tulsa,Oklahoma,74133,Chocolate,Interior,CHO-FUD-51000,Wonka Bar - Fudge Mallows,7.2,2,4.8,2.4,Lot's O' Nuts,240.0
1032,US-2021-109918-CHO-MIL-31000,2024-07-09,2025-03-05,Second Class,109918,United States,Santa Clara,California,95051,Chocolate,Pacific,CHO-MIL-31000,Wonka Bar - Milk Chocolate,13.0,4,8.44,4.56,Wicked Choccy's,239.0
1033,US-2021-105165-CHO-TRI-54000,2024-07-09,2025-03-03,First Class,105165,United States,Houston,Texas,77036,Chocolate,Interior,CHO-TRI-54000,Wonka Bar - Triple Dazzle Caramel,15.0,4,9.8,5.2,Wicked Choccy's,237.0
1034,US-2021-122882-CHO-MIL-31000,2024-07-09,2025-03-06,Standard Class,122882,United States,Philadelphia,Pennsylvania,19134,Chocolate,Atlantic,CHO-MIL-31000,Wonka Bar - Milk Chocolate,13.0,4,8.44,4.56,Wicked Choccy's,240.0
1035,US-2021-131002-CHO-FUD-51000,2024-07-09,2025-03-05,Second Class,131002,United States,Tulsa,Oklahoma,74133,Chocolate,Interior,CHO-FUD-51000,Wonka Bar - Fudge Mallows,10.8,3,7.2,3.6,Lot's O' Nuts,239.0
1036,US-2021-105165-CHO-FUD-51000,2024-07-09,2025-03-03,First Class,105165,United States,Houston,Texas,77036,Chocolate,Interior,CHO-FUD-51000,Wonka Bar - Fudge Mallows,10.8,3,7.2,3.6,Lot's O' Nuts,237.0
1037,US-2021-100006-CHO-TRI-54000,2024-07-09,2025-03-06,Standard Class,100006,United States,New York City,New York,10024,Chocolate,Atlantic,CHO-TRI-54000,Wonka Bar - Triple Dazzle Caramel,11.25,3,7.35,3.9,Wicked Choccy's,240.0
1038,US-2021-122882-CHO-TRI-54000,2024-07-09,2025-03-06,Standard Class,122882,United States,Philadelphia,Pennsylvania,19134,Chocolate,Atlantic,CHO-TRI-54000,Wonka Bar - Triple Dazzle Caramel,11.25,3,7.35,3.9,Wicked Choccy's,240.0
1039,US-2021-107818-CHO-FUD-51000,2024-08-09,2025-03-07,Standard Class,107818,United States,Pasco,Washington,99301,Chocolate,Pacific,CHO-FUD-51000,Wonka Bar - Fudge Mallows,18.0,5,12.0,6.0,Lot's O' Nuts,210.0
1040,US-2021-139892-CHO-MIL-31000,2024-08-09,2025-03-05,Standard Class,139892,United States,San Antonio,Texas,78207,Chocolate,Interior,CHO-MIL-31000,Wonka Bar - Milk Chocolate,29.25,9,18.99,10.26,Wicked Choccy's,208.0
1041,US-2021-146283-CHO-MIL-31000,2024-08-09,2025-03-08,Standard Class,146283,United States,Houston,Texas,77036,Chocolate,Interior,CHO-MIL-31000,Wonka Bar - Milk Chocolate,16.25,5,10.55,5.7,Wicked Choccy's,211.0
1042,US-2021-146815-CHO-MIL-31000,2024-08-09,2025-03-06,Standard Class,146815,United States,New York City,New York,10009,Chocolate,Atlantic,CHO-MIL-31000,Wonka Bar - Milk Chocolate,6.5,2,4.22,2.28,Wicked Choccy's,209.0
1043,US-2021-123127-CHO-SCR-58000,2024-08-09,2025-03-05,Standard Class,123127,United States,Long Beach,New York,11561,Chocolate,Atlantic,CHO-SCR-58000,Wonka Bar -Scrumdiddlyumptious,7.2,2,5.0,2.2,Lot's O' Nuts,208.0
1044,US-2021-139892-CHO-SCR-58000,2024-08-09,2025-03-05,Standard Class,139892,United States,San Antonio,Texas,78207,Chocolate,Interior,CHO-SCR-58000,Wonka Bar -Scrumdiddlyumptious,18.0,5,12.5,5.5,Lot's O' Nuts,208.0
1045,US-2021-168592-CHO-NUT-13000,2024-08-09,2025-03-07,Standard Class,168592,United States,San Francisco,California,94110,Chocolate,Pacific,CHO-NUT-13000,Wonka Bar - Nutty Crunch Surprise,17.45,5,12.45,5.0,Lot's O' Nuts,210.0
1046,US-2021-107818-CHO-MIL-31000,2024-08-09,2025-03-07,Standard Class,107818,United States,Pasco,Washington,99301,Chocolate,Pacific,CHO-MIL-31000,Wonka Bar - Milk Chocolate,26.0,8,16.88,9.12,Wicked Choccy's,210.0
1047,US-2021-139892-CHO-SCR-58000,2024-08-09,2025-03-05,Standard Class,139892,United States,San Antonio,Texas,78207,Chocolate,Interior,CHO-SCR-58000,Wonka Bar -Scrumdiddlyumptious,21.6,6,15.0,6.6,Lot's O' Nuts,208.0
1048,US-2021-107818-CHO-NUT-13000,2024-08-09,2025-03-07,Standard Class,107818,United States,Pasco,Washington,99301,Chocolate,Pacific,CHO-NUT-13000,Wonka Bar - Nutty Crunch Surprise,6.98,2,4.98,2.0,Lot's O' Nuts,210.0
1049,US-2021-146815-CHO-SCR-58000,2024-08-09,2025-03-06,Standard Class,146815,United States,New York City,New York,10009,Chocolate,Atlantic,CHO-SCR-58000,Wonka Bar -Scrumdiddlyumptious,7.2,2,5.0,2.2,Lot's O' Nuts,209.0
1050,US-2021-139892-CHO-NUT-13000,2024-08-09,2025-03-05,Standard Class,139892,United States,San Antonio,Texas,78207,Chocolate,Interior,CHO-NUT-13000,Wonka Bar - Nutty Crunch Surprise,10.47,3,7.47,3.0,Lot's O' Nuts,208.0
1051,US-2021-140032-CHO-SCR-58000,2024-08-09,2025-03-06,Standard Class,140032,United States,San Francisco,California,94109,Chocolate,Pacific,CHO-SCR-58000,Wonka Bar -Scrumdiddlyumptious,7.2,2,5.0,2.2,Lot's O' Nuts,209.0
1052,US-2021-115987-CHO-MIL-31000,2024-08-09,2025-03-06,Second Class,115987,United States,Tyler,Texas,75701,Chocolate,Interior,CHO-MIL-31000,Wonka Bar - Milk Chocolate,13.0,4,8.44,4.56,Wicked Choccy's,209.0
1053,US-2021-128839-CHO-TRI-54000,2024-08-09,2025-03-06,Standard Class,128839,United States,Chesapeake,Virginia,23320,Chocolate,Gulf,CHO-TRI-54000,Wonka Bar - Triple Dazzle Caramel,33.75,9,22.05,11.7,Wicked Choccy's,209.0
1054,US-2021-168592-CHO-FUD-51000,2024-08-09,2025-03-07,Standard Class,168592,United States,San Francisco,California,94110,Chocolate,Pacific,CHO-FUD-51000,Wonka Bar - Fudge Mallows,7.2,2,4.8,2.4,Lot's O' Nuts,210.0
1055,US-2021-146283-CHO-NUT-13000,2024-08-09,2025-03-08,Standard Class,146283,United States,Houston,Texas,77036,Chocolate,Interior,CHO-NUT-13000,Wonka Bar - Nutty Crunch Surprise,20.94,6,14.94,6.0,Lot's O' Nuts,211.0
1056,US-2021-146283-CHO-SCR-58000,2024-08-09,2025-03-08,Standard Class,146283,United States,Houston,Texas,77036,Chocolate,Interior,CHO-SCR-58000,Wonka Bar -Scrumdiddlyumptious,7.2,2,5.0,2.2,Lot's O' Nuts,211.0
1057,US-2021-107818-CHO-TRI-54000,2024-08-09,2025-03-07,Standard Class,107818,United States,Pasco,Washington,99301,Chocolate,Pacific,CHO-TRI-54000,Wonka Bar - Triple Dazzle Caramel,22.5,6,14.7,7.8,Wicked Choccy's,210.0
1058,US-2021-139892-CHO-NUT-13000,2024-08-09,2025-03-05,Standard Class,139892,United States,San Antonio,Texas,78207,Chocolate,Interior,CHO-NUT-13000,Wonka Bar - Nutty Crunch Surprise,10.47,3,7.47,3.0,Lot's O' Nuts,208.0
1059,US-2021-168592-CHO-MIL-31000,2024-08-09,2025-03-07,Standard Class,168592,United States,San Francisco,California,94110,Chocolate,Pacific,CHO-MIL-31000,Wonka Bar - Milk Chocolate,3.25,1,2.11,1.14,Wicked Choccy's,210.0
1060,US-2021-163293-CHO-NUT-13000,2024-08-09,2025-03-04,First Class,163293,United States,Macon,Georgia,31204,Chocolate,Gulf,CHO-NUT-13000,Wonka Bar - Nutty Crunch Surprise,13.96,4,9.96,4.0,Lot's O' Nuts,207.0
1061,US-2021-132500-CHO-NUT-13000,2024-08-09,2025-03-05,Standard Class,132500,United States,San Francisco,California,94110,Chocolate,Pacific,CHO-NUT-13000,Wonka Bar - Nutty Crunch Surprise,6.98,2,4.98,2.0,Lot's O' Nuts,208.0
1062,US-2021-163293-CHO-MIL-31000,2024-08-09,2025-03-04,First Class,163293,United States,Macon,Georgia,31204,Chocolate,Gulf,CHO-MIL-31000,Wonka Bar - Milk Chocolate,9.75,3,6.33,3.42,Wicked Choccy's,207.0
1063,US-2021-128839-CHO-MIL-31000,2024-08-09,2025-03-06,Standard Class,128839,United States,Chesapeake,Virginia,23320,Chocolate,Gulf,CHO-MIL-31000,Wonka Bar - Milk Chocolate,9.75,3,6.33,3.42,Wicked Choccy's,209.0
1064,US-2021-139892-CHO-SCR-58000,2024-08-09,2025-03-05,Standard Class,139892,United States,San Antonio,Texas,78207,Chocolate,Interior,CHO-SCR-58000,Wonka Bar -Scrumdiddlyumptious,28.8,8,20.0,8.8,Lot's O' Nuts,208.0
1065,US-2021-139892-CHO-NUT-13000,2024-08-09,2025-03-05,Standard Class,139892,United States,San Antonio,Texas,78207,Chocolate,Interior,CHO-NUT-13000,Wonka Bar - Nutty Crunch Surprise,10.47,3,7.47,3.0,Lot's O' Nuts,208.0
1066,US-2021-126403-CHO-SCR-58000,2024-09-09,2025-03-05,Second Class,126403,United States,Lowell,Massachusetts,1852,Chocolate,Atlantic,CHO-SCR-58000,Wonka Bar -Scrumdiddlyumptious,21.6,6,15.0,6.6,Lot's O' Nuts,177.0
1067,US-2021-102869-CHO-FUD-51000,2024-09-09,2025-03-07,Second Class,102869,United States,Philadelphia,Pennsylvania,19140,Chocolate,Atlantic,CHO-FUD-51000,Wonka Bar - Fudge Mallows,10.8,3,7.2,3.6,Lot's O' Nuts,179.0
1068,US-2021-131870-CHO-SCR-58000,2024-09-09,2025-03-04,First Class,131870,United States,Lancaster,Ohio,43130,Chocolate,Atlantic,CHO-SCR-58000,Wonka Bar -Scrumdiddlyumptious,21.6,6,15.0,6.6,Lot's O' Nuts,176.0
1069,US-2021-131870-CHO-MIL-31000,2024-09-09,2025-03-04,First Class,131870,United States,Lancaster,Ohio,43130,Chocolate,Atlantic,CHO-MIL-31000,Wonka Bar - Milk Chocolate,29.25,9,18.99,10.26,Wicked Choccy's,176.0
1070,US-2021-144407-CHO-FUD-51000,2024-09-09,2025-03-08,Standard Class,144407,United States,Detroit,Michigan,48227,Chocolate,Interior,CHO-FUD-51000,Wonka Bar - Fudge Mallows,25.2,7,16.8,8.4,Lot's O' Nuts,180.0
1071,US-2021-102869-CHO-TRI-54000,2024-09-09,2025-03-07,Second Class,102869,United States,Philadelphia,Pennsylvania,19140,Chocolate,Atlantic,CHO-TRI-54000,Wonka Bar - Triple Dazzle Caramel,11.25,3,7.35,3.9,Wicked Choccy's,179.0
1072,US-2021-126403-CHO-MIL-31000,2024-09-09,2025-03-05,Second Class,126403,United States,Lowell,Massachusetts,1852,Chocolate,Atlantic,CHO-MIL-31000,Wonka Bar - Milk Chocolate,9.75,3,6.33,3.42,Wicked Choccy's,177.0
1073,US-2021-103527-CHO-SCR-58000,2024-09-09,2025-03-07,Second Class,103527,United States,Chicago,Illinois,60653,Chocolate,Interior,CHO-SCR-58000,Wonka Bar -Scrumdiddlyumptious,10.8,3,7.5,3.3,Lot's O' Nuts,179.0
1074,US-2021-126403-CHO-FUD-51000,2024-09-09,2025-03-05,Second Class,126403,United States,Lowell,Massachusetts,1852,Chocolate,Atlantic,CHO-FUD-51000,Wonka Bar - Fudge Mallows,7.2,2,4.8,2.4,Lot's O' Nuts,177.0
1075,US-2021-126403-CHO-NUT-13000,2024-09-09,2025-03-05,Second Class,126403,United States,Lowell,Massachusetts,1852,Chocolate,Atlantic,CHO-NUT-13000,Wonka Bar - Nutty Crunch Surprise,17.45,5,12.45,5.0,Lot's O' Nuts,177.0
1076,US-2021-102869-CHO-FUD-51000,2024-09-09,2025-03-07,Second Class,102869,United States,Philadelphia,Pennsylvania,19140,Chocolate,Atlantic,CHO-FUD-51000,Wonka Bar - Fudge Mallows,21.6,6,14.4,7.2,Lot's O' Nuts,179.0
1077,US-2021-115196-CHO-MIL-31000,2024-09-09,2025-03-06,Standard Class,115196,United States,Greenville,North Carolina,27834,Chocolate,Gulf,CHO-MIL-31000,Wonka Bar - Milk Chocolate,6.5,2,4.22,2.28,Wicked Choccy's,178.0
1078,US-2021-102869-CHO-FUD-51000,2024-09-09,2025-03-07,Second Class,102869,United States,Philadelphia,Pennsylvania,19140,Chocolate,Atlantic,CHO-FUD-51000,Wonka Bar - Fudge Mallows,3.6,1,2.4,1.2,Lot's O' Nuts,179.0
1079,US-2021-125731-CHO-NUT-13000,2024-10-09,2025-03-09,Standard Class,125731,United States,Gresham,Oregon,97030,Chocolate,Pacific,CHO-NUT-13000,Wonka Bar - Nutty Crunch Surprise,17.45,5,12.45,5.0,Lot's O' Nuts,151.0
1080,US-2021-113383-CHO-NUT-13000,2024-10-09,2025-03-06,First Class,113383,United States,Clifton,New Jersey,7011,Chocolate,Atlantic,CHO-NUT-13000,Wonka Bar - Nutty Crunch Surprise,17.45,5,12.45,5.0,Lot's O' Nuts,148.0
1081,US-2021-113383-CHO-FUD-51000,2024-10-09,2025-03-06,First Class,113383,United States,Clifton,New Jersey,7011,Chocolate,Atlantic,CHO-FUD-51000,Wonka Bar - Fudge Mallows,14.4,4,9.6,4.8,Lot's O' Nuts,148.0
1082,US-2021-138835-CHO-FUD-51000,2024-10-09,2025-03-07,Standard Class,138835,United States,Virginia Beach,Virginia,23464,Chocolate,Gulf,CHO-FUD-51000,Wonka Bar - Fudge Mallows,7.2,2,4.8,2.4,Lot's O' Nuts,149.0
1083,US-2021-125731-CHO-SCR-58000,2024-10-09,2025-03-09,Standard Class,125731,United States,Gresham,Oregon,97030,Chocolate,Pacific,CHO-SCR-58000,Wonka Bar -Scrumdiddlyumptious,25.2,7,17.5,7.7,Lot's O' Nuts,151.0
1084,CA-2021-126438-CHO-TRI-54000,2024-10-09,2025-03-06,First Class,126438,Canada,Montreal,Quebec,H1C,Chocolate,Atlantic,CHO-TRI-54000,Wonka Bar - Triple Dazzle Caramel,7.5,2,4.9,2.6,Wicked Choccy's,148.0
1085,US-2021-112837-CHO-SCR-58000,2024-11-09,2025-03-09,Standard Class,112837,United States,Oxnard,California,93030,Chocolate,Pacific,CHO-SCR-58000,Wonka Bar -Scrumdiddlyumptious,10.8,3,7.5,3.3,Lot's O' Nuts,120.0
1086,US-2021-116246-CHO-TRI-54000,2024-12-09,2025-03-10,Second Class,116246,United States,New York City,New York,10035,Chocolate,Atlantic,CHO-TRI-54000,Wonka Bar - Triple Dazzle Caramel,22.5,6,14.7,7.8,Wicked Choccy's,91.0
1087,US-2021-119081-CHO-TRI-54000,2024-12-09,2025-03-12,Standard Class,119081,United States,Olathe,Kansas,66062,Chocolate,Interior,CHO-TRI-54000,Wonka Bar - Triple Dazzle Caramel,7.5,2,4.9,2.6,Wicked Choccy's,93.0
1088,US-2021-138527-CHO-SCR-58000,2024-12-09,2025-03-10,Standard Class,138527,United States,Cary,North Carolina,27511,Chocolate,Gulf,CHO-SCR-58000,Wonka Bar -Scrumdiddlyumptious,18.0,5,12.5,5.5,Lot's O' Nuts,91.0
1089,US-2021-103702-CHO-TRI-54000,2024-12-09,2025-03-10,Standard Class,103702,United States,Fairfield,Ohio,45014,Chocolate,Atlantic,CHO-TRI-54000,Wonka Bar - Triple Dazzle Caramel,26.25,7,17.15,9.1,Wicked Choccy's,91.0
1090,US-2021-150924-CHO-SCR-58000,2024-12-09,2025-03-09,Second Class,150924,United States,Houston,Texas,77070,Chocolate,Interior,CHO-SCR-58000,Wonka Bar -Scrumdiddlyumptious,18.0,5,12.5,5.5,Lot's O' Nuts,90.0
1091,US-2021-119081-CHO-TRI-54000,2024-12-09,2025-03-12,Standard Class,119081,United States,Olathe,Kansas,66062,Chocolate,Interior,CHO-TRI-54000,Wonka Bar - Triple Dazzle Caramel,7.5,2,4.9,2.6,Wicked Choccy's,93.0
1092,US-2021-138527-CHO-NUT-13000,2024-12-09,2025-03-10,Standard Class,138527,United States,Cary,North Carolina,27511,Chocolate,Gulf,CHO-NUT-13000,Wonka Bar - Nutty Crunch Surprise,6.98,2,4.98,2.0,Lot's O' Nuts,91.0
1093,US-2021-119081-CHO-SCR-58000,2024-12-09,2025-03-12,Standard Class,119081,United States,Olathe,Kansas,66062,Chocolate,Interior,CHO-SCR-58000,Wonka Bar -Scrumdiddlyumptious,10.8,3,7.5,3.3,Lot's O' Nuts,93.0
1094,US-2021-119081-CHO-FUD-51000,2024-12-09,2025-03-12,Standard Class,119081,United States,Olathe,Kansas,66062,Chocolate,Interior,CHO-FUD-51000,Wonka Bar - Fudge Mallows,18.0,5,12.0,6.0,Lot's O' Nuts,93.0
1095,US-2021-138527-CHO-MIL-31000,2024-12-09,2025-03-10,Standard Class,138527,United States,Cary,North Carolina,27511,Chocolate,Gulf,CHO-MIL-31000,Wonka Bar - Milk Chocolate,3.25,1,2.11,1.14,Wicked Choccy's,91.0
1096,US-2021-101476-CHO-MIL-31000,2024-12-09,2025-03-06,First Class,101476,United States,New Rochelle,New York,10801,Chocolate,Atlantic,CHO-MIL-31000,Wonka Bar - Milk Chocolate,3.25,1,2.11,1.14,Wicked Choccy's,87.0
1267,US-2021-132745-CHO-TRI-54000,2024-01-10,2024-03-28,Standard Class,132745,United States,Reno,Nevada,89502,Chocolate,Pacific,CHO-TRI-54000,Wonka Bar - Triple Dazzle Caramel,3.75,1,2.45,1.3,Wicked Choccy's,78.0
1268,US-2021-108189-OTH-LIC-15000,2024-02-10,2024-03-28,First Class,108189,United States,Tempe,Arizona,85281,Other,Pacific,OTH-LIC-15000,Lickable Wallpaper,120.0,6,60.0,60.0,Secret Factory,47.0
1269,US-2021-108189-CHO-NUT-13000,2024-02-10,2024-03-28,First Class,108189,United States,Tempe,Arizona,85281,Chocolate,Pacific,CHO-NUT-13000,Wonka Bar - Nutty Crunch Surprise,6.98,2,4.98,2.0,Lot's O' Nuts,47.0
1270,US-2021-108189-CHO-NUT-13000,2024-02-10,2024-03-28,First Class,108189,United States,Tempe,Arizona,85281,Chocolate,Pacific,CHO-NUT-13000,Wonka Bar - Nutty Crunch Surprise,6.98,2,4.98,2.0,Lot's O' Nuts,47.0
1271,US-2021-108189-CHO-MIL-31000,2024-02-10,2024-03-28,First Class,108189,United States,Tempe,Arizona,85281,Chocolate,Pacific,CHO-MIL-31000,Wonka Bar - Milk Chocolate,6.5,2,4.22,2.28,Wicked Choccy's,47.0
1272,US-2021-108189-CHO-NUT-13000,2024-02-10,2024-03-28,First Class,108189,United States,Tempe,Arizona,85281,Chocolate,Pacific,CHO-NUT-13000,Wonka Bar - Nutty Crunch Surprise,3.49,1,2.49,1.0,Lot's O' Nuts,47.0
1273,US-2021-108189-CHO-MIL-31000,2024-02-10,2024-03-28,First Class,108189,United States,Tempe,Arizona,85281,Chocolate,Pacific,CHO-MIL-31000,Wonka Bar - Milk Chocolate,9.75,3,6.33,3.42,Wicked Choccy's,47.0
1274,US-2021-108189-CHO-TRI-54000,2024-02-10,2024-03-28,First Class,108189,United States,Tempe,Arizona,85281,Chocolate,Pacific,CHO-TRI-54000,Wonka Bar - Triple Dazzle Caramel,7.5,2,4.9,2.6,Wicked Choccy's,47.0
1275,US-2021-157882-CHO-SCR-58000,2024-03-10,2024-03-31,Second Class,157882,United States,Los Angeles,California,90036,Chocolate,Pacific,CHO-SCR-58000,Wonka Bar -Scrumdiddlyumptious,10.8,3,7.5,3.3,Lot's O' Nuts,21.0
1276,US-2021-153976-CHO-NUT-13000,2024-03-10,2024-03-31,Second Class,153976,United States,Evanston,Illinois,60201,Chocolate,Interior,CHO-NUT-13000,Wonka Bar - Nutty Crunch Surprise,10.47,3,7.47,3.0,Lot's O' Nuts,21.0
1277,US-2021-120775-CHO-SCR-58000,2024-03-10,2024-03-30,Standard Class,120775,United States,Dallas,Texas,75217,Chocolate,Interior,CHO-SCR-58000,Wonka Bar -Scrumdiddlyumptious,10.8,3,7.5,3.3,Lot's O' Nuts,20.0
1278,US-2021-157882-CHO-SCR-58000,2024-03-10,2024-03-31,Second Class,157882,United States,Los Angeles,California,90036,Chocolate,Pacific,CHO-SCR-58000,Wonka Bar -Scrumdiddlyumptious,3.6,1,2.5,1.1,Lot's O' Nuts,21.0
1279,US-2021-155817-CHO-FUD-51000,2024-03-10,2024-04-01,Standard Class,155817,United States,Durham,North Carolina,27707,Chocolate,Gulf,CHO-FUD-51000,Wonka Bar - Fudge Mallows,10.8,3,7.2,3.6,Lot's O' Nuts,22.0
1280,US-2021-108903-CHO-TRI-54000,2024-03-10,2024-03-26,Same Day,108903,United States,Columbus,Ohio,43229,Chocolate,Atlantic,CHO-TRI-54000,Wonka Bar - Triple Dazzle Caramel,7.5,2,4.9,2.6,Wicked Choccy's,16.0
1281,US-2021-120775-CHO-TRI-54000,2024-03-10,2024-03-30,Standard Class,120775,United States,Dallas,Texas,75217,Chocolate,Interior,CHO-TRI-54000,Wonka Bar - Triple Dazzle Caramel,11.25,3,7.35,3.9,Wicked Choccy's,20.0
1282,US-2021-108903-CHO-SCR-58000,2024-03-10,2024-03-26,Same Day,108903,United States,Columbus,Ohio,43229,Chocolate,Atlantic,CHO-SCR-58000,Wonka Bar -Scrumdiddlyumptious,18.0,5,12.5,5.5,Lot's O' Nuts,16.0
1283,US-2021-120775-CHO-TRI-54000,2024-03-10,2024-03-30,Standard Class,120775,United States,Dallas,Texas,75217,Chocolate,Interior,CHO-TRI-54000,Wonka Bar - Triple Dazzle Caramel,15.0,4,9.8,5.2,Wicked Choccy's,20.0
1284,US-2021-120775-CHO-TRI-54000,2024-03-10,2024-03-30,Standard Class,120775,United States,Dallas,Texas,75217,Chocolate,Interior,CHO-TRI-54000,Wonka Bar - Triple Dazzle Caramel,11.25,3,7.35,3.9,Wicked Choccy's,20.0
1285,US-2021-120775-CHO-NUT-13000,2024-03-10,2024-03-30,Standard Class,120775,United States,Dallas,Texas,75217,Chocolate,Interior,CHO-NUT-13000,Wonka Bar - Nutty Crunch Surprise,6.98,2,4.98,2.0,Lot's O' Nuts,20.0
1286,US-2021-155817-CHO-MIL-31000,2024-03-10,2024-04-01,Standard Class,155817,United States,Durham,North Carolina,27707,Chocolate,Gulf,CHO-MIL-31000,Wonka Bar - Milk Chocolate,6.5,2,4.22,2.28,Wicked Choccy's,22.0
1287,US-2021-108903-CHO-SCR-58000,2024-03-10,2024-03-26,Same Day,108903,United States,Columbus,Ohio,43229,Chocolate,Atlantic,CHO-SCR-58000,Wonka Bar -Scrumdiddlyumptious,10.8,3,7.5,3.3,Lot's O' Nuts,16.0
1288,US-2021-166891-CHO-SCR-58000,2024-04-10,2025-03-29,First Class,166891,United States,New York City,New York,10024,Chocolate,Atlantic,CHO-SCR-58000,Wonka Bar -Scrumdiddlyumptious,18.0,5,12.5,5.5,Lot's O' Nuts,353.0
1289,US-2021-153479-CHO-FUD-51000,2024-04-10,2025-03-31,Standard Class,153479,United States,Vallejo,California,94591,Chocolate,Pacific,CHO-FUD-51000,Wonka Bar - Fudge Mallows,7.2,2,4.8,2.4,Lot's O' Nuts,355.0
1290,US-2021-102085-CHO-FUD-51000,2024-04-10,2025-04-01,Standard Class,102085,United States,Seattle,Washington,98115,Chocolate,Pacific,CHO-FUD-51000,Wonka Bar - Fudge Mallows,14.4,4,9.6,4.8,Lot's O' Nuts,356.0
1291,US-2021-153479-CHO-TRI-54000,2024-04-10,2025-03-31,Standard Class,153479,United States,Vallejo,California,94591,Chocolate,Pacific,CHO-TRI-54000,Wonka Bar - Triple Dazzle Caramel,18.75,5,12.25,6.5,Wicked Choccy's,355.0
1292,US-2021-152422-CHO-SCR-58000,2024-05-10,2025-04-02,Second Class,152422,United States,Columbus,Ohio,43229,Chocolate,Atlantic,CHO-SCR-58000,Wonka Bar -Scrumdiddlyumptious,18.0,5,12.5,5.5,Lot's O' Nuts,327.0
1293,US-2021-152233-CHO-SCR-58000,2024-05-10,2025-03-29,First Class,152233,United States,Pomona,California,91767,Chocolate,Pacific,CHO-SCR-58000,Wonka Bar -Scrumdiddlyumptious,7.2,2,5.0,2.2,Lot's O' Nuts,323.0
1294,CA-2021-131807-CHO-MIL-31000,2024-05-10,2025-04-02,Standard Class,131807,Canada,Calgary,Alberta,T1Y,Chocolate,Pacific,CHO-MIL-31000,Wonka Bar - Milk Chocolate,13.0,4,8.44,4.56,Wicked Choccy's,327.0
1295,CA-2021-131807-CHO-FUD-51000,2024-05-10,2025-04-02,Standard Class,131807,Canada,Edmonton,Alberta,T5A,Chocolate,Pacific,CHO-FUD-51000,Wonka Bar - Fudge Mallows,18.0,5,12.0,6.0,Lot's O' Nuts,327.0
1296,CA-2021-131807-CHO-SCR-58000,2024-05-10,2025-04-02,Standard Class,131807,Canada,Edmonton,Alberta,T5A,Chocolate,Pacific,CHO-SCR-58000,Wonka Bar -Scrumdiddlyumptious,10.8,3,7.5,3.3,Lot's O' Nuts,327.0
1297,CA-2021-131807-CHO-TRI-54000,2024-05-10,2025-04-02,Standard Class,131807,Canada,Edmonton,Alberta,T5A,Chocolate,Pacific,CHO-TRI-54000,Wonka Bar - Triple Dazzle Caramel,15.0,4,9.8,5.2,Wicked Choccy's,327.0
1298,CA-2021-131807-OTH-LIC-15000,2024-05-10,2025-04-02,Standard Class,131807,Canada,Calgary,Alberta,T1Y,Other,Pacific,OTH-LIC-15000,Lickable Wallpaper,100.0,5,50.0,50.0,Secret Factory,327.0
1299,CA-2021-131807-CHO-SCR-58000,2024-05-10,2025-04-02,Standard Class,131807,Canada,Edmonton,Alberta,T5A,Chocolate,Pacific,CHO-SCR-58000,Wonka Bar -Scrumdiddlyumptious,3.6,1,2.5,1.1,Lot's O' Nuts,327.0
1300,US-2021-132542-OTH-GUM-21000,2024-06-10,2025-03-31,Second Class,132542,United States,Omaha,Nebraska,68104,Other,Interior,OTH-GUM-21000,Wonka Gum,2.5,2,1.3,1.2,Secret Factory,294.0
1301,US-2021-110611-CHO-FUD-51000,2024-06-10,2025-04-05,Standard Class,110611,United States,Philadelphia,Pennsylvania,19120,Chocolate,Atlantic,CHO-FUD-51000,Wonka Bar - Fudge Mallows,18.0,5,12.0,6.0,Lot's O' Nuts,299.0
1302,US-2021-109680-CHO-FUD-51000,2024-06-10,2025-04-01,First Class,109680,United States,Indianapolis,Indiana,46203,Chocolate,Interior,CHO-FUD-51000,Wonka Bar - Fudge Mallows,7.2,2,4.8,2.4,Lot's O' Nuts,295.0
1303,US-2021-134677-CHO-SCR-58000,2024-06-10,2025-04-02,Standard Class,134677,United States,San Diego,California,92024,Chocolate,Pacific,CHO-SCR-58000,Wonka Bar -Scrumdiddlyumptious,10.8,3,7.5,3.3,Lot's O' Nuts,296.0
1304,US-2021-117429-CHO-FUD-51000,2024-07-10,2025-04-05,Standard Class,117429,United States,Philadelphia,Pennsylvania,19140,Chocolate,Atlantic,CHO-FUD-51000,Wonka Bar - Fudge Mallows,18.0,5,12.0,6.0,Lot's O' Nuts,269.0
1305,US-2021-132801-CHO-TRI-54000,2024-07-10,2025-04-04,Standard Class,132801,United States,Dallas,Texas,75217,Chocolate,Interior,CHO-TRI-54000,Wonka Bar - Triple Dazzle Caramel,37.5,10,24.5,13.0,Wicked Choccy's,268.0
1306,US-2021-119977-CHO-SCR-58000,2024-08-10,2025-04-05,Second Class,119977,United States,New York City,New York,10011,Chocolate,Atlantic,CHO-SCR-58000,Wonka Bar -Scrumdiddlyumptious,14.4,4,10.0,4.4,Lot's O' Nuts,238.0
1307,US-2021-142951-CHO-TRI-54000,2024-08-10,2025-03-31,Same Day,142951,United States,Charlotte,North Carolina,28205,Chocolate,Gulf,CHO-TRI-54000,Wonka Bar - Triple Dazzle Caramel,11.25,3,7.35,3.9,Wicked Choccy's,233.0
1308,US-2021-138240-CHO-MIL-31000,2024-09-10,2025-04-06,Standard Class,138240,United States,San Francisco,California,94122,Chocolate,Pacific,CHO-MIL-31000,Wonka Bar - Milk Chocolate,9.75,3,6.33,3.42,Wicked Choccy's,208.0
1309,US-2021-137911-CHO-TRI-54000,2024-09-10,2025-04-07,Standard Class,137911,United States,Jacksonville,North Carolina,28540,Chocolate,Gulf,CHO-TRI-54000,Wonka Bar - Triple Dazzle Caramel,7.5,2,4.9,2.6,Wicked Choccy's,209.0
1310,US-2021-138240-CHO-NUT-13000,2024-09-10,2025-04-06,Standard Class,138240,United States,San Francisco,California,94122,Chocolate,Pacific,CHO-NUT-13000,Wonka Bar - Nutty Crunch Surprise,3.49,1,2.49,1.0,Lot's O' Nuts,208.0
1311,US-2021-140403-CHO-SCR-58000,2024-10-10,2025-04-02,Same Day,140403,United States,Manteca,California,95336,Chocolate,Pacific,CHO-SCR-58000,Wonka Bar -Scrumdiddlyumptious,10.8,3,7.5,3.3,Lot's O' Nuts,174.0
1312,US-2021-150329-CHO-MIL-31000,2024-10-10,2025-04-06,Standard Class,150329,United States,Phoenix,Arizona,85023,Chocolate,Pacific,CHO-MIL-31000,Wonka Bar - Milk Chocolate,22.75,7,14.77,7.98,Wicked Choccy's,178.0
1313,US-2021-134054-OTH-GUM-21000,2024-10-10,2025-04-02,Same Day,134054,United States,Albuquerque,New Mexico,87105,Other,Pacific,OTH-GUM-21000,Wonka Gum,8.75,7,4.55,4.2,Secret Factory,174.0
1314,US-2021-105137-CHO-TRI-54000,2024-10-10,2025-04-02,Same Day,105137,United States,Columbus,Ohio,43229,Chocolate,Atlantic,CHO-TRI-54000,Wonka Bar - Triple Dazzle Caramel,7.5,2,4.9,2.6,Wicked Choccy's,174.0
1315,US-2021-103492-CHO-SCR-58000,2024-10-10,2025-04-07,Standard Class,103492,United States,Huntsville,Texas,77340,Chocolate,Interior,CHO-SCR-58000,Wonka Bar -Scrumdiddlyumptious,3.6,1,2.5,1.1,Lot's O' Nuts,179.0
1316,US-2021-103492-CHO-FUD-51000,2024-10-10,2025-04-07,Standard Class,103492,United States,Huntsville,Texas,77340,Chocolate,Interior,CHO-FUD-51000,Wonka Bar - Fudge Mallows,18.0,5,12.0,6.0,Lot's O' Nuts,179.0
1317,US-2021-140403-CHO-SCR-58000,2024-10-10,2025-04-02,Same Day,140403,United States,Manteca,California,95336,Chocolate,Pacific,CHO-SCR-58000,Wonka Bar -Scrumdiddlyumptious,7.2,2,5.0,2.2,Lot's O' Nuts,174.0
1318,US-2021-105137-CHO-MIL-31000,2024-10-10,2025-04-02,Same Day,105137,United States,Columbus,Ohio,43229,Chocolate,Atlantic,CHO-MIL-31000,Wonka Bar - Milk Chocolate,6.5,2,4.22,2.28,Wicked Choccy's,174.0
1319,US-2021-103492-CHO-MIL-31000,2024-10-10,2025-04-07,Standard Class,103492,United States,Huntsville,Texas,77340,Chocolate,Interior,CHO-MIL-31000,Wonka Bar - Milk Chocolate,19.5,6,12.66,6.84,Wicked Choccy's,179.0
1320,US-2021-103492-CHO-SCR-58000,2024-10-10,2025-04-07,Standard Class,103492,United States,Huntsville,Texas,77340,Chocolate,Interior,CHO-SCR-58000,Wonka Bar -Scrumdiddlyumptious,25.2,7,17.5,7.7,Lot's O' Nuts,179.0
1321,US-2021-157924-CHO-NUT-13000,2024-11-10,2025-04-05,First Class,157924,United States,Pasadena,California,91104,Chocolate,Pacific,CHO-NUT-13000,Wonka Bar - Nutty Crunch Surprise,6.98,2,4.98,2.0,Lot's O' Nuts,146.0
1322,US-2021-116834-CHO-NUT-13000,2024-11-10,2025-04-08,Standard Class,116834,United States,Seattle,Washington,98115,Chocolate,Pacific,CHO-NUT-13000,Wonka Bar - Nutty Crunch Surprise,38.39,11,27.39,11.0,Lot's O' Nuts,149.0
1323,US-2021-114314-CHO-FUD-51000,2024-11-10,2025-04-07,Standard Class,114314,United States,Fayetteville,Arkansas,72701,Chocolate,Gulf,CHO-FUD-51000,Wonka Bar - Fudge Mallows,14.4,4,9.6,4.8,Lot's O' Nuts,148.0
1324,US-2021-128538-CHO-SCR-58000,2024-11-10,2025-04-07,Standard Class,128538,United States,Redondo Beach,California,90278,Chocolate,Pacific,CHO-SCR-58000,Wonka Bar -Scrumdiddlyumptious,3.6,1,2.5,1.1,Lot's O' Nuts,148.0
1325,US-2021-126571-CHO-FUD-51000,2024-11-10,2025-04-07,Standard Class,126571,United States,Philadelphia,Pennsylvania,19120,Chocolate,Atlantic,CHO-FUD-51000,Wonka Bar - Fudge Mallows,10.8,3,7.2,3.6,Lot's O' Nuts,148.0
1326,US-2021-114314-CHO-SCR-58000,2024-11-10,2025-04-07,Standard Class,114314,United States,Fayetteville,Arkansas,72701,Chocolate,Gulf,CHO-SCR-58000,Wonka Bar -Scrumdiddlyumptious,3.6,1,2.5,1.1,Lot's O' Nuts,148.0
1327,US-2021-157924-CHO-TRI-54000,2024-11-10,2025-04-05,First Class,157924,United States,Pasadena,California,91104,Chocolate,Pacific,CHO-TRI-54000,Wonka Bar - Triple Dazzle Caramel,15.0,4,9.8,5.2,Wicked Choccy's,146.0
1328,US-2021-126571-CHO-TRI-54000,2024-11-10,2025-04-07,Standard Class,126571,United States,Philadelphia,Pennsylvania,19120,Chocolate,Atlantic,CHO-TRI-54000,Wonka Bar - Triple Dazzle Caramel,7.5,2,4.9,2.6,Wicked Choccy's,148.0
1329,US-2021-116834-CHO-NUT-13000,2024-11-10,2025-04-08,Standard Class,116834,United States,Seattle,Washington,98115,Chocolate,Pacific,CHO-NUT-13000,Wonka Bar - Nutty Crunch Surprise,17.45,5,12.45,5.0,Lot's O' Nuts,149.0
1330,US-2021-139451-CHO-FUD-51000,2024-12-10,2025-04-08,Standard Class,139451,United States,San Francisco,California,94122,Chocolate,Pacific,CHO-FUD-51000,Wonka Bar - Fudge Mallows,18.0,5,12.0,6.0,Lot's O' Nuts,119.0
1331,US-2021-139451-CHO-SCR-58000,2024-12-10,2025-04-08,Standard Class,139451,United States,San Francisco,California,94122,Chocolate,Pacific,CHO-SCR-58000,Wonka Bar -Scrumdiddlyumptious,3.6,1,2.5,1.1,Lot's O' Nuts,119.0
1332,US-2021-154655-CHO-MIL-31000,2024-12-10,2025-04-09,Standard Class,154655,United States,Chicago,Illinois,60623,Chocolate,Interior,CHO-MIL-31000,Wonka Bar - Milk Chocolate,6.5,2,4.22,2.28,Wicked Choccy's,120.0
1435,US-2021-114195-CHO-TRI-54000,2024-01-11,2024-04-26,First Class,114195,United States,Mason,Ohio,45040,Chocolate,Atlantic,CHO-TRI-54000,Wonka Bar - Triple Dazzle Caramel,7.5,2,4.9,2.6,Wicked Choccy's,106.0
1436,US-2021-137155-CHO-MIL-31000,2024-01-11,2024-04-28,Standard Class,137155,United States,Long Beach,New York,11561,Chocolate,Atlantic,CHO-MIL-31000,Wonka Bar - Milk Chocolate,19.5,6,12.66,6.84,Wicked Choccy's,108.0
1437,US-2021-137155-CHO-SCR-58000,2024-01-11,2024-04-28,Standard Class,137155,United States,Long Beach,New York,11561,Chocolate,Atlantic,CHO-SCR-58000,Wonka Bar -Scrumdiddlyumptious,10.8,3,7.5,3.3,Lot's O' Nuts,108.0
1438,US-2021-139423-CHO-TRI-54000,2024-01-11,2024-04-28,Standard Class,139423,United States,Orange,New Jersey,7050,Chocolate,Atlantic,CHO-TRI-54000,Wonka Bar - Triple Dazzle Caramel,7.5,2,4.9,2.6,Wicked Choccy's,108.0
1439,US-2021-102673-CHO-MIL-31000,2024-01-11,2024-04-28,Standard Class,102673,United States,Charlotte,North Carolina,28205,Chocolate,Gulf,CHO-MIL-31000,Wonka Bar - Milk Chocolate,9.75,3,6.33,3.42,Wicked Choccy's,108.0
1440,US-2021-134313-CHO-FUD-51000,2024-01-11,2024-04-30,Standard Class,134313,United States,Denver,Colorado,80219,Chocolate,Pacific,CHO-FUD-51000,Wonka Bar - Fudge Mallows,10.8,3,7.2,3.6,Lot's O' Nuts,110.0
1441,US-2021-152562-CHO-SCR-58000,2024-01-11,2024-05-01,Standard Class,152562,United States,Richmond,Kentucky,40475,Chocolate,Gulf,CHO-SCR-58000,Wonka Bar -Scrumdiddlyumptious,10.8,3,7.5,3.3,Lot's O' Nuts,111.0
1442,US-2021-114195-OTH-GUM-21000,2024-01-11,2024-04-26,First Class,114195,United States,Mason,Ohio,45040,Other,Atlantic,OTH-GUM-21000,Wonka Gum,2.5,2,1.3,1.2,Secret Factory,106.0
1443,US-2021-114195-CHO-NUT-13000,2024-01-11,2024-04-26,First Class,114195,United States,Mason,Ohio,45040,Chocolate,Atlantic,CHO-NUT-13000,Wonka Bar - Nutty Crunch Surprise,10.47,3,7.47,3.0,Lot's O' Nuts,106.0
1444,US-2021-102673-CHO-TRI-54000,2024-01-11,2024-04-28,Standard Class,102673,United States,Charlotte,North Carolina,28205,Chocolate,Gulf,CHO-TRI-54000,Wonka Bar - Triple Dazzle Caramel,18.75,5,12.25,6.5,Wicked Choccy's,108.0
1445,US-2021-102673-CHO-FUD-51000,2024-01-11,2024-04-28,Standard Class,102673,United States,Charlotte,North Carolina,28205,Chocolate,Gulf,CHO-FUD-51000,Wonka Bar - Fudge Mallows,43.2,12,28.8,14.4,Lot's O' Nuts,108.0
1446,US-2021-168305-CHO-MIL-31000,2024-01-11,2024-05-01,Standard Class,168305,United States,Los Angeles,California,90049,Chocolate,Pacific,CHO-MIL-31000,Wonka Bar - Milk Chocolate,9.75,3,6.33,3.42,Wicked Choccy's,111.0
1447,US-2021-126907-CHO-FUD-51000,2024-01-11,2024-05-01,Standard Class,126907,United States,Chicago,Illinois,60610,Chocolate,Interior,CHO-FUD-51000,Wonka Bar - Fudge Mallows,10.8,3,7.2,3.6,Lot's O' Nuts,111.0
1448,US-2021-137155-CHO-SCR-58000,2024-01-11,2024-04-28,Standard Class,137155,United States,Long Beach,New York,11561,Chocolate,Atlantic,CHO-SCR-58000,Wonka Bar -Scrumdiddlyumptious,10.8,3,7.5,3.3,Lot's O' Nuts,108.0
1449,US-2021-168305-CHO-NUT-13000,2024-01-11,2024-05-01,Standard Class,168305,United States,Los Angeles,California,90049,Chocolate,Pacific,CHO-NUT-13000,Wonka Bar - Nutty Crunch Surprise,17.45,5,12.45,5.0,Lot's O' Nuts,111.0
1450,US-2021-152562-CHO-FUD-51000,2024-01-11,2024-05-01,Standard Class,152562,United States,Richmond,Kentucky,40475,Chocolate,Gulf,CHO-FUD-51000,Wonka Bar - Fudge Mallows,7.2,2,4.8,2.4,Lot's O' Nuts,111.0
1451,US-2021-148915-CHO-NUT-13000,2024-01-11,2024-04-28,Standard Class,148915,United States,Portland,Oregon,97206,Chocolate,Pacific,CHO-NUT-13000,Wonka Bar - Nutty Crunch Surprise,17.45,5,12.45,5.0,Lot's O' Nuts,108.0
1452,US-2021-148915-CHO-SCR-58000,2024-01-11,2024-04-28,Standard Class,148915,United States,Portland,Oregon,97206,Chocolate,Pacific,CHO-SCR-58000,Wonka Bar -Scrumdiddlyumptious,10.8,3,7.5,3.3,Lot's O' Nuts,108.0
1453,US-2021-134313-CHO-FUD-51000,2024-01-11,2024-04-30,Standard Class,134313,United States,Denver,Colorado,80219,Chocolate,Pacific,CHO-FUD-51000,Wonka Bar - Fudge Mallows,14.4,4,9.6,4.8,Lot's O' Nuts,110.0
1454,US-2021-102673-CHO-FUD-51000,2024-01-11,2024-04-28,Standard Class,102673,United States,Charlotte,North Carolina,28205,Chocolate,Gulf,CHO-FUD-51000,Wonka Bar - Fudge Mallows,32.4,9,21.6,10.8,Lot's O' Nuts,108.0
1455,US-2021-107454-CHO-NUT-13000,2024-02-11,2024-04-29,Standard Class,107454,United States,New York City,New York,10024,Chocolate,Atlantic,CHO-NUT-13000,Wonka Bar - Nutty Crunch Surprise,20.94,6,14.94,6.0,Lot's O' Nuts,78.0
1456,US-2021-129147-CHO-MIL-31000,2024-02-11,2024-04-29,Standard Class,129147,United States,Medina,Ohio,44256,Chocolate,Atlantic,CHO-MIL-31000,Wonka Bar - Milk Chocolate,9.75,3,6.33,3.42,Wicked Choccy's,78.0
1457,US-2021-107454-CHO-TRI-54000,2024-02-11,2024-04-29,Standard Class,107454,United States,New York City,New York,10024,Chocolate,Atlantic,CHO-TRI-54000,Wonka Bar - Triple Dazzle Caramel,26.25,7,17.15,9.1,Wicked Choccy's,78.0
1458,US-2021-115889-CHO-TRI-54000,2024-02-11,2024-04-29,Standard Class,115889,United States,San Francisco,California,94122,Chocolate,Pacific,CHO-TRI-54000,Wonka Bar - Triple Dazzle Caramel,7.5,2,4.9,2.6,Wicked Choccy's,78.0
1459,US-2021-134726-CHO-NUT-13000,2024-02-11,2024-04-30,Second Class,134726,United States,Seattle,Washington,98115,Chocolate,Pacific,CHO-NUT-13000,Wonka Bar - Nutty Crunch Surprise,6.98,2,4.98,2.0,Lot's O' Nuts,79.0
1460,US-2021-120670-CHO-SCR-58000,2024-02-11,2024-04-29,Standard Class,120670,United States,Fort Lauderdale,Florida,33311,Chocolate,Gulf,CHO-SCR-58000,Wonka Bar -Scrumdiddlyumptious,36.0,10,25.0,11.0,Lot's O' Nuts,78.0
1461,US-2021-129147-CHO-MIL-31000,2024-02-11,2024-04-29,Standard Class,129147,United States,Medina,Ohio,44256,Chocolate,Atlantic,CHO-MIL-31000,Wonka Bar - Milk Chocolate,19.5,6,12.66,6.84,Wicked Choccy's,78.0
1462,US-2021-129147-CHO-TRI-54000,2024-02-11,2024-04-29,Standard Class,129147,United States,Medina,Ohio,44256,Chocolate,Atlantic,CHO-TRI-54000,Wonka Bar - Triple Dazzle Caramel,26.25,7,17.15,9.1,Wicked Choccy's,78.0
1463,US-2021-115889-CHO-NUT-13000,2024-02-11,2024-04-29,Standard Class,115889,United States,San Francisco,California,94122,Chocolate,Pacific,CHO-NUT-13000,Wonka Bar - Nutty Crunch Surprise,6.98,2,4.98,2.0,Lot's O' Nuts,78.0
1464,US-2021-134726-CHO-SCR-58000,2024-02-11,2024-04-30,Second Class,134726,United States,Seattle,Washington,98115,Chocolate,Pacific,CHO-SCR-58000,Wonka Bar -Scrumdiddlyumptious,3.6,1,2.5,1.1,Lot's O' Nuts,79.0
1465,US-2021-148782-CHO-SCR-58000,2024-02-11,2024-04-30,Standard Class,148782,United States,Irving,Texas,75061,Chocolate,Interior,CHO-SCR-58000,Wonka Bar -Scrumdiddlyumptious,10.8,3,7.5,3.3,Lot's O' Nuts,79.0
1466,US-2021-165764-CHO-FUD-51000,2024-03-11,2024-04-30,Standard Class,165764,United States,Jacksonville,North Carolina,28540,Chocolate,Gulf,CHO-FUD-51000,Wonka Bar - Fudge Mallows,10.8,3,7.2,3.6,Lot's O' Nuts,50.0
1467,US-2021-165764-CHO-SCR-58000,2024-03-11,2024-04-30,Standard Class,165764,United States,Jacksonville,North Carolina,28540,Chocolate,Gulf,CHO-SCR-58000,Wonka Bar -Scrumdiddlyumptious,21.6,6,15.0,6.6,Lot's O' Nuts,50.0
1468,US-2021-153619-CHO-MIL-31000,2024-03-11,2024-04-26,Same Day,153619,United States,Los Angeles,California,90049,Chocolate,Pacific,CHO-MIL-31000,Wonka Bar - Milk Chocolate,13.0,4,8.44,4.56,Wicked Choccy's,46.0
1469,US-2021-119529-CHO-MIL-31000,2024-03-11,2024-04-28,Second Class,119529,United States,Orange,New Jersey,7050,Chocolate,Atlantic,CHO-MIL-31000,Wonka Bar - Milk Chocolate,6.5,2,4.22,2.28,Wicked Choccy's,48.0
1470,US-2021-121573-CHO-MIL-31000,2024-03-11,2024-04-30,Standard Class,121573,United States,New York City,New York,10009,Chocolate,Atlantic,CHO-MIL-31000,Wonka Bar - Milk Chocolate,6.5,2,4.22,2.28,Wicked Choccy's,50.0
1471,US-2021-165764-CHO-NUT-13000,2024-03-11,2024-04-30,Standard Class,165764,United States,Jacksonville,North Carolina,28540,Chocolate,Gulf,CHO-NUT-13000,Wonka Bar - Nutty Crunch Surprise,24.43,7,17.43,7.0,Lot's O' Nuts,50.0
1472,US-2021-121573-CHO-SCR-58000,2024-03-11,2024-04-30,Standard Class,121573,United States,New York City,New York,10009,Chocolate,Atlantic,CHO-SCR-58000,Wonka Bar -Scrumdiddlyumptious,7.2,2,5.0,2.2,Lot's O' Nuts,50.0
1473,US-2021-146731-CHO-SCR-58000,2024-03-11,2024-05-01,Standard Class,146731,United States,Nashville,Tennessee,37211,Chocolate,Gulf,CHO-SCR-58000,Wonka Bar -Scrumdiddlyumptious,7.2,2,5.0,2.2,Lot's O' Nuts,51.0
1474,US-2021-146731-CHO-SCR-58000,2024-03-11,2024-05-01,Standard Class,146731,United States,Nashville,Tennessee,37211,Chocolate,Gulf,CHO-SCR-58000,Wonka Bar -Scrumdiddlyumptious,32.4,9,22.5,9.9,Lot's O' Nuts,51.0
1475,US-2021-165764-CHO-MIL-31000,2024-03-11,2024-04-30,Standard Class,165764,United States,Jacksonville,North Carolina,28540,Chocolate,Gulf,CHO-MIL-31000,Wonka Bar - Milk Chocolate,6.5,2,4.22,2.28,Wicked Choccy's,50.0
1476,US-2021-137589-CHO-SCR-58000,2024-03-11,2024-05-01,Standard Class,137589,United States,Lancaster,Pennsylvania,17602,Chocolate,Atlantic,CHO-SCR-58000,Wonka Bar -Scrumdiddlyumptious,10.8,3,7.5,3.3,Lot's O' Nuts,51.0
1477,US-2021-155593-CHO-MIL-31000,2024-03-11,2024-05-01,Standard Class,155593,United States,Fairfield,Connecticut,6824,Chocolate,Atlantic,CHO-MIL-31000,Wonka Bar - Milk Chocolate,9.75,3,6.33,3.42,Wicked Choccy's,51.0
1478,US-2021-124625-CHO-NUT-13000,2024-03-11,2024-04-30,Standard Class,124625,United States,Omaha,Nebraska,68104,Chocolate,Interior,CHO-NUT-13000,Wonka Bar - Nutty Crunch Surprise,10.47,3,7.47,3.0,Lot's O' Nuts,50.0
1479,US-2021-121573-CHO-NUT-13000,2024-03-11,2024-04-30,Standard Class,121573,United States,New York City,New York,10009,Chocolate,Atlantic,CHO-NUT-13000,Wonka Bar - Nutty Crunch Surprise,13.96,4,9.96,4.0,Lot's O' Nuts,50.0
1480,US-2021-164973-CHO-TRI-54000,2024-04-11,2024-05-02,Standard Class,164973,United States,New York City,New York,10024,Chocolate,Atlantic,CHO-TRI-54000,Wonka Bar - Triple Dazzle Caramel,3.75,1,2.45,1.3,Wicked Choccy's,21.0
1481,US-2021-149244-CHO-MIL-31000,2024-04-11,2024-05-01,Standard Class,149244,United States,San Diego,California,92037,Chocolate,Pacific,CHO-MIL-31000,Wonka Bar - Milk Chocolate,6.5,2,4.22,2.28,Wicked Choccy's,20.0
1482,US-2021-125829-CHO-TRI-54000,2024-04-11,2024-05-04,Standard Class,125829,United States,Los Angeles,California,90045,Chocolate,Pacific,CHO-TRI-54000,Wonka Bar - Triple Dazzle Caramel,15.0,4,9.8,5.2,Wicked Choccy's,23.0
1483,US-2021-121286-CHO-MIL-31000,2024-04-11,2024-05-01,Second Class,121286,United States,Cary,North Carolina,27511,Chocolate,Gulf,CHO-MIL-31000,Wonka Bar - Milk Chocolate,16.25,5,10.55,5.7,Wicked Choccy's,20.0
1484,US-2021-134187-CHO-NUT-13000,2024-04-11,2024-05-04,Standard Class,134187,United States,Long Beach,California,90805,Chocolate,Pacific,CHO-NUT-13000,Wonka Bar - Nutty Crunch Surprise,3.49,1,2.49,1.0,Lot's O' Nuts,23.0
1485,US-2021-132227-CHO-SCR-58000,2024-04-11,2024-05-03,Standard Class,132227,United States,New York City,New York,10011,Chocolate,Atlantic,CHO-SCR-58000,Wonka Bar -Scrumdiddlyumptious,14.4,4,10.0,4.4,Lot's O' Nuts,22.0
1486,US-2021-125829-CHO-MIL-31000,2024-04-11,2024-05-04,Standard Class,125829,United States,Los Angeles,California,90045,Chocolate,Pacific,CHO-MIL-31000,Wonka Bar - Milk Chocolate,9.75,3,6.33,3.42,Wicked Choccy's,23.0
1487,US-2021-121286-CHO-FUD-51000,2024-04-11,2024-05-01,Second Class,121286,United States,Cary,North Carolina,27511,Chocolate,Gulf,CHO-FUD-51000,Wonka Bar - Fudge Mallows,10.8,3,7.2,3.6,Lot's O' Nuts,20.0
1488,US-2021-125829-CHO-FUD-51000,2024-04-11,2024-05-04,Standard Class,125829,United States,Los Angeles,California,90045,Chocolate,Pacific,CHO-FUD-51000,Wonka Bar - Fudge Mallows,10.8,3,7.2,3.6,Lot's O' Nuts,23.0
1489,US-2021-164973-CHO-MIL-31000,2024-04-11,2024-05-02,Standard Class,164973,United States,New York City,New York,10024,Chocolate,Atlantic,CHO-MIL-31000,Wonka Bar - Milk Chocolate,3.25,1,2.11,1.14,Wicked Choccy's,21.0
1490,US-2021-164973-CHO-TRI-54000,2024-04-11,2024-05-02,Standard Class,164973,United States,New York City,New York,10024,Chocolate,Atlantic,CHO-TRI-54000,Wonka Bar - Triple Dazzle Caramel,15.0,4,9.8,5.2,Wicked Choccy's,21.0
1491,US-2021-164973-SUG-NER-92000,2024-04-11,2024-05-02,Standard Class,164973,United States,New York City,New York,10024,Sugar,Atlantic,SUG-NER-92000,Nerds,3.0,2,1.4,1.6,Sugar Shack,21.0
1492,US-2021-125829-CHO-SCR-58000,2024-04-11,2024-05-04,Standard Class,125829,United States,Los Angeles,California,90045,Chocolate,Pacific,CHO-SCR-58000,Wonka Bar -Scrumdiddlyumptious,14.4,4,10.0,4.4,Lot's O' Nuts,23.0
1493,US-2021-125829-CHO-TRI-54000,2024-04-11,2024-05-04,Standard Class,125829,United States,Los Angeles,California,90045,Chocolate,Pacific,CHO-TRI-54000,Wonka Bar - Triple Dazzle Caramel,26.25,7,17.15,9.1,Wicked Choccy's,23.0
1494,US-2021-164973-CHO-MIL-31000,2024-04-11,2024-05-02,Standard Class,164973,United States,New York City,New York,10024,Chocolate,Atlantic,CHO-MIL-31000,Wonka Bar - Milk Chocolate,19.5,6,12.66,6.84,Wicked Choccy's,21.0
1495,US-2021-114377-CHO-MIL-31000,2024-05-11,2025-04-28,Same Day,114377,United States,Hampton,Virginia,23666,Chocolate,Gulf,CHO-MIL-31000,Wonka Bar - Milk Chocolate,16.25,5,10.55,5.7,Wicked Choccy's,352.0
1496,US-2021-109134-CHO-SCR-58000,2024-05-11,2025-05-03,Standard Class,109134,United States,Los Angeles,California,90008,Chocolate,Pacific,CHO-SCR-58000,Wonka Bar -Scrumdiddlyumptious,21.6,6,15.0,6.6,Lot's O' Nuts,357.0
1497,US-2021-114251-CHO-FUD-51000,2024-05-11,2025-05-03,Standard Class,114251,United States,Philadelphia,Pennsylvania,19143,Chocolate,Atlantic,CHO-FUD-51000,Wonka Bar - Fudge Mallows,7.2,2,4.8,2.4,Lot's O' Nuts,357.0
1498,US-2021-114251-CHO-MIL-31000,2024-05-11,2025-05-03,Standard Class,114251,United States,Philadelphia,Pennsylvania,19143,Chocolate,Atlantic,CHO-MIL-31000,Wonka Bar - Milk Chocolate,6.5,2,4.22,2.28,Wicked Choccy's,357.0
1499,US-2021-114251-CHO-FUD-51000,2024-05-11,2025-05-03,Standard Class,114251,United States,Philadelphia,Pennsylvania,19143,Chocolate,Atlantic,CHO-FUD-51000,Wonka Bar - Fudge Mallows,21.6,6,14.4,7.2,Lot's O' Nuts,357.0
1500,US-2021-114251-CHO-MIL-31000,2024-05-11,2025-05-03,Standard Class,114251,United States,Philadelphia,Pennsylvania,19143,Chocolate,Atlantic,CHO-MIL-31000,Wonka Bar - Milk Chocolate,16.25,5,10.55,5.7,Wicked Choccy's,357.0
1501,US-2021-133634-CHO-SCR-58000,2024-05-11,2025-05-03,Standard Class,133634,United States,Arlington,Virginia,22204,Chocolate,Gulf,CHO-SCR-58000,Wonka Bar -Scrumdiddlyumptious,10.8,3,7.5,3.3,Lot's O' Nuts,357.0
1502,US-2021-114251-CHO-SCR-58000,2024-05-11,2025-05-03,Standard Class,114251,United States,Philadelphia,Pennsylvania,19143,Chocolate,Atlantic,CHO-SCR-58000,Wonka Bar -Scrumdiddlyumptious,7.2,2,5.0,2.2,Lot's O' Nuts,357.0
1503,US-2021-120950-CHO-NUT-13000,2024-06-11,2025-05-04,Standard Class,120950,United States,Columbus,Georgia,31907,Chocolate,Gulf,CHO-NUT-13000,Wonka Bar - Nutty Crunch Surprise,20.94,6,14.94,6.0,Lot's O' Nuts,327.0
1504,US-2021-159310-CHO-NUT-13000,2024-07-11,2025-05-05,Standard Class,159310,United States,Houston,Texas,77070,Chocolate,Interior,CHO-NUT-13000,Wonka Bar - Nutty Crunch Surprise,13.96,4,9.96,4.0,Lot's O' Nuts,298.0
1505,US-2021-120278-CHO-FUD-51000,2024-07-11,2025-05-05,Standard Class,120278,United States,Wausau,Wisconsin,54401,Chocolate,Interior,CHO-FUD-51000,Wonka Bar - Fudge Mallows,21.6,6,14.4,7.2,Lot's O' Nuts,298.0
1506,US-2021-139640-CHO-SCR-58000,2024-07-11,2025-05-04,Second Class,139640,United States,Portland,Oregon,97206,Chocolate,Pacific,CHO-SCR-58000,Wonka Bar -Scrumdiddlyumptious,14.4,4,10.0,4.4,Lot's O' Nuts,297.0
1507,US-2021-159310-CHO-FUD-51000,2024-07-11,2025-05-05,Standard Class,159310,United States,Houston,Texas,77070,Chocolate,Interior,CHO-FUD-51000,Wonka Bar - Fudge Mallows,10.8,3,7.2,3.6,Lot's O' Nuts,298.0
1508,US-2021-123498-CHO-MIL-31000,2024-07-11,2025-05-02,First Class,123498,United States,Houston,Texas,77041,Chocolate,Interior,CHO-MIL-31000,Wonka Bar - Milk Chocolate,9.75,3,6.33,3.42,Wicked Choccy's,295.0
1509,US-2021-123323-CHO-MIL-31000,2024-07-11,2025-05-05,Standard Class,123323,United States,San Francisco,California,94110,Chocolate,Pacific,CHO-MIL-31000,Wonka Bar - Milk Chocolate,22.75,7,14.77,7.98,Wicked Choccy's,298.0
1510,US-2021-120278-CHO-NUT-13000,2024-07-11,2025-05-05,Standard Class,120278,United States,Wausau,Wisconsin,54401,Chocolate,Interior,CHO-NUT-13000,Wonka Bar - Nutty Crunch Surprise,10.47,3,7.47,3.0,Lot's O' Nuts,298.0
1511,US-2021-123498-OTH-KAZ-38000,2024-07-11,2025-05-02,First Class,123498,United States,Houston,Texas,77041,Other,Interior,OTH-KAZ-38000,Kazookles,9.75,3,0.75,9.0,Secret Factory,295.0
1512,US-2021-146990-CHO-MIL-31000,2024-07-11,2025-05-01,First Class,146990,United States,New York City,New York,10024,Chocolate,Atlantic,CHO-MIL-31000,Wonka Bar - Milk Chocolate,13.0,4,8.44,4.56,Wicked Choccy's,294.0
1513,US-2021-146990-CHO-FUD-51000,2024-07-11,2025-05-01,First Class,146990,United States,New York City,New York,10024,Chocolate,Atlantic,CHO-FUD-51000,Wonka Bar - Fudge Mallows,10.8,3,7.2,3.6,Lot's O' Nuts,294.0
1514,US-2021-139640-CHO-MIL-31000,2024-07-11,2025-05-04,Second Class,139640,United States,Portland,Oregon,97206,Chocolate,Pacific,CHO-MIL-31000,Wonka Bar - Milk Chocolate,16.25,5,10.55,5.7,Wicked Choccy's,297.0
1515,US-2021-120278-CHO-SCR-58000,2024-07-11,2025-05-05,Standard Class,120278,United States,Wausau,Wisconsin,54401,Chocolate,Interior,CHO-SCR-58000,Wonka Bar -Scrumdiddlyumptious,7.2,2,5.0,2.2,Lot's O' Nuts,298.0
1516,US-2021-120278-CHO-TRI-54000,2024-07-11,2025-05-05,Standard Class,120278,United States,Wausau,Wisconsin,54401,Chocolate,Interior,CHO-TRI-54000,Wonka Bar - Triple Dazzle Caramel,11.25,3,7.35,3.9,Wicked Choccy's,298.0
1517,US-2021-159310-CHO-FUD-51000,2024-07-11,2025-05-05,Standard Class,159310,United States,Houston,Texas,77070,Chocolate,Interior,CHO-FUD-51000,Wonka Bar - Fudge Mallows,25.2,7,16.8,8.4,Lot's O' Nuts,298.0
1518,US-2021-126340-CHO-MIL-31000,2024-08-11,2025-05-07,Standard Class,126340,United States,Redding,California,96003,Chocolate,Pacific,CHO-MIL-31000,Wonka Bar - Milk Chocolate,9.75,3,6.33,3.42,Wicked Choccy's,269.0
1519,US-2021-144666-CHO-SCR-58000,2024-09-11,2025-05-04,Second Class,144666,United States,San Francisco,California,94110,Chocolate,Pacific,CHO-SCR-58000,Wonka Bar -Scrumdiddlyumptious,7.2,2,5.0,2.2,Lot's O' Nuts,235.0
1520,US-2021-103219-CHO-NUT-13000,2024-09-11,2025-05-06,Standard Class,103219,United States,New York City,New York,10035,Chocolate,Atlantic,CHO-NUT-13000,Wonka Bar - Nutty Crunch Surprise,31.41,9,22.41,9.0,Lot's O' Nuts,237.0
1521,US-2021-144666-CHO-FUD-51000,2024-09-11,2025-05-04,Second Class,144666,United States,San Francisco,California,94110,Chocolate,Pacific,CHO-FUD-51000,Wonka Bar - Fudge Mallows,25.2,7,16.8,8.4,Lot's O' Nuts,235.0
1522,US-2021-144666-CHO-SCR-58000,2024-09-11,2025-05-04,Second Class,144666,United States,San Francisco,California,94110,Chocolate,Pacific,CHO-SCR-58000,Wonka Bar -Scrumdiddlyumptious,18.0,5,12.5,5.5,Lot's O' Nuts,235.0
1523,US-2021-144666-CHO-FUD-51000,2024-09-11,2025-05-04,Second Class,144666,United States,San Francisco,California,94110,Chocolate,Pacific,CHO-FUD-51000,Wonka Bar - Fudge Mallows,21.6,6,14.4,7.2,Lot's O' Nuts,235.0
1524,US-2021-144666-CHO-SCR-58000,2024-09-11,2025-05-04,Second Class,144666,United States,San Francisco,California,94110,Chocolate,Pacific,CHO-SCR-58000,Wonka Bar -Scrumdiddlyumptious,10.8,3,7.5,3.3,Lot's O' Nuts,235.0
1525,US-2021-144666-CHO-FUD-51000,2024-09-11,2025-05-04,Second Class,144666,United States,San Francisco,California,94110,Chocolate,Pacific,CHO-FUD-51000,Wonka Bar - Fudge Mallows,14.4,4,9.6,4.8,Lot's O' Nuts,235.0
1526,US-2021-121006-CHO-MIL-31000,2024-10-11,2025-05-09,Standard Class,121006,United States,Midland,Michigan,48640,Chocolate,Interior,CHO-MIL-31000,Wonka Bar - Milk Chocolate,9.75,3,6.33,3.42,Wicked Choccy's,210.0
1527,US-2021-158372-CHO-TRI-54000,2024-10-11,2025-05-09,Standard Class,158372,United States,San Diego,California,92037,Chocolate,Pacific,CHO-TRI-54000,Wonka Bar - Triple Dazzle Caramel,7.5,2,4.9,2.6,Wicked Choccy's,210.0
1528,US-2021-158372-CHO-SCR-58000,2024-10-11,2025-05-09,Standard Class,158372,United States,San Diego,California,92037,Chocolate,Pacific,CHO-SCR-58000,Wonka Bar -Scrumdiddlyumptious,18.0,5,12.5,5.5,Lot's O' Nuts,210.0
1529,US-2021-121006-CHO-TRI-54000,2024-10-11,2025-05-09,Standard Class,121006,United States,Midland,Michigan,48640,Chocolate,Interior,CHO-TRI-54000,Wonka Bar - Triple Dazzle Caramel,7.5,2,4.9,2.6,Wicked Choccy's,210.0
1530,US-2021-158372-CHO-MIL-31000,2024-10-11,2025-05-09,Standard Class,158372,United States,San Diego,California,92037,Chocolate,Pacific,CHO-MIL-31000,Wonka Bar - Milk Chocolate,26.0,8,16.88,9.12,Wicked Choccy's,210.0
1531,US-2021-121006-CHO-TRI-54000,2024-10-11,2025-05-09,Standard Class,121006,United States,Midland,Michigan,48640,Chocolate,Interior,CHO-TRI-54000,Wonka Bar - Triple Dazzle Caramel,11.25,3,7.35,3.9,Wicked Choccy's,210.0
1532,US-2021-158372-CHO-NUT-13000,2024-10-11,2025-05-09,Standard Class,158372,United States,San Diego,California,92037,Chocolate,Pacific,CHO-NUT-13000,Wonka Bar - Nutty Crunch Surprise,27.92,8,19.92,8.0,Lot's O' Nuts,210.0
1533,US-2021-121006-CHO-SCR-58000,2024-10-11,2025-05-09,Standard Class,121006,United States,Midland,Michigan,48640,Chocolate,Interior,CHO-SCR-58000,Wonka Bar -Scrumdiddlyumptious,10.8,3,7.5,3.3,Lot's O' Nuts,210.0
1534,US-2021-121006-CHO-FUD-51000,2024-10-11,2025-05-09,Standard Class,121006,United States,Midland,Michigan,48640,Chocolate,Interior,CHO-FUD-51000,Wonka Bar - Fudge Mallows,10.8,3,7.2,3.6,Lot's O' Nuts,210.0
1535,US-2021-121006-CHO-NUT-13000,2024-10-11,2025-05-09,Standard Class,121006,United States,Midland,Michigan,48640,Chocolate,Interior,CHO-NUT-13000,Wonka Bar - Nutty Crunch Surprise,10.47,3,7.47,3.0,Lot's O' Nuts,210.0
1536,US-2021-158372-CHO-MIL-31000,2024-10-11,2025-05-09,Standard Class,158372,United States,San Diego,California,92037,Chocolate,Pacific,CHO-MIL-31000,Wonka Bar - Milk Chocolate,3.25,1,2.11,1.14,Wicked Choccy's,210.0
1537,US-2021-158372-CHO-FUD-51000,2024-10-11,2025-05-09,Standard Class,158372,United States,San Diego,California,92037,Chocolate,Pacific,CHO-FUD-51000,Wonka Bar - Fudge Mallows,28.8,8,19.2,9.6,Lot's O' Nuts,210.0
1538,US-2021-155796-CHO-TRI-54000,2024-11-11,2025-05-08,Second Class,155796,United States,Reading,Pennsylvania,19601,Chocolate,Atlantic,CHO-TRI-54000,Wonka Bar - Triple Dazzle Caramel,15.0,4,9.8,5.2,Wicked Choccy's,178.0
1539,US-2021-163419-CHO-NUT-13000,2024-11-11,2025-05-07,Second Class,163419,United States,Louisville,Colorado,80027,Chocolate,Pacific,CHO-NUT-13000,Wonka Bar - Nutty Crunch Surprise,17.45,5,12.45,5.0,Lot's O' Nuts,177.0
1540,US-2021-105270-CHO-TRI-54000,2024-11-11,2025-05-11,Standard Class,105270,United States,Los Angeles,California,90008,Chocolate,Pacific,CHO-TRI-54000,Wonka Bar - Triple Dazzle Caramel,3.75,1,2.45,1.3,Wicked Choccy's,181.0
1541,US-2021-140914-CHO-FUD-51000,2024-11-11,2025-05-08,Standard Class,140914,United States,Chicago,Illinois,60653,Chocolate,Interior,CHO-FUD-51000,Wonka Bar - Fudge Mallows,14.4,4,9.6,4.8,Lot's O' Nuts,178.0
1542,US-2021-140914-CHO-MIL-31000,2024-11-11,2025-05-08,Standard Class,140914,United States,Chicago,Illinois,60653,Chocolate,Interior,CHO-MIL-31000,Wonka Bar - Milk Chocolate,6.5,2,4.22,2.28,Wicked Choccy's,178.0
1543,US-2021-155796-CHO-SCR-58000,2024-11-11,2025-05-08,Second Class,155796,United States,Reading,Pennsylvania,19601,Chocolate,Atlantic,CHO-SCR-58000,Wonka Bar -Scrumdiddlyumptious,7.2,2,5.0,2.2,Lot's O' Nuts,178.0
1544,US-2021-140732-CHO-TRI-54000,2024-11-11,2025-05-06,Second Class,140732,United States,Los Angeles,California,90004,Chocolate,Pacific,CHO-TRI-54000,Wonka Bar - Triple Dazzle Caramel,7.5,2,4.9,2.6,Wicked Choccy's,176.0
1545,US-2021-128524-CHO-SCR-58000,2024-11-11,2025-05-06,First Class,128524,United States,Seattle,Washington,98115,Chocolate,Pacific,CHO-SCR-58000,Wonka Bar -Scrumdiddlyumptious,3.6,1,2.5,1.1,Lot's O' Nuts,176.0
1546,US-2021-163419-CHO-FUD-51000,2024-11-11,2025-05-07,Second Class,163419,United States,Louisville,Colorado,80027,Chocolate,Pacific,CHO-FUD-51000,Wonka Bar - Fudge Mallows,3.6,1,2.4,1.2,Lot's O' Nuts,177.0
1547,US-2021-105270-CHO-NUT-13000,2024-11-11,2025-05-11,Standard Class,105270,United States,Los Angeles,California,90008,Chocolate,Pacific,CHO-NUT-13000,Wonka Bar - Nutty Crunch Surprise,10.47,3,7.47,3.0,Lot's O' Nuts,181.0
1548,US-2021-165309-CHO-FUD-51000,2024-11-11,2025-05-08,Standard Class,165309,United States,Houston,Texas,77095,Chocolate,Interior,CHO-FUD-51000,Wonka Bar - Fudge Mallows,10.8,3,7.2,3.6,Lot's O' Nuts,178.0
1549,US-2021-165309-CHO-SCR-58000,2024-11-11,2025-05-08,Standard Class,165309,United States,Houston,Texas,77095,Chocolate,Interior,CHO-SCR-58000,Wonka Bar -Scrumdiddlyumptious,3.6,1,2.5,1.1,Lot's O' Nuts,178.0
1550,US-2021-165309-CHO-FUD-51000,2024-11-11,2025-05-08,Standard Class,165309,United States,Houston,Texas,77095,Chocolate,Interior,CHO-FUD-51000,Wonka Bar - Fudge Mallows,18.0,5,12.0,6.0,Lot's O' Nuts,178.0
1551,US-2021-128524-CHO-NUT-13000,2024-11-11,2025-05-06,First Class,128524,United States,Seattle,Washington,98115,Chocolate,Pacific,CHO-NUT-13000,Wonka Bar - Nutty Crunch Surprise,6.98,2,4.98,2.0,Lot's O' Nuts,176.0
1552,US-2021-165309-CHO-TRI-54000,2024-11-11,2025-05-08,Standard Class,165309,United States,Houston,Texas,77095,Chocolate,Interior,CHO-TRI-54000,Wonka Bar - Triple Dazzle Caramel,30.0,8,19.6,10.4,Wicked Choccy's,178.0
1553,US-2021-143287-CHO-MIL-31000,2024-11-11,2025-05-10,Standard Class,143287,United States,New Rochelle,New York,10801,Chocolate,Atlantic,CHO-MIL-31000,Wonka Bar - Milk Chocolate,16.25,5,10.55,5.7,Wicked Choccy's,180.0
1554,US-2021-140732-CHO-SCR-58000,2024-11-11,2025-05-06,Second Class,140732,United States,Los Angeles,California,90004,Chocolate,Pacific,CHO-SCR-58000,Wonka Bar -Scrumdiddlyumptious,14.4,4,10.0,4.4,Lot's O' Nuts,176.0
1555,US-2021-165309-CHO-TRI-54000,2024-11-11,2025-05-08,Standard Class,165309,United States,Houston,Texas,77095,Chocolate,Interior,CHO-TRI-54000,Wonka Bar - Triple Dazzle Caramel,18.75,5,12.25,6.5,Wicked Choccy's,178.0
1556,US-2021-143287-CHO-MIL-31000,2024-11-11,2025-05-10,Standard Class,143287,United States,New Rochelle,New York,10801,Chocolate,Atlantic,CHO-MIL-31000,Wonka Bar - Milk Chocolate,13.0,4,8.44,4.56,Wicked Choccy's,180.0
1557,US-2021-105893-CHO-NUT-13000,2024-11-11,2025-05-11,Standard Class,105893,United States,Madison,Wisconsin,53711,Chocolate,Interior,CHO-NUT-13000,Wonka Bar - Nutty Crunch Surprise,20.94,6,14.94,6.0,Lot's O' Nuts,181.0
1558,US-2021-143287-CHO-MIL-31000,2024-11-11,2025-05-10,Standard Class,143287,United States,New Rochelle,New York,10801,Chocolate,Atlantic,CHO-MIL-31000,Wonka Bar - Milk Chocolate,6.5,2,4.22,2.28,Wicked Choccy's,180.0
1559,US-2021-128524-CHO-TRI-54000,2024-11-11,2025-05-06,First Class,128524,United States,Seattle,Washington,98115,Chocolate,Pacific,CHO-TRI-54000,Wonka Bar - Triple Dazzle Caramel,26.25,7,17.15,9.1,Wicked Choccy's,176.0
1560,US-2021-163419-CHO-SCR-58000,2024-11-11,2025-05-07,Second Class,163419,United States,Louisville,Colorado,80027,Chocolate,Pacific,CHO-SCR-58000,Wonka Bar -Scrumdiddlyumptious,7.2,2,5.0,2.2,Lot's O' Nuts,177.0
1561,US-2021-140732-CHO-SCR-58000,2024-11-11,2025-05-06,Second Class,140732,United States,Los Angeles,California,90004,Chocolate,Pacific,CHO-SCR-58000,Wonka Bar -Scrumdiddlyumptious,32.4,9,22.5,9.9,Lot's O' Nuts,176.0
1562,US-2021-165309-CHO-NUT-13000,2024-11-11,2025-05-08,Standard Class,165309,United States,Houston,Texas,77095,Chocolate,Interior,CHO-NUT-13000,Wonka Bar - Nutty Crunch Surprise,6.98,2,4.98,2.0,Lot's O' Nuts,178.0
1563,US-2021-165309-CHO-NUT-13000,2024-11-11,2025-05-08,Standard Class,165309,United States,Houston,Texas,77095,Chocolate,Interior,CHO-NUT-13000,Wonka Bar - Nutty Crunch Surprise,10.47,3,7.47,3.0,Lot's O' Nuts,178.0
1564,US-2021-159618-CHO-TRI-54000,2024-12-11,2025-05-09,Standard Class,159618,United States,Houston,Texas,77036,Chocolate,Interior,CHO-TRI-54000,Wonka Bar - Triple Dazzle Caramel,3.75,1,2.45,1.3,Wicked Choccy's,149.0
1565,US-2021-122609-CHO-MIL-31000,2024-12-11,2025-05-11,Standard Class,122609,United States,Carrollton,Texas,75007,Chocolate,Interior,CHO-MIL-31000,Wonka Bar - Milk Chocolate,9.75,3,6.33,3.42,Wicked Choccy's,151.0
1566,US-2021-151295-CHO-FUD-51000,2024-12-11,2025-05-09,Standard Class,151295,United States,Los Angeles,California,90045,Chocolate,Pacific,CHO-FUD-51000,Wonka Bar - Fudge Mallows,10.8,3,7.2,3.6,Lot's O' Nuts,149.0
1567,US-2021-159618-CHO-MIL-31000,2024-12-11,2025-05-09,Standard Class,159618,United States,Houston,Texas,77036,Chocolate,Interior,CHO-MIL-31000,Wonka Bar - Milk Chocolate,3.25,1,2.11,1.14,Wicked Choccy's,149.0
1568,US-2021-164910-CHO-FUD-51000,2024-12-11,2025-05-10,Second Class,164910,United States,Asheville,North Carolina,28806,Chocolate,Gulf,CHO-FUD-51000,Wonka Bar - Fudge Mallows,10.8,3,7.2,3.6,Lot's O' Nuts,150.0
1569,US-2021-151295-CHO-FUD-51000,2024-12-11,2025-05-09,Standard Class,151295,United States,Los Angeles,California,90045,Chocolate,Pacific,CHO-FUD-51000,Wonka Bar - Fudge Mallows,7.2,2,4.8,2.4,Lot's O' Nuts,149.0
1570,US-2021-159618-CHO-NUT-13000,2024-12-11,2025-05-09,Standard Class,159618,United States,Houston,Texas,77036,Chocolate,Interior,CHO-NUT-13000,Wonka Bar - Nutty Crunch Surprise,24.43,7,17.43,7.0,Lot's O' Nuts,149.0
1571,US-2021-151078-CHO-MIL-31000,2024-12-11,2025-05-05,Same Day,151078,United States,San Antonio,Texas,78207,Chocolate,Interior,CHO-MIL-31000,Wonka Bar - Milk Chocolate,13.0,4,8.44,4.56,Wicked Choccy's,145.0
1572,US-2021-159618-CHO-FUD-51000,2024-12-11,2025-05-09,Standard Class,159618,United States,Houston,Texas,77036,Chocolate,Interior,CHO-FUD-51000,Wonka Bar - Fudge Mallows,21.6,6,14.4,7.2,Lot's O' Nuts,149.0
1573,US-2021-122609-CHO-TRI-54000,2024-12-11,2025-05-11,Standard Class,122609,United States,Carrollton,Texas,75007,Chocolate,Interior,CHO-TRI-54000,Wonka Bar - Triple Dazzle Caramel,7.5,2,4.9,2.6,Wicked Choccy's,151.0
1574,US-2021-159618-CHO-FUD-51000,2024-12-11,2025-05-09,Standard Class,159618,United States,Houston,Texas,77036,Chocolate,Interior,CHO-FUD-51000,Wonka Bar - Fudge Mallows,10.8,3,7.2,3.6,Lot's O' Nuts,149.0
1755,US-2021-150798-CHO-NUT-13000,2024-01-12,2024-05-26,Second Class,150798,United States,Columbus,Ohio,43229,Chocolate,Atlantic,CHO-NUT-13000,Wonka Bar - Nutty Crunch Surprise,20.94,6,14.94,6.0,Lot's O' Nuts,135.0
1756,US-2021-120474-CHO-TRI-54000,2024-01-12,2024-05-26,First Class,120474,United States,Madison,Wisconsin,53711,Chocolate,Interior,CHO-TRI-54000,Wonka Bar - Triple Dazzle Caramel,30.0,8,19.6,10.4,Wicked Choccy's,135.0
1757,US-2021-161613-CHO-NUT-13000,2024-01-12,2024-05-26,Second Class,161613,United States,Houston,Texas,77070,Chocolate,Interior,CHO-NUT-13000,Wonka Bar - Nutty Crunch Surprise,10.47,3,7.47,3.0,Lot's O' Nuts,135.0
1758,US-2021-150798-CHO-MIL-31000,2024-01-12,2024-05-26,Second Class,150798,United States,Columbus,Ohio,43229,Chocolate,Atlantic,CHO-MIL-31000,Wonka Bar - Milk Chocolate,6.5,2,4.22,2.28,Wicked Choccy's,135.0
1759,US-2021-131051-CHO-MIL-31000,2024-01-12,2024-05-28,Standard Class,131051,United States,San Francisco,California,94122,Chocolate,Pacific,CHO-MIL-31000,Wonka Bar - Milk Chocolate,9.75,3,6.33,3.42,Wicked Choccy's,137.0
1760,US-2021-143210-CHO-FUD-51000,2024-01-12,2024-05-26,First Class,143210,United States,Lowell,Massachusetts,1852,Chocolate,Atlantic,CHO-FUD-51000,Wonka Bar - Fudge Mallows,7.2,2,4.8,2.4,Lot's O' Nuts,135.0
1761,US-2021-143210-CHO-MIL-31000,2024-01-12,2024-05-26,First Class,143210,United States,Lowell,Massachusetts,1852,Chocolate,Atlantic,CHO-MIL-31000,Wonka Bar - Milk Chocolate,9.75,3,6.33,3.42,Wicked Choccy's,135.0
1762,US-2021-120474-CHO-SCR-58000,2024-01-12,2024-05-26,First Class,120474,United States,Madison,Wisconsin,53711,Chocolate,Interior,CHO-SCR-58000,Wonka Bar -Scrumdiddlyumptious,14.4,4,10.0,4.4,Lot's O' Nuts,135.0
1763,US-2021-150798-CHO-FUD-51000,2024-01-12,2024-05-26,Second Class,150798,United States,Columbus,Ohio,43229,Chocolate,Atlantic,CHO-FUD-51000,Wonka Bar - Fudge Mallows,25.2,7,16.8,8.4,Lot's O' Nuts,135.0
1764,US-2021-150798-CHO-SCR-58000,2024-01-12,2024-05-26,Second Class,150798,United States,Columbus,Ohio,43229,Chocolate,Atlantic,CHO-SCR-58000,Wonka Bar -Scrumdiddlyumptious,7.2,2,5.0,2.2,Lot's O' Nuts,135.0
1765,US-2021-131527-CHO-TRI-54000,2024-01-12,2024-05-30,Standard Class,131527,United States,Jacksonville,North Carolina,28540,Chocolate,Gulf,CHO-TRI-54000,Wonka Bar - Triple Dazzle Caramel,15.0,4,9.8,5.2,Wicked Choccy's,139.0
1766,US-2021-143210-CHO-FUD-51000,2024-01-12,2024-05-26,First Class,143210,United States,Lowell,Massachusetts,1852,Chocolate,Atlantic,CHO-FUD-51000,Wonka Bar - Fudge Mallows,7.2,2,4.8,2.4,Lot's O' Nuts,135.0
1767,US-2021-112158-CHO-MIL-31000,2024-02-12,2024-05-27,First Class,112158,United States,New York City,New York,10035,Chocolate,Atlantic,CHO-MIL-31000,Wonka Bar - Milk Chocolate,16.25,5,10.55,5.7,Wicked Choccy's,105.0
1768,US-2021-154095-CHO-MIL-31000,2024-02-12,2024-05-30,Standard Class,154095,United States,Clinton,Maryland,20735,Chocolate,Atlantic,CHO-MIL-31000,Wonka Bar - Milk Chocolate,26.0,8,16.88,9.12,Wicked Choccy's,108.0
1769,US-2021-117744-CHO-MIL-31000,2024-02-12,2024-05-29,Standard Class,117744,United States,Corpus Christi,Texas,78415,Chocolate,Interior,CHO-MIL-31000,Wonka Bar - Milk Chocolate,16.25,5,10.55,5.7,Wicked Choccy's,107.0
1770,US-2021-117744-CHO-TRI-54000,2024-02-12,2024-05-29,Standard Class,117744,United States,Corpus Christi,Texas,78415,Chocolate,Interior,CHO-TRI-54000,Wonka Bar - Triple Dazzle Caramel,18.75,5,12.25,6.5,Wicked Choccy's,107.0
1771,US-2021-154095-CHO-NUT-13000,2024-02-12,2024-05-30,Standard Class,154095,United States,Clinton,Maryland,20735,Chocolate,Atlantic,CHO-NUT-13000,Wonka Bar - Nutty Crunch Surprise,10.47,3,7.47,3.0,Lot's O' Nuts,108.0
1772,US-2021-101147-CHO-MIL-31000,2024-02-12,2024-05-27,First Class,101147,United States,Chicago,Illinois,60623,Chocolate,Interior,CHO-MIL-31000,Wonka Bar - Milk Chocolate,3.25,1,2.11,1.14,Wicked Choccy's,105.0
1773,US-2021-117744-CHO-NUT-13000,2024-02-12,2024-05-29,Standard Class,117744,United States,Corpus Christi,Texas,78415,Chocolate,Interior,CHO-NUT-13000,Wonka Bar - Nutty Crunch Surprise,24.43,7,17.43,7.0,Lot's O' Nuts,107.0
1774,US-2021-112158-CHO-SCR-58000,2024-02-12,2024-05-27,First Class,112158,United States,New York City,New York,10035,Chocolate,Atlantic,CHO-SCR-58000,Wonka Bar -Scrumdiddlyumptious,28.8,8,20.0,8.8,Lot's O' Nuts,105.0
1775,US-2021-154095-CHO-SCR-58000,2024-02-12,2024-05-30,Standard Class,154095,United States,Clinton,Maryland,20735,Chocolate,Atlantic,CHO-SCR-58000,Wonka Bar -Scrumdiddlyumptious,21.6,6,15.0,6.6,Lot's O' Nuts,108.0
1776,US-2021-103807-CHO-FUD-51000,2024-02-12,2024-06-01,Standard Class,103807,United States,Sandy Springs,Georgia,30328,Chocolate,Gulf,CHO-FUD-51000,Wonka Bar - Fudge Mallows,10.8,3,7.2,3.6,Lot's O' Nuts,110.0
1777,US-2021-154095-CHO-TRI-54000,2024-02-12,2024-05-30,Standard Class,154095,United States,Clinton,Maryland,20735,Chocolate,Atlantic,CHO-TRI-54000,Wonka Bar - Triple Dazzle Caramel,11.25,3,7.35,3.9,Wicked Choccy's,108.0
1778,US-2021-103807-CHO-MIL-31000,2024-02-12,2024-06-01,Standard Class,103807,United States,Sandy Springs,Georgia,30328,Chocolate,Gulf,CHO-MIL-31000,Wonka Bar - Milk Chocolate,3.25,1,2.11,1.14,Wicked Choccy's,110.0
1779,US-2021-132864-CHO-FUD-51000,2024-02-12,2024-05-30,Standard Class,132864,United States,Columbus,Ohio,43229,Chocolate,Atlantic,CHO-FUD-51000,Wonka Bar - Fudge Mallows,18.0,5,12.0,6.0,Lot's O' Nuts,108.0
1780,US-2021-112158-CHO-SCR-58000,2024-02-12,2024-05-27,First Class,112158,United States,New York City,New York,10035,Chocolate,Atlantic,CHO-SCR-58000,Wonka Bar -Scrumdiddlyumptious,14.4,4,10.0,4.4,Lot's O' Nuts,105.0
1781,CA-2021-123664-CHO-MIL-31000,2024-02-12,2024-05-29,Standard Class,123664,Canada,Halifax,Nova Scotia,B3H,Chocolate,Atlantic,CHO-MIL-31000,Wonka Bar - Milk Chocolate,16.25,5,10.55,5.7,Wicked Choccy's,107.0
1782,CA-2021-117964-CHO-TRI-54000,2024-02-12,2024-05-29,Standard Class,117964,Canada,Moncton,New Brunswick,E1A,Chocolate,Atlantic,CHO-TRI-54000,Wonka Bar - Triple Dazzle Caramel,18.75,5,12.25,6.5,Wicked Choccy's,107.0
1783,CA-2021-117964-CHO-NUT-13000,2024-02-12,2024-05-29,Standard Class,117964,Canada,Moncton,New Brunswick,E1A,Chocolate,Atlantic,CHO-NUT-13000,Wonka Bar - Nutty Crunch Surprise,24.43,7,17.43,7.0,Lot's O' Nuts,107.0
1784,US-2021-164861-CHO-FUD-51000,2024-03-12,2024-05-29,Second Class,164861,United States,Saint Louis,Missouri,63116,Chocolate,Interior,CHO-FUD-51000,Wonka Bar - Fudge Mallows,14.4,4,9.6,4.8,Lot's O' Nuts,78.0
1785,US-2021-122749-CHO-NUT-13000,2024-03-12,2024-06-01,Standard Class,122749,United States,Oklahoma City,Oklahoma,73120,Chocolate,Interior,CHO-NUT-13000,Wonka Bar - Nutty Crunch Surprise,13.96,4,9.96,4.0,Lot's O' Nuts,81.0
1786,US-2021-127187-CHO-SCR-58000,2024-04-12,2024-05-31,Standard Class,127187,United States,New York City,New York,10024,Chocolate,Atlantic,CHO-SCR-58000,Wonka Bar -Scrumdiddlyumptious,7.2,2,5.0,2.2,Lot's O' Nuts,49.0
1787,CA-2021-119508-CHO-NUT-13000,2024-04-12,2024-06-01,Standard Class,119508,Canada,Vancouver,British Columbia,V6B,Chocolate,Pacific,CHO-NUT-13000,Wonka Bar - Nutty Crunch Surprise,20.94,6,14.94,6.0,Lot's O' Nuts,50.0
1788,CA-2021-119508-CHO-FUD-51000,2024-04-12,2024-06-01,Standard Class,119508,Canada,Vancouver,British Columbia,V6B,Chocolate,Pacific,CHO-FUD-51000,Wonka Bar - Fudge Mallows,18.0,5,12.0,6.0,Lot's O' Nuts,50.0
1789,US-2021-150203-CHO-SCR-58000,2024-05-12,2024-05-30,First Class,150203,United States,Los Angeles,California,90032,Chocolate,Pacific,CHO-SCR-58000,Wonka Bar -Scrumdiddlyumptious,21.6,6,15.0,6.6,Lot's O' Nuts,18.0
1790,US-2021-106376-OTH-LIC-15000,2024-05-12,2024-06-02,Standard Class,106376,United States,Gilbert,Arizona,85234,Other,Pacific,OTH-LIC-15000,Lickable Wallpaper,160.0,8,80.0,80.0,Secret Factory,21.0
1791,US-2021-133830-CHO-NUT-13000,2024-05-12,2024-06-02,Standard Class,133830,United States,Los Angeles,California,90045,Chocolate,Pacific,CHO-NUT-13000,Wonka Bar - Nutty Crunch Surprise,31.41,9,22.41,9.0,Lot's O' Nuts,21.0
1792,US-2021-151162-CHO-FUD-51000,2024-05-12,2024-06-01,Standard Class,151162,United States,Columbus,Ohio,43229,Chocolate,Atlantic,CHO-FUD-51000,Wonka Bar - Fudge Mallows,14.4,4,9.6,4.8,Lot's O' Nuts,20.0
1793,US-2021-125542-CHO-NUT-13000,2024-05-12,2024-05-30,First Class,125542,United States,Philadelphia,Pennsylvania,19134,Chocolate,Atlantic,CHO-NUT-13000,Wonka Bar - Nutty Crunch Surprise,24.43,7,17.43,7.0,Lot's O' Nuts,18.0
1794,US-2021-133830-CHO-TRI-54000,2024-05-12,2024-06-02,Standard Class,133830,United States,Los Angeles,California,90045,Chocolate,Pacific,CHO-TRI-54000,Wonka Bar - Triple Dazzle Caramel,11.25,3,7.35,3.9,Wicked Choccy's,21.0
1795,US-2021-151162-CHO-TRI-54000,2024-05-12,2024-06-01,Standard Class,151162,United States,Columbus,Ohio,43229,Chocolate,Atlantic,CHO-TRI-54000,Wonka Bar - Triple Dazzle Caramel,11.25,3,7.35,3.9,Wicked Choccy's,20.0
1796,US-2021-133830-CHO-SCR-58000,2024-05-12,2024-06-02,Standard Class,133830,United States,Los Angeles,California,90045,Chocolate,Pacific,CHO-SCR-58000,Wonka Bar -Scrumdiddlyumptious,14.4,4,10.0,4.4,Lot's O' Nuts,21.0
1797,US-2021-151162-OTH-LIC-15000,2024-05-12,2024-06-01,Standard Class,151162,United States,Columbus,Ohio,43229,Other,Atlantic,OTH-LIC-15000,Lickable Wallpaper,60.0,3,30.0,30.0,Secret Factory,20.0
1798,US-2021-125542-CHO-TRI-54000,2024-05-12,2024-05-30,First Class,125542,United States,Philadelphia,Pennsylvania,19134,Chocolate,Atlantic,CHO-TRI-54000,Wonka Bar - Triple Dazzle Caramel,15.0,4,9.8,5.2,Wicked Choccy's,18.0
1799,US-2021-138296-CHO-TRI-54000,2024-05-12,2024-06-04,Standard Class,138296,United States,Alexandria,Virginia,22304,Chocolate,Gulf,CHO-TRI-54000,Wonka Bar - Triple Dazzle Caramel,7.5,2,4.9,2.6,Wicked Choccy's,23.0
1800,US-2021-166191-CHO-SCR-58000,2024-05-12,2024-06-01,Second Class,166191,United States,Decatur,Illinois,62521,Chocolate,Interior,CHO-SCR-58000,Wonka Bar -Scrumdiddlyumptious,7.2,2,5.0,2.2,Lot's O' Nuts,20.0
1801,US-2021-166191-CHO-NUT-13000,2024-05-12,2024-06-01,Second Class,166191,United States,Decatur,Illinois,62521,Chocolate,Interior,CHO-NUT-13000,Wonka Bar - Nutty Crunch Surprise,24.43,7,17.43,7.0,Lot's O' Nuts,20.0
1802,US-2021-151162-CHO-TRI-54000,2024-05-12,2024-06-01,Standard Class,151162,United States,Columbus,Ohio,43229,Chocolate,Atlantic,CHO-TRI-54000,Wonka Bar - Triple Dazzle Caramel,7.5,2,4.9,2.6,Wicked Choccy's,20.0
1803,US-2021-151162-OTH-GUM-21000,2024-05-12,2024-06-01,Standard Class,151162,United States,Columbus,Ohio,43229,Other,Atlantic,OTH-GUM-21000,Wonka Gum,1.25,1,0.65,0.6,Secret Factory,20.0
1804,US-2021-106376-CHO-MIL-31000,2024-05-12,2024-06-02,Standard Class,106376,United States,Gilbert,Arizona,85234,Chocolate,Pacific,CHO-MIL-31000,Wonka Bar - Milk Chocolate,13.0,4,8.44,4.56,Wicked Choccy's,21.0
1805,US-2021-140452-CHO-FUD-51000,2024-06-12,2025-06-02,Standard Class,140452,United States,Chicago,Illinois,60610,Chocolate,Interior,CHO-FUD-51000,Wonka Bar - Fudge Mallows,10.8,3,7.2,3.6,Lot's O' Nuts,355.0
1806,US-2021-110030-CHO-TRI-54000,2024-06-12,2025-05-31,Second Class,110030,United States,Houston,Texas,77095,Chocolate,Interior,CHO-TRI-54000,Wonka Bar - Triple Dazzle Caramel,11.25,3,7.35,3.9,Wicked Choccy's,353.0
1807,US-2021-112872-CHO-NUT-13000,2024-06-12,2025-06-03,Second Class,112872,United States,Springfield,Oregon,97477,Chocolate,Pacific,CHO-NUT-13000,Wonka Bar - Nutty Crunch Surprise,3.49,1,2.49,1.0,Lot's O' Nuts,356.0
1808,US-2021-140452-CHO-SCR-58000,2024-06-12,2025-06-02,Standard Class,140452,United States,Chicago,Illinois,60610,Chocolate,Interior,CHO-SCR-58000,Wonka Bar -Scrumdiddlyumptious,18.0,5,12.5,5.5,Lot's O' Nuts,355.0
1809,US-2021-140452-CHO-FUD-51000,2024-06-12,2025-06-02,Standard Class,140452,United States,Chicago,Illinois,60610,Chocolate,Interior,CHO-FUD-51000,Wonka Bar - Fudge Mallows,14.4,4,9.6,4.8,Lot's O' Nuts,355.0
1810,US-2021-140452-CHO-SCR-58000,2024-06-12,2025-06-02,Standard Class,140452,United States,Chicago,Illinois,60610,Chocolate,Interior,CHO-SCR-58000,Wonka Bar -Scrumdiddlyumptious,7.2,2,5.0,2.2,Lot's O' Nuts,355.0
1811,US-2021-155390-CHO-MIL-31000,2024-06-12,2025-06-03,Standard Class,155390,United States,Memphis,Tennessee,38109,Chocolate,Gulf,CHO-MIL-31000,Wonka Bar - Milk Chocolate,6.5,2,4.22,2.28,Wicked Choccy's,356.0
1812,US-2021-106726-CHO-MIL-31000,2024-06-12,2025-05-31,First Class,106726,United States,Los Angeles,California,90008,Chocolate,Pacific,CHO-MIL-31000,Wonka Bar - Milk Chocolate,22.75,7,14.77,7.98,Wicked Choccy's,353.0
1813,US-2021-112872-CHO-NUT-13000,2024-06-12,2025-06-03,Second Class,112872,United States,Springfield,Oregon,97477,Chocolate,Pacific,CHO-NUT-13000,Wonka Bar - Nutty Crunch Surprise,10.47,3,7.47,3.0,Lot's O' Nuts,356.0
1814,US-2021-140452-CHO-TRI-54000,2024-06-12,2025-06-02,Standard Class,140452,United States,Chicago,Illinois,60610,Chocolate,Interior,CHO-TRI-54000,Wonka Bar - Triple Dazzle Caramel,7.5,2,4.9,2.6,Wicked Choccy's,355.0
1815,US-2021-140452-CHO-NUT-13000,2024-06-12,2025-06-02,Standard Class,140452,United States,Chicago,Illinois,60610,Chocolate,Interior,CHO-NUT-13000,Wonka Bar - Nutty Crunch Surprise,13.96,4,9.96,4.0,Lot's O' Nuts,355.0
1816,US-2021-138737-CHO-NUT-13000,2024-07-12,2025-06-02,First Class,138737,United States,Los Angeles,California,90049,Chocolate,Pacific,CHO-NUT-13000,Wonka Bar - Nutty Crunch Surprise,10.47,3,7.47,3.0,Lot's O' Nuts,325.0
1817,US-2021-154592-CHO-TRI-54000,2024-07-12,2025-05-31,First Class,154592,United States,San Francisco,California,94109,Chocolate,Pacific,CHO-TRI-54000,Wonka Bar - Triple Dazzle Caramel,11.25,3,7.35,3.9,Wicked Choccy's,323.0
1818,US-2021-159681-CHO-MIL-31000,2024-07-12,2025-06-05,Standard Class,159681,United States,Virginia Beach,Virginia,23464,Chocolate,Gulf,CHO-MIL-31000,Wonka Bar - Milk Chocolate,13.0,4,8.44,4.56,Wicked Choccy's,328.0
1819,US-2021-101392-CHO-MIL-31000,2024-07-12,2025-06-05,Standard Class,101392,United States,Seattle,Washington,98103,Chocolate,Pacific,CHO-MIL-31000,Wonka Bar - Milk Chocolate,22.75,7,14.77,7.98,Wicked Choccy's,328.0
1820,US-2021-135608-CHO-TRI-54000,2024-08-12,2025-06-02,Second Class,135608,United States,Olympia,Washington,98502,Chocolate,Pacific,CHO-TRI-54000,Wonka Bar - Triple Dazzle Caramel,18.75,5,12.25,6.5,Wicked Choccy's,294.0
1821,US-2021-144071-CHO-TRI-54000,2024-08-12,2025-06-07,Standard Class,144071,United States,San Francisco,California,94110,Chocolate,Pacific,CHO-TRI-54000,Wonka Bar - Triple Dazzle Caramel,7.5,2,4.9,2.6,Wicked Choccy's,299.0
1822,US-2021-144071-CHO-SCR-58000,2024-08-12,2025-06-07,Standard Class,144071,United States,San Francisco,California,94110,Chocolate,Pacific,CHO-SCR-58000,Wonka Bar -Scrumdiddlyumptious,10.8,3,7.5,3.3,Lot's O' Nuts,299.0
1823,US-2021-129364-CHO-NUT-13000,2024-08-12,2025-06-05,Standard Class,129364,United States,Salem,Oregon,97301,Chocolate,Pacific,CHO-NUT-13000,Wonka Bar - Nutty Crunch Surprise,13.96,4,9.96,4.0,Lot's O' Nuts,297.0
1824,US-2021-129364-CHO-TRI-54000,2024-08-12,2025-06-05,Standard Class,129364,United States,Salem,Oregon,97301,Chocolate,Pacific,CHO-TRI-54000,Wonka Bar - Triple Dazzle Caramel,26.25,7,17.15,9.1,Wicked Choccy's,297.0
1825,US-2021-129364-CHO-NUT-13000,2024-08-12,2025-06-05,Standard Class,129364,United States,Salem,Oregon,97301,Chocolate,Pacific,CHO-NUT-13000,Wonka Bar - Nutty Crunch Surprise,17.45,5,12.45,5.0,Lot's O' Nuts,297.0
1826,US-2021-129364-CHO-MIL-31000,2024-08-12,2025-06-05,Standard Class,129364,United States,Salem,Oregon,97301,Chocolate,Pacific,CHO-MIL-31000,Wonka Bar - Milk Chocolate,6.5,2,4.22,2.28,Wicked Choccy's,297.0
1827,US-2021-135608-CHO-SCR-58000,2024-08-12,2025-06-02,Second Class,135608,United States,Olympia,Washington,98502,Chocolate,Pacific,CHO-SCR-58000,Wonka Bar -Scrumdiddlyumptious,7.2,2,5.0,2.2,Lot's O' Nuts,294.0
1828,US-2021-104773-CHO-FUD-51000,2024-08-12,2025-06-05,Standard Class,104773,United States,Houston,Texas,77041,Chocolate,Interior,CHO-FUD-51000,Wonka Bar - Fudge Mallows,7.2,2,4.8,2.4,Lot's O' Nuts,297.0
1829,US-2021-129364-CHO-NUT-13000,2024-08-12,2025-06-05,Standard Class,129364,United States,Salem,Oregon,97301,Chocolate,Pacific,CHO-NUT-13000,Wonka Bar - Nutty Crunch Surprise,10.47,3,7.47,3.0,Lot's O' Nuts,297.0
1830,US-2021-129364-CHO-FUD-51000,2024-08-12,2025-06-05,Standard Class,129364,United States,Salem,Oregon,97301,Chocolate,Pacific,CHO-FUD-51000,Wonka Bar - Fudge Mallows,18.0,5,12.0,6.0,Lot's O' Nuts,297.0
1831,US-2021-129364-CHO-SCR-58000,2024-08-12,2025-06-05,Standard Class,129364,United States,Salem,Oregon,97301,Chocolate,Pacific,CHO-SCR-58000,Wonka Bar -Scrumdiddlyumptious,36.0,10,25.0,11.0,Lot's O' Nuts,297.0
1832,US-2021-129364-CHO-SCR-58000,2024-08-12,2025-06-05,Standard Class,129364,United States,Salem,Oregon,97301,Chocolate,Pacific,CHO-SCR-58000,Wonka Bar -Scrumdiddlyumptious,10.8,3,7.5,3.3,Lot's O' Nuts,297.0
1833,US-2021-169649-CHO-FUD-51000,2024-09-12,2025-06-07,Standard Class,169649,United States,Chicago,Illinois,60653,Chocolate,Interior,CHO-FUD-51000,Wonka Bar - Fudge Mallows,7.2,2,4.8,2.4,Lot's O' Nuts,268.0
1834,US-2021-138128-CHO-FUD-51000,2024-09-12,2025-06-07,Standard Class,138128,United States,Philadelphia,Pennsylvania,19134,Chocolate,Atlantic,CHO-FUD-51000,Wonka Bar - Fudge Mallows,10.8,3,7.2,3.6,Lot's O' Nuts,268.0
1835,US-2021-169649-CHO-FUD-51000,2024-09-12,2025-06-07,Standard Class,169649,United States,Chicago,Illinois,60653,Chocolate,Interior,CHO-FUD-51000,Wonka Bar - Fudge Mallows,7.2,2,4.8,2.4,Lot's O' Nuts,268.0
1836,US-2021-109932-CHO-FUD-51000,2024-09-12,2025-06-03,First Class,109932,United States,Brownsville,Texas,78521,Chocolate,Interior,CHO-FUD-51000,Wonka Bar - Fudge Mallows,7.2,2,4.8,2.4,Lot's O' Nuts,264.0
1837,US-2021-104976-CHO-TRI-54000,2024-09-12,2025-06-08,Standard Class,104976,United States,San Francisco,California,94122,Chocolate,Pacific,CHO-TRI-54000,Wonka Bar - Triple Dazzle Caramel,22.5,6,14.7,7.8,Wicked Choccy's,269.0
1838,US-2021-109932-CHO-MIL-31000,2024-09-12,2025-06-03,First Class,109932,United States,Brownsville,Texas,78521,Chocolate,Interior,CHO-MIL-31000,Wonka Bar - Milk Chocolate,9.75,3,6.33,3.42,Wicked Choccy's,264.0
1839,US-2021-101175-CHO-NUT-13000,2024-09-12,2025-06-06,Standard Class,101175,United States,Mesa,Arizona,85204,Chocolate,Pacific,CHO-NUT-13000,Wonka Bar - Nutty Crunch Surprise,20.94,6,14.94,6.0,Lot's O' Nuts,267.0
1840,US-2021-138128-CHO-TRI-54000,2024-09-12,2025-06-07,Standard Class,138128,United States,Philadelphia,Pennsylvania,19134,Chocolate,Atlantic,CHO-TRI-54000,Wonka Bar - Triple Dazzle Caramel,15.0,4,9.8,5.2,Wicked Choccy's,268.0
1841,US-2021-112991-CHO-MIL-31000,2024-10-12,2025-06-06,Standard Class,112991,United States,Caldwell,Idaho,83605,Chocolate,Pacific,CHO-MIL-31000,Wonka Bar - Milk Chocolate,9.75,3,6.33,3.42,Wicked Choccy's,237.0
1842,US-2021-148488-CHO-MIL-31000,2024-10-12,2025-06-07,Standard Class,148488,United States,New York City,New York,10009,Chocolate,Atlantic,CHO-MIL-31000,Wonka Bar - Milk Chocolate,22.75,7,14.77,7.98,Wicked Choccy's,238.0
1843,US-2021-112991-CHO-MIL-31000,2024-10-12,2025-06-06,Standard Class,112991,United States,Caldwell,Idaho,83605,Chocolate,Pacific,CHO-MIL-31000,Wonka Bar - Milk Chocolate,13.0,4,8.44,4.56,Wicked Choccy's,237.0
1844,US-2021-112991-CHO-SCR-58000,2024-10-12,2025-06-06,Standard Class,112991,United States,Caldwell,Idaho,83605,Chocolate,Pacific,CHO-SCR-58000,Wonka Bar -Scrumdiddlyumptious,14.4,4,10.0,4.4,Lot's O' Nuts,237.0
1845,US-2021-148488-CHO-TRI-54000,2024-10-12,2025-06-07,Standard Class,148488,United States,New York City,New York,10009,Chocolate,Atlantic,CHO-TRI-54000,Wonka Bar - Triple Dazzle Caramel,7.5,2,4.9,2.6,Wicked Choccy's,238.0
1846,US-2021-168494-CHO-TRI-54000,2024-12-12,2025-06-06,Second Class,168494,United States,Fresno,California,93727,Chocolate,Pacific,CHO-TRI-54000,Wonka Bar - Triple Dazzle Caramel,11.25,3,7.35,3.9,Wicked Choccy's,176.0
1847,US-2021-113320-CHO-FUD-51000,2024-12-12,2025-06-07,Second Class,113320,United States,Oakland,California,94601,Chocolate,Pacific,CHO-FUD-51000,Wonka Bar - Fudge Mallows,10.8,3,7.2,3.6,Lot's O' Nuts,177.0
1848,US-2021-141607-CHO-NUT-13000,2024-12-12,2025-06-09,Standard Class,141607,United States,Concord,California,94521,Chocolate,Pacific,CHO-NUT-13000,Wonka Bar - Nutty Crunch Surprise,3.49,1,2.49,1.0,Lot's O' Nuts,179.0
1849,US-2021-113320-CHO-NUT-13000,2024-12-12,2025-06-07,Second Class,113320,United States,Oakland,California,94601,Chocolate,Pacific,CHO-NUT-13000,Wonka Bar - Nutty Crunch Surprise,10.47,3,7.47,3.0,Lot's O' Nuts,177.0
1850,US-2021-168494-CHO-MIL-31000,2024-12-12,2025-06-06,Second Class,168494,United States,Fresno,California,93727,Chocolate,Pacific,CHO-MIL-31000,Wonka Bar - Milk Chocolate,39.0,12,25.32,13.68,Wicked Choccy's,176.0
1851,US-2021-168494-CHO-NUT-13000,2024-12-12,2025-06-06,Second Class,168494,United States,Fresno,California,93727,Chocolate,Pacific,CHO-NUT-13000,Wonka Bar - Nutty Crunch Surprise,20.94,6,14.94,6.0,Lot's O' Nuts,176.0
1852,US-2021-122959-CHO-MIL-31000,2024-12-12,2025-06-04,Same Day,122959,United States,San Antonio,Texas,78207,Chocolate,Interior,CHO-MIL-31000,Wonka Bar - Milk Chocolate,6.5,2,4.22,2.28,Wicked Choccy's,174.0
1853,US-2021-107573-CHO-SCR-58000,2024-12-12,2025-06-09,Standard Class,107573,United States,Miami,Florida,33178,Chocolate,Gulf,CHO-SCR-58000,Wonka Bar -Scrumdiddlyumptious,10.8,3,7.5,3.3,Lot's O' Nuts,179.0
1854,US-2021-113320-CHO-SCR-58000,2024-12-12,2025-06-07,Second Class,113320,United States,Oakland,California,94601,Chocolate,Pacific,CHO-SCR-58000,Wonka Bar -Scrumdiddlyumptious,10.8,3,7.5,3.3,Lot's O' Nuts,177.0
2052,US-2022-146262-CHO-NUT-13000,2024-02-01,2024-07-02,Standard Class,146262,United States,Medina,Ohio,44256,Chocolate,Atlantic,CHO-NUT-13000,Wonka Bar - Nutty Crunch Surprise,17.45,5,12.45,5.0,Lot's O' Nuts,152.0
2053,US-2022-104514-CHO-MIL-31000,2024-02-01,2024-06-27,Second Class,104514,United States,Newark,Delaware,19711,Chocolate,Atlantic,CHO-MIL-31000,Wonka Bar - Milk Chocolate,9.75,3,6.33,3.42,Wicked Choccy's,147.0
2054,US-2022-146262-CHO-FUD-51000,2024-02-01,2024-07-02,Standard Class,146262,United States,Medina,Ohio,44256,Chocolate,Atlantic,CHO-FUD-51000,Wonka Bar - Fudge Mallows,7.2,2,4.8,2.4,Lot's O' Nuts,152.0
2055,US-2022-104514-CHO-SCR-58000,2024-02-01,2024-06-27,Second Class,104514,United States,Newark,Delaware,19711,Chocolate,Atlantic,CHO-SCR-58000,Wonka Bar -Scrumdiddlyumptious,10.8,3,7.5,3.3,Lot's O' Nuts,147.0
2056,US-2022-104514-CHO-MIL-31000,2024-02-01,2024-06-27,Second Class,104514,United States,Newark,Delaware,19711,Chocolate,Atlantic,CHO-MIL-31000,Wonka Bar - Milk Chocolate,6.5,2,4.22,2.28,Wicked Choccy's,147.0
2057,US-2022-146262-CHO-NUT-13000,2024-02-01,2024-07-02,Standard Class,146262,United States,Medina,Ohio,44256,Chocolate,Atlantic,CHO-NUT-13000,Wonka Bar - Nutty Crunch Surprise,6.98,2,4.98,2.0,Lot's O' Nuts,152.0
2058,US-2022-146262-CHO-MIL-31000,2024-02-01,2024-07-02,Standard Class,146262,United States,Medina,Ohio,44256,Chocolate,Atlantic,CHO-MIL-31000,Wonka Bar - Milk Chocolate,29.25,9,18.99,10.26,Wicked Choccy's,152.0
2059,US-2022-146262-CHO-TRI-54000,2024-02-01,2024-07-02,Standard Class,146262,United States,Medina,Ohio,44256,Chocolate,Atlantic,CHO-TRI-54000,Wonka Bar - Triple Dazzle Caramel,11.25,3,7.35,3.9,Wicked Choccy's,152.0
2060,US-2022-141243-CHO-MIL-31000,2024-03-01,2024-07-01,Second Class,141243,United States,Dallas,Texas,75217,Chocolate,Interior,CHO-MIL-31000,Wonka Bar - Milk Chocolate,29.25,9,18.99,10.26,Wicked Choccy's,122.0
2061,US-2022-141243-CHO-SCR-58000,2024-03-01,2024-07-01,Second Class,141243,United States,Dallas,Texas,75217,Chocolate,Interior,CHO-SCR-58000,Wonka Bar -Scrumdiddlyumptious,10.8,3,7.5,3.3,Lot's O' Nuts,122.0
2062,US-2022-121097-CHO-MIL-31000,2024-03-01,2024-07-01,Standard Class,121097,United States,Baytown,Texas,77520,Chocolate,Interior,CHO-MIL-31000,Wonka Bar - Milk Chocolate,6.5,2,4.22,2.28,Wicked Choccy's,122.0
2063,US-2022-141243-CHO-NUT-13000,2024-03-01,2024-07-01,Second Class,141243,United States,Dallas,Texas,75217,Chocolate,Interior,CHO-NUT-13000,Wonka Bar - Nutty Crunch Surprise,17.45,5,12.45,5.0,Lot's O' Nuts,122.0
2064,US-2022-104241-CHO-TRI-54000,2024-04-01,2024-07-02,Standard Class,104241,United States,Alexandria,Virginia,22304,Chocolate,Gulf,CHO-TRI-54000,Wonka Bar - Triple Dazzle Caramel,52.5,14,34.3,18.2,Wicked Choccy's,92.0
2065,US-2022-149811-CHO-FUD-51000,2024-04-01,2024-07-03,Standard Class,149811,United States,Woodbury,Minnesota,55125,Chocolate,Interior,CHO-FUD-51000,Wonka Bar - Fudge Mallows,10.8,3,7.2,3.6,Lot's O' Nuts,93.0
2066,US-2022-149811-CHO-TRI-54000,2024-04-01,2024-07-03,Standard Class,149811,United States,Woodbury,Minnesota,55125,Chocolate,Interior,CHO-TRI-54000,Wonka Bar - Triple Dazzle Caramel,18.75,5,12.25,6.5,Wicked Choccy's,93.0
2067,US-2022-154970-CHO-TRI-54000,2024-05-01,2024-07-03,Standard Class,154970,United States,Seattle,Washington,98103,Chocolate,Pacific,CHO-TRI-54000,Wonka Bar - Triple Dazzle Caramel,3.75,1,2.45,1.3,Wicked Choccy's,63.0
2068,US-2022-158701-CHO-MIL-31000,2024-05-01,2024-07-03,Standard Class,158701,United States,San Francisco,California,94110,Chocolate,Pacific,CHO-MIL-31000,Wonka Bar - Milk Chocolate,19.5,6,12.66,6.84,Wicked Choccy's,63.0
2069,US-2022-108588-CHO-NUT-13000,2024-05-01,2024-07-03,Standard Class,108588,United States,New York City,New York,10009,Chocolate,Atlantic,CHO-NUT-13000,Wonka Bar - Nutty Crunch Surprise,10.47,3,7.47,3.0,Lot's O' Nuts,63.0
2070,US-2022-158701-CHO-NUT-13000,2024-05-01,2024-07-03,Standard Class,158701,United States,San Francisco,California,94110,Chocolate,Pacific,CHO-NUT-13000,Wonka Bar - Nutty Crunch Surprise,20.94,6,14.94,6.0,Lot's O' Nuts,63.0
2071,US-2022-108588-CHO-SCR-58000,2024-05-01,2024-07-03,Standard Class,108588,United States,New York City,New York,10009,Chocolate,Atlantic,CHO-SCR-58000,Wonka Bar -Scrumdiddlyumptious,7.2,2,5.0,2.2,Lot's O' Nuts,63.0
2072,US-2022-108588-CHO-MIL-31000,2024-05-01,2024-07-03,Standard Class,108588,United States,New York City,New York,10009,Chocolate,Atlantic,CHO-MIL-31000,Wonka Bar - Milk Chocolate,6.5,2,4.22,2.28,Wicked Choccy's,63.0
2073,US-2022-149636-CHO-SCR-58000,2024-06-01,2024-07-05,Standard Class,149636,United States,Colorado Springs,Colorado,80906,Chocolate,Pacific,CHO-SCR-58000,Wonka Bar -Scrumdiddlyumptious,7.2,2,5.0,2.2,Lot's O' Nuts,34.0
2074,US-2022-149636-CHO-SCR-58000,2024-06-01,2024-07-05,Standard Class,149636,United States,Colorado Springs,Colorado,80906,Chocolate,Pacific,CHO-SCR-58000,Wonka Bar -Scrumdiddlyumptious,18.0,5,12.5,5.5,Lot's O' Nuts,34.0
2075,US-2022-119480-CHO-TRI-54000,2024-09-01,2025-07-06,Standard Class,119480,United States,Henderson,Kentucky,42420,Chocolate,Gulf,CHO-TRI-54000,Wonka Bar - Triple Dazzle Caramel,11.25,3,7.35,3.9,Wicked Choccy's,308.0
2076,US-2022-119480-CHO-TRI-54000,2024-09-01,2025-07-06,Standard Class,119480,United States,Henderson,Kentucky,42420,Chocolate,Gulf,CHO-TRI-54000,Wonka Bar - Triple Dazzle Caramel,7.5,2,4.9,2.6,Wicked Choccy's,308.0
2077,US-2022-119480-CHO-FUD-51000,2024-09-01,2025-07-06,Standard Class,119480,United States,Henderson,Kentucky,42420,Chocolate,Gulf,CHO-FUD-51000,Wonka Bar - Fudge Mallows,10.8,3,7.2,3.6,Lot's O' Nuts,308.0
2078,US-2022-119480-CHO-NUT-13000,2024-09-01,2025-07-06,Standard Class,119480,United States,Henderson,Kentucky,42420,Chocolate,Gulf,CHO-NUT-13000,Wonka Bar - Nutty Crunch Surprise,17.45,5,12.45,5.0,Lot's O' Nuts,308.0
2079,US-2022-157154-CHO-MIL-31000,2024-10-01,2025-07-08,Standard Class,157154,United States,New York City,New York,10011,Chocolate,Atlantic,CHO-MIL-31000,Wonka Bar - Milk Chocolate,13.0,4,8.44,4.56,Wicked Choccy's,280.0
2080,US-2022-128608-CHO-NUT-13000,2024-12-01,2025-07-10,Standard Class,128608,United States,Toledo,Ohio,43615,Chocolate,Atlantic,CHO-NUT-13000,Wonka Bar - Nutty Crunch Surprise,6.98,2,4.98,2.0,Lot's O' Nuts,221.0
2081,US-2022-156755-CHO-TRI-54000,2024-12-01,2025-07-11,Standard Class,156755,United States,Newark,Delaware,19711,Chocolate,Atlantic,CHO-TRI-54000,Wonka Bar - Triple Dazzle Caramel,11.25,3,7.35,3.9,Wicked Choccy's,222.0
2082,US-2022-128608-CHO-MIL-31000,2024-12-01,2025-07-10,Standard Class,128608,United States,Toledo,Ohio,43615,Chocolate,Atlantic,CHO-MIL-31000,Wonka Bar - Milk Chocolate,6.5,2,4.22,2.28,Wicked Choccy's,221.0
2083,US-2022-128608-OTH-LIC-15000,2024-12-01,2025-07-10,Standard Class,128608,United States,Toledo,Ohio,43615,Other,Atlantic,OTH-LIC-15000,Lickable Wallpaper,80.0,4,40.0,40.0,Secret Factory,221.0
2084,US-2022-128608-OTH-LIC-15000,2024-12-01,2025-07-10,Standard Class,128608,United States,Toledo,Ohio,43615,Other,Atlantic,OTH-LIC-15000,Lickable Wallpaper,60.0,3,30.0,30.0,Secret Factory,221.0
2085,US-2022-128608-CHO-FUD-51000,2024-12-01,2025-07-10,Standard Class,128608,United States,Toledo,Ohio,43615,Chocolate,Atlantic,CHO-FUD-51000,Wonka Bar - Fudge Mallows,7.2,2,4.8,2.4,Lot's O' Nuts,221.0
2116,US-2022-127327-CHO-TRI-54000,2024-03-02,2024-07-31,Standard Class,127327,United States,Rome,New York,13440,Chocolate,Atlantic,CHO-TRI-54000,Wonka Bar - Triple Dazzle Caramel,3.75,1,2.45,1.3,Wicked Choccy's,151.0
2117,US-2022-140921-CHO-TRI-54000,2024-03-02,2024-07-29,First Class,140921,United States,Omaha,Nebraska,68104,Chocolate,Interior,CHO-TRI-54000,Wonka Bar - Triple Dazzle Caramel,7.5,2,4.9,2.6,Wicked Choccy's,149.0
2118,US-2022-157959-CHO-MIL-31000,2024-03-02,2024-07-28,First Class,157959,United States,Los Angeles,California,90008,Chocolate,Pacific,CHO-MIL-31000,Wonka Bar - Milk Chocolate,13.0,4,8.44,4.56,Wicked Choccy's,148.0
2119,US-2022-132633-CHO-TRI-54000,2024-03-02,2024-07-29,Second Class,132633,United States,Pleasant Grove,Utah,84062,Chocolate,Pacific,CHO-TRI-54000,Wonka Bar - Triple Dazzle Caramel,11.25,3,7.35,3.9,Wicked Choccy's,149.0
2120,US-2022-103093-CHO-MIL-31000,2024-03-02,2024-07-31,Standard Class,103093,United States,Columbus,Georgia,31907,Chocolate,Gulf,CHO-MIL-31000,Wonka Bar - Milk Chocolate,29.25,9,18.99,10.26,Wicked Choccy's,151.0
2121,US-2022-140921-CHO-NUT-13000,2024-03-02,2024-07-29,First Class,140921,United States,Omaha,Nebraska,68104,Chocolate,Interior,CHO-NUT-13000,Wonka Bar - Nutty Crunch Surprise,10.47,3,7.47,3.0,Lot's O' Nuts,149.0
2122,US-2022-156482-CHO-FUD-51000,2024-06-02,2024-08-06,Standard Class,156482,United States,Wilmington,Delaware,19805,Chocolate,Atlantic,CHO-FUD-51000,Wonka Bar - Fudge Mallows,14.4,4,9.6,4.8,Lot's O' Nuts,65.0
2123,US-2022-156482-CHO-MIL-31000,2024-06-02,2024-08-06,Standard Class,156482,United States,Wilmington,Delaware,19805,Chocolate,Atlantic,CHO-MIL-31000,Wonka Bar - Milk Chocolate,29.25,9,18.99,10.26,Wicked Choccy's,65.0
2124,US-2022-156482-CHO-SCR-58000,2024-06-02,2024-08-06,Standard Class,156482,United States,Wilmington,Delaware,19805,Chocolate,Atlantic,CHO-SCR-58000,Wonka Bar -Scrumdiddlyumptious,7.2,2,5.0,2.2,Lot's O' Nuts,65.0
2125,US-2022-111507-CHO-SCR-58000,2024-06-02,2024-08-06,Standard Class,111507,United States,Bellevue,Washington,98006,Chocolate,Pacific,CHO-SCR-58000,Wonka Bar -Scrumdiddlyumptious,10.8,3,7.5,3.3,Lot's O' Nuts,65.0
2126,US-2022-137064-CHO-TRI-54000,2024-06-02,2024-08-06,Standard Class,137064,United States,Houston,Texas,77070,Chocolate,Interior,CHO-TRI-54000,Wonka Bar - Triple Dazzle Caramel,11.25,3,7.35,3.9,Wicked Choccy's,65.0
2127,US-2022-104038-CHO-MIL-31000,2024-06-02,2024-08-01,First Class,104038,United States,Suffolk,Virginia,23434,Chocolate,Gulf,CHO-MIL-31000,Wonka Bar - Milk Chocolate,16.25,5,10.55,5.7,Wicked Choccy's,60.0
2128,US-2022-104038-CHO-SCR-58000,2024-06-02,2024-08-01,First Class,104038,United States,Suffolk,Virginia,23434,Chocolate,Gulf,CHO-SCR-58000,Wonka Bar -Scrumdiddlyumptious,10.8,3,7.5,3.3,Lot's O' Nuts,60.0
2129,US-2022-137064-CHO-TRI-54000,2024-06-02,2024-08-06,Standard Class,137064,United States,Houston,Texas,77070,Chocolate,Interior,CHO-TRI-54000,Wonka Bar - Triple Dazzle Caramel,11.25,3,7.35,3.9,Wicked Choccy's,65.0
2130,US-2022-137064-CHO-SCR-58000,2024-06-02,2024-08-06,Standard Class,137064,United States,Houston,Texas,77070,Chocolate,Interior,CHO-SCR-58000,Wonka Bar -Scrumdiddlyumptious,7.2,2,5.0,2.2,Lot's O' Nuts,65.0
2131,US-2022-147529-CHO-NUT-13000,2024-07-02,2024-08-04,Standard Class,147529,United States,Springfield,Virginia,22153,Chocolate,Gulf,CHO-NUT-13000,Wonka Bar - Nutty Crunch Surprise,17.45,5,12.45,5.0,Lot's O' Nuts,33.0
2132,US-2022-147529-CHO-NUT-13000,2024-07-02,2024-08-04,Standard Class,147529,United States,Springfield,Virginia,22153,Chocolate,Gulf,CHO-NUT-13000,Wonka Bar - Nutty Crunch Surprise,6.98,2,4.98,2.0,Lot's O' Nuts,33.0
2133,US-2022-130491-CHO-TRI-54000,2024-08-02,2024-08-04,First Class,130491,United States,Garden City,Kansas,67846,Chocolate,Interior,CHO-TRI-54000,Wonka Bar - Triple Dazzle Caramel,7.5,2,4.9,2.6,Wicked Choccy's,2.0
2134,US-2022-130491-CHO-NUT-13000,2024-08-02,2024-08-04,First Class,130491,United States,Garden City,Kansas,67846,Chocolate,Interior,CHO-NUT-13000,Wonka Bar - Nutty Crunch Surprise,3.49,1,2.49,1.0,Lot's O' Nuts,2.0
2135,US-2022-130491-CHO-SCR-58000,2024-08-02,2024-08-04,First Class,130491,United States,Garden City,Kansas,67846,Chocolate,Interior,CHO-SCR-58000,Wonka Bar -Scrumdiddlyumptious,7.2,2,5.0,2.2,Lot's O' Nuts,2.0
2136,US-2022-114923-CHO-NUT-13000,2024-08-02,2024-08-06,Standard Class,114923,United States,Columbus,Ohio,43229,Chocolate,Atlantic,CHO-NUT-13000,Wonka Bar - Nutty Crunch Surprise,10.47,3,7.47,3.0,Lot's O' Nuts,4.0
2137,US-2022-146038-CHO-SCR-58000,2024-09-02,2025-08-09,Standard Class,146038,United States,Los Angeles,California,90049,Chocolate,Pacific,CHO-SCR-58000,Wonka Bar -Scrumdiddlyumptious,18.0,5,12.5,5.5,Lot's O' Nuts,341.0
2138,US-2022-135391-CHO-NUT-13000,2024-09-02,2025-08-04,Second Class,135391,United States,San Antonio,Texas,78207,Chocolate,Interior,CHO-NUT-13000,Wonka Bar - Nutty Crunch Surprise,6.98,2,4.98,2.0,Lot's O' Nuts,336.0
2139,US-2022-135391-CHO-TRI-54000,2024-09-02,2025-08-04,Second Class,135391,United States,San Antonio,Texas,78207,Chocolate,Interior,CHO-TRI-54000,Wonka Bar - Triple Dazzle Caramel,15.0,4,9.8,5.2,Wicked Choccy's,336.0
2140,US-2022-101007-CHO-TRI-54000,2024-09-02,2025-08-06,Second Class,101007,United States,Dallas,Texas,75220,Chocolate,Interior,CHO-TRI-54000,Wonka Bar - Triple Dazzle Caramel,7.5,2,4.9,2.6,Wicked Choccy's,338.0
2141,US-2022-153374-CHO-MIL-31000,2024-09-02,2025-08-06,Second Class,153374,United States,Decatur,Illinois,62521,Chocolate,Interior,CHO-MIL-31000,Wonka Bar - Milk Chocolate,19.5,6,12.66,6.84,Wicked Choccy's,338.0
2142,US-2022-101126-CHO-MIL-31000,2024-10-02,2025-08-07,Second Class,101126,United States,Philadelphia,Pennsylvania,19143,Chocolate,Atlantic,CHO-MIL-31000,Wonka Bar - Milk Chocolate,16.25,5,10.55,5.7,Wicked Choccy's,309.0
2180,US-2022-133585-CHO-FUD-51000,2024-01-03,2024-08-25,First Class,133585,United States,Houston,Texas,77070,Chocolate,Interior,CHO-FUD-51000,Wonka Bar - Fudge Mallows,21.6,6,14.4,7.2,Lot's O' Nuts,235.0
2181,US-2022-102316-CHO-TRI-54000,2024-01-03,2024-08-24,Second Class,102316,United States,Los Angeles,California,90045,Chocolate,Pacific,CHO-TRI-54000,Wonka Bar - Triple Dazzle Caramel,11.25,3,7.35,3.9,Wicked Choccy's,234.0
2182,US-2022-133494-CHO-NUT-13000,2024-01-03,2024-08-26,Standard Class,133494,United States,Philadelphia,Pennsylvania,19120,Chocolate,Atlantic,CHO-NUT-13000,Wonka Bar - Nutty Crunch Surprise,6.98,2,4.98,2.0,Lot's O' Nuts,236.0
2183,US-2022-133585-CHO-MIL-31000,2024-01-03,2024-08-25,First Class,133585,United States,Houston,Texas,77070,Chocolate,Interior,CHO-MIL-31000,Wonka Bar - Milk Chocolate,6.5,2,4.22,2.28,Wicked Choccy's,235.0
2184,US-2022-153325-CHO-NUT-13000,2024-01-03,2024-08-23,Second Class,153325,United States,Macon,Georgia,31204,Chocolate,Gulf,CHO-NUT-13000,Wonka Bar - Nutty Crunch Surprise,13.96,4,9.96,4.0,Lot's O' Nuts,233.0
2185,US-2022-102316-CHO-SCR-58000,2024-01-03,2024-08-24,Second Class,102316,United States,Los Angeles,California,90045,Chocolate,Pacific,CHO-SCR-58000,Wonka Bar -Scrumdiddlyumptious,7.2,2,5.0,2.2,Lot's O' Nuts,234.0
2186,US-2022-104052-CHO-FUD-51000,2024-01-03,2024-08-23,First Class,104052,United States,Coppell,Texas,75019,Chocolate,Interior,CHO-FUD-51000,Wonka Bar - Fudge Mallows,14.4,4,9.6,4.8,Lot's O' Nuts,233.0
2187,US-2022-110457-CHO-SCR-58000,2024-02-03,2024-08-27,Standard Class,110457,United States,Seattle,Washington,98103,Chocolate,Pacific,CHO-SCR-58000,Wonka Bar -Scrumdiddlyumptious,10.8,3,7.5,3.3,Lot's O' Nuts,206.0
2188,US-2022-105970-CHO-NUT-13000,2024-02-03,2024-08-28,Standard Class,105970,United States,Richmond,Indiana,47374,Chocolate,Interior,CHO-NUT-13000,Wonka Bar - Nutty Crunch Surprise,3.49,1,2.49,1.0,Lot's O' Nuts,207.0
2189,US-2022-105970-OTH-KAZ-38000,2024-02-03,2024-08-28,Standard Class,105970,United States,Richmond,Indiana,47374,Other,Interior,OTH-KAZ-38000,Kazookles,19.5,6,1.5,18.0,Secret Factory,207.0
2190,US-2022-109512-CHO-TRI-54000,2024-05-03,2024-08-26,Same Day,109512,United States,New York City,New York,10011,Chocolate,Atlantic,CHO-TRI-54000,Wonka Bar - Triple Dazzle Caramel,26.25,7,17.15,9.1,Wicked Choccy's,115.0
2191,US-2022-125185-CHO-SCR-58000,2024-05-03,2024-08-28,Second Class,125185,United States,Bethlehem,Pennsylvania,18018,Chocolate,Atlantic,CHO-SCR-58000,Wonka Bar -Scrumdiddlyumptious,7.2,2,5.0,2.2,Lot's O' Nuts,117.0
2192,US-2022-140221-CHO-NUT-13000,2024-05-03,2024-08-30,Second Class,140221,United States,Chicago,Illinois,60653,Chocolate,Interior,CHO-NUT-13000,Wonka Bar - Nutty Crunch Surprise,6.98,2,4.98,2.0,Lot's O' Nuts,119.0
2193,US-2022-125185-CHO-FUD-51000,2024-05-03,2024-08-28,Second Class,125185,United States,Bethlehem,Pennsylvania,18018,Chocolate,Atlantic,CHO-FUD-51000,Wonka Bar - Fudge Mallows,7.2,2,4.8,2.4,Lot's O' Nuts,117.0
2194,US-2022-140221-CHO-NUT-13000,2024-05-03,2024-08-30,Second Class,140221,United States,Chicago,Illinois,60653,Chocolate,Interior,CHO-NUT-13000,Wonka Bar - Nutty Crunch Surprise,17.45,5,12.45,5.0,Lot's O' Nuts,119.0
2195,US-2022-153108-CHO-FUD-51000,2024-05-03,2024-08-30,Standard Class,153108,United States,New Castle,Indiana,47362,Chocolate,Interior,CHO-FUD-51000,Wonka Bar - Fudge Mallows,25.2,7,16.8,8.4,Lot's O' Nuts,119.0
2196,US-2022-140221-CHO-TRI-54000,2024-05-03,2024-08-30,Second Class,140221,United States,Chicago,Illinois,60653,Chocolate,Interior,CHO-TRI-54000,Wonka Bar - Triple Dazzle Caramel,7.5,2,4.9,2.6,Wicked Choccy's,119.0
2197,US-2022-109001-CHO-NUT-13000,2024-05-03,2024-08-30,Standard Class,109001,United States,Philadelphia,Pennsylvania,19120,Chocolate,Atlantic,CHO-NUT-13000,Wonka Bar - Nutty Crunch Surprise,10.47,3,7.47,3.0,Lot's O' Nuts,119.0
2198,US-2022-109512-CHO-SCR-58000,2024-05-03,2024-08-26,Same Day,109512,United States,New York City,New York,10011,Chocolate,Atlantic,CHO-SCR-58000,Wonka Bar -Scrumdiddlyumptious,10.8,3,7.5,3.3,Lot's O' Nuts,115.0
2199,US-2022-151785-CHO-MIL-31000,2024-05-03,2024-08-31,Standard Class,151785,United States,Chicago,Illinois,60623,Chocolate,Interior,CHO-MIL-31000,Wonka Bar - Milk Chocolate,19.5,6,12.66,6.84,Wicked Choccy's,120.0
2200,US-2022-109512-CHO-SCR-58000,2024-05-03,2024-08-26,Same Day,109512,United States,New York City,New York,10011,Chocolate,Atlantic,CHO-SCR-58000,Wonka Bar -Scrumdiddlyumptious,14.4,4,10.0,4.4,Lot's O' Nuts,115.0
2201,US-2022-140221-CHO-FUD-51000,2024-05-03,2024-08-30,Second Class,140221,United States,Chicago,Illinois,60653,Chocolate,Interior,CHO-FUD-51000,Wonka Bar - Fudge Mallows,7.2,2,4.8,2.4,Lot's O' Nuts,119.0
2202,US-2022-109001-CHO-MIL-31000,2024-05-03,2024-08-30,Standard Class,109001,United States,Philadelphia,Pennsylvania,19120,Chocolate,Atlantic,CHO-MIL-31000,Wonka Bar - Milk Chocolate,3.25,1,2.11,1.14,Wicked Choccy's,119.0
2203,US-2022-120320-CHO-MIL-31000,2024-05-03,2024-08-30,Standard Class,120320,United States,Houston,Texas,77036,Chocolate,Interior,CHO-MIL-31000,Wonka Bar - Milk Chocolate,6.5,2,4.22,2.28,Wicked Choccy's,119.0
2204,US-2022-109001-CHO-NUT-13000,2024-05-03,2024-08-30,Standard Class,109001,United States,Philadelphia,Pennsylvania,19120,Chocolate,Atlantic,CHO-NUT-13000,Wonka Bar - Nutty Crunch Surprise,24.43,7,17.43,7.0,Lot's O' Nuts,119.0
2205,US-2022-153108-CHO-TRI-54000,2024-05-03,2024-08-30,Standard Class,153108,United States,New Castle,Indiana,47362,Chocolate,Interior,CHO-TRI-54000,Wonka Bar - Triple Dazzle Caramel,7.5,2,4.9,2.6,Wicked Choccy's,119.0
2206,US-2022-142944-CHO-FUD-51000,2024-06-03,2024-09-01,Standard Class,142944,United States,San Francisco,California,94122,Chocolate,Pacific,CHO-FUD-51000,Wonka Bar - Fudge Mallows,25.2,7,16.8,8.4,Lot's O' Nuts,90.0
2207,US-2022-142944-CHO-NUT-13000,2024-06-03,2024-09-01,Standard Class,142944,United States,San Francisco,California,94122,Chocolate,Pacific,CHO-NUT-13000,Wonka Bar - Nutty Crunch Surprise,6.98,2,4.98,2.0,Lot's O' Nuts,90.0
2208,US-2022-146255-CHO-MIL-31000,2024-07-03,2024-08-31,First Class,146255,United States,Newark,Delaware,19711,Chocolate,Atlantic,CHO-MIL-31000,Wonka Bar - Milk Chocolate,6.5,2,4.22,2.28,Wicked Choccy's,59.0
2209,US-2022-146255-CHO-MIL-31000,2024-07-03,2024-08-31,First Class,146255,United States,Newark,Delaware,19711,Chocolate,Atlantic,CHO-MIL-31000,Wonka Bar - Milk Chocolate,6.5,2,4.22,2.28,Wicked Choccy's,59.0
2210,US-2022-146255-CHO-MIL-31000,2024-07-03,2024-08-31,First Class,146255,United States,Newark,Delaware,19711,Chocolate,Atlantic,CHO-MIL-31000,Wonka Bar - Milk Chocolate,9.75,3,6.33,3.42,Wicked Choccy's,59.0
2211,US-2022-146255-CHO-SCR-58000,2024-07-03,2024-08-31,First Class,146255,United States,Newark,Delaware,19711,Chocolate,Atlantic,CHO-SCR-58000,Wonka Bar -Scrumdiddlyumptious,10.8,3,7.5,3.3,Lot's O' Nuts,59.0
2212,US-2022-105627-CHO-SCR-58000,2024-08-03,2024-09-02,Standard Class,105627,United States,Kenosha,Wisconsin,53142,Chocolate,Interior,CHO-SCR-58000,Wonka Bar -Scrumdiddlyumptious,10.8,3,7.5,3.3,Lot's O' Nuts,30.0
2213,US-2022-105627-CHO-MIL-31000,2024-08-03,2024-09-02,Standard Class,105627,United States,Kenosha,Wisconsin,53142,Chocolate,Interior,CHO-MIL-31000,Wonka Bar - Milk Chocolate,22.75,7,14.77,7.98,Wicked Choccy's,30.0
2214,US-2022-105627-CHO-FUD-51000,2024-08-03,2024-09-02,Standard Class,105627,United States,Kenosha,Wisconsin,53142,Chocolate,Interior,CHO-FUD-51000,Wonka Bar - Fudge Mallows,21.6,6,14.4,7.2,Lot's O' Nuts,30.0
2215,US-2022-107741-CHO-MIL-31000,2024-08-03,2024-08-31,First Class,107741,United States,Pueblo,Colorado,81001,Chocolate,Pacific,CHO-MIL-31000,Wonka Bar - Milk Chocolate,3.25,1,2.11,1.14,Wicked Choccy's,28.0
2216,US-2022-105627-CHO-FUD-51000,2024-08-03,2024-09-02,Standard Class,105627,United States,Kenosha,Wisconsin,53142,Chocolate,Interior,CHO-FUD-51000,Wonka Bar - Fudge Mallows,3.6,1,2.4,1.2,Lot's O' Nuts,30.0
2217,US-2022-132136-CHO-MIL-31000,2024-08-03,2024-09-02,Standard Class,132136,United States,Chicago,Illinois,60623,Chocolate,Interior,CHO-MIL-31000,Wonka Bar - Milk Chocolate,9.75,3,6.33,3.42,Wicked Choccy's,30.0
2218,US-2022-160213-CHO-NUT-13000,2024-08-03,2024-09-03,Standard Class,160213,United States,Long Beach,New York,11561,Chocolate,Atlantic,CHO-NUT-13000,Wonka Bar - Nutty Crunch Surprise,10.47,3,7.47,3.0,Lot's O' Nuts,31.0
2219,US-2022-105627-CHO-MIL-31000,2024-08-03,2024-09-02,Standard Class,105627,United States,Kenosha,Wisconsin,53142,Chocolate,Interior,CHO-MIL-31000,Wonka Bar - Milk Chocolate,16.25,5,10.55,5.7,Wicked Choccy's,30.0
2220,US-2022-110345-CHO-SCR-58000,2024-09-03,2025-09-01,Second Class,110345,United States,Raleigh,North Carolina,27604,Chocolate,Gulf,CHO-SCR-58000,Wonka Bar -Scrumdiddlyumptious,7.2,2,5.0,2.2,Lot's O' Nuts,363.0
2221,US-2022-123155-CHO-FUD-51000,2024-09-03,2025-09-02,First Class,123155,United States,San Antonio,Texas,78207,Chocolate,Interior,CHO-FUD-51000,Wonka Bar - Fudge Mallows,18.0,5,12.0,6.0,Lot's O' Nuts,364.0
2222,US-2022-123155-CHO-TRI-54000,2024-09-03,2025-09-02,First Class,123155,United States,San Antonio,Texas,78207,Chocolate,Interior,CHO-TRI-54000,Wonka Bar - Triple Dazzle Caramel,11.25,3,7.35,3.9,Wicked Choccy's,364.0
2223,US-2022-146829-CHO-FUD-51000,2024-10-03,2025-08-31,Same Day,146829,United States,Houston,Texas,77041,Chocolate,Interior,CHO-FUD-51000,Wonka Bar - Fudge Mallows,7.2,2,4.8,2.4,Lot's O' Nuts,332.0
2224,US-2022-118906-CHO-MIL-31000,2024-10-03,2025-08-31,Same Day,118906,United States,Clinton,Maryland,20735,Chocolate,Atlantic,CHO-MIL-31000,Wonka Bar - Milk Chocolate,19.5,6,12.66,6.84,Wicked Choccy's,332.0
2225,US-2022-128083-CHO-MIL-31000,2024-12-03,2025-09-07,Standard Class,128083,United States,Plantation,Florida,33317,Chocolate,Gulf,CHO-MIL-31000,Wonka Bar - Milk Chocolate,9.75,3,6.33,3.42,Wicked Choccy's,278.0
2226,US-2022-128083-CHO-MIL-31000,2024-12-03,2025-09-07,Standard Class,128083,United States,Plantation,Florida,33317,Chocolate,Gulf,CHO-MIL-31000,Wonka Bar - Milk Chocolate,13.0,4,8.44,4.56,Wicked Choccy's,278.0
2227,US-2022-128083-CHO-SCR-58000,2024-12-03,2025-09-07,Standard Class,128083,United States,Plantation,Florida,33317,Chocolate,Gulf,CHO-SCR-58000,Wonka Bar -Scrumdiddlyumptious,10.8,3,7.5,3.3,Lot's O' Nuts,278.0
2228,US-2022-148705-CHO-MIL-31000,2024-12-03,2025-09-08,Standard Class,148705,United States,Charlotte,North Carolina,28205,Chocolate,Gulf,CHO-MIL-31000,Wonka Bar - Milk Chocolate,6.5,2,4.22,2.28,Wicked Choccy's,279.0
2321,US-2022-122140-CHO-TRI-54000,2024-02-04,2024-09-28,Standard Class,122140,United States,Dallas,Texas,75220,Chocolate,Interior,CHO-TRI-54000,Wonka Bar - Triple Dazzle Caramel,7.5,2,4.9,2.6,Wicked Choccy's,237.0
2322,US-2022-136378-CHO-FUD-51000,2024-02-04,2024-09-28,Standard Class,136378,United States,Houston,Texas,77070,Chocolate,Interior,CHO-FUD-51000,Wonka Bar - Fudge Mallows,10.8,3,7.2,3.6,Lot's O' Nuts,237.0
2323,US-2022-122140-CHO-NUT-13000,2024-02-04,2024-09-28,Standard Class,122140,United States,Dallas,Texas,75220,Chocolate,Interior,CHO-NUT-13000,Wonka Bar - Nutty Crunch Surprise,24.43,7,17.43,7.0,Lot's O' Nuts,237.0
2324,US-2022-122140-CHO-NUT-13000,2024-02-04,2024-09-28,Standard Class,122140,United States,Dallas,Texas,75220,Chocolate,Interior,CHO-NUT-13000,Wonka Bar - Nutty Crunch Surprise,10.47,3,7.47,3.0,Lot's O' Nuts,237.0
2325,US-2022-159513-CHO-MIL-31000,2024-02-04,2024-09-30,Standard Class,159513,United States,Los Angeles,California,90049,Chocolate,Pacific,CHO-MIL-31000,Wonka Bar - Milk Chocolate,9.75,3,6.33,3.42,Wicked Choccy's,239.0
2326,US-2022-142811-CHO-SCR-58000,2024-02-04,2024-09-28,Standard Class,142811,United States,Mesa,Arizona,85204,Chocolate,Pacific,CHO-SCR-58000,Wonka Bar -Scrumdiddlyumptious,18.0,5,12.5,5.5,Lot's O' Nuts,237.0
2327,US-2022-110667-CHO-FUD-51000,2024-04-04,2024-09-29,Standard Class,110667,United States,New York City,New York,10009,Chocolate,Atlantic,CHO-FUD-51000,Wonka Bar - Fudge Mallows,7.2,2,4.8,2.4,Lot's O' Nuts,178.0
2328,US-2022-112452-CHO-NUT-13000,2024-04-04,2024-09-25,Same Day,112452,United States,Lansing,Michigan,48911,Chocolate,Interior,CHO-NUT-13000,Wonka Bar - Nutty Crunch Surprise,6.98,2,4.98,2.0,Lot's O' Nuts,174.0
2329,US-2022-110667-CHO-SCR-58000,2024-04-04,2024-09-29,Standard Class,110667,United States,New York City,New York,10009,Chocolate,Atlantic,CHO-SCR-58000,Wonka Bar -Scrumdiddlyumptious,7.2,2,5.0,2.2,Lot's O' Nuts,178.0
2330,US-2022-110667-CHO-SCR-58000,2024-04-04,2024-09-29,Standard Class,110667,United States,New York City,New York,10009,Chocolate,Atlantic,CHO-SCR-58000,Wonka Bar -Scrumdiddlyumptious,10.8,3,7.5,3.3,Lot's O' Nuts,178.0
2331,US-2022-112452-CHO-MIL-31000,2024-04-04,2024-09-25,Same Day,112452,United States,Lansing,Michigan,48911,Chocolate,Interior,CHO-MIL-31000,Wonka Bar - Milk Chocolate,6.5,2,4.22,2.28,Wicked Choccy's,174.0
2332,US-2022-110667-CHO-NUT-13000,2024-04-04,2024-09-29,Standard Class,110667,United States,New York City,New York,10009,Chocolate,Atlantic,CHO-NUT-13000,Wonka Bar - Nutty Crunch Surprise,13.96,4,9.96,4.0,Lot's O' Nuts,178.0
2333,US-2022-112452-CHO-NUT-13000,2024-04-04,2024-09-25,Same Day,112452,United States,Lansing,Michigan,48911,Chocolate,Interior,CHO-NUT-13000,Wonka Bar - Nutty Crunch Surprise,6.98,2,4.98,2.0,Lot's O' Nuts,174.0
2334,US-2022-112452-CHO-SCR-58000,2024-04-04,2024-09-25,Same Day,112452,United States,Lansing,Michigan,48911,Chocolate,Interior,CHO-SCR-58000,Wonka Bar -Scrumdiddlyumptious,7.2,2,5.0,2.2,Lot's O' Nuts,174.0
2335,US-2022-112452-CHO-NUT-13000,2024-04-04,2024-09-25,Same Day,112452,United States,Lansing,Michigan,48911,Chocolate,Interior,CHO-NUT-13000,Wonka Bar - Nutty Crunch Surprise,3.49,1,2.49,1.0,Lot's O' Nuts,174.0
2336,US-2022-167010-CHO-FUD-51000,2024-05-04,2024-10-01,Standard Class,167010,United States,Philadelphia,Pennsylvania,19143,Chocolate,Atlantic,CHO-FUD-51000,Wonka Bar - Fudge Mallows,18.0,5,12.0,6.0,Lot's O' Nuts,150.0
2337,US-2022-161452-CHO-NUT-13000,2024-05-04,2024-10-02,Standard Class,161452,United States,Los Angeles,California,90036,Chocolate,Pacific,CHO-NUT-13000,Wonka Bar - Nutty Crunch Surprise,10.47,3,7.47,3.0,Lot's O' Nuts,151.0
2338,US-2022-167010-CHO-MIL-31000,2024-05-04,2024-10-01,Standard Class,167010,United States,Philadelphia,Pennsylvania,19143,Chocolate,Atlantic,CHO-MIL-31000,Wonka Bar - Milk Chocolate,3.25,1,2.11,1.14,Wicked Choccy's,150.0
2339,US-2022-167010-CHO-FUD-51000,2024-05-04,2024-10-01,Standard Class,167010,United States,Philadelphia,Pennsylvania,19143,Chocolate,Atlantic,CHO-FUD-51000,Wonka Bar - Fudge Mallows,14.4,4,9.6,4.8,Lot's O' Nuts,150.0
2340,US-2022-167010-CHO-FUD-51000,2024-05-04,2024-10-01,Standard Class,167010,United States,Philadelphia,Pennsylvania,19143,Chocolate,Atlantic,CHO-FUD-51000,Wonka Bar - Fudge Mallows,25.2,7,16.8,8.4,Lot's O' Nuts,150.0
2341,US-2022-102855-CHO-FUD-51000,2024-05-04,2024-09-27,Same Day,102855,United States,Spokane,Washington,99207,Chocolate,Pacific,CHO-FUD-51000,Wonka Bar - Fudge Mallows,28.8,8,19.2,9.6,Lot's O' Nuts,146.0
2342,US-2022-167010-CHO-SCR-58000,2024-05-04,2024-10-01,Standard Class,167010,United States,Philadelphia,Pennsylvania,19143,Chocolate,Atlantic,CHO-SCR-58000,Wonka Bar -Scrumdiddlyumptious,14.4,4,10.0,4.4,Lot's O' Nuts,150.0
2343,US-2022-136476-CHO-MIL-31000,2024-05-04,2024-10-01,Standard Class,136476,United States,Bristol,Tennessee,37620,Chocolate,Gulf,CHO-MIL-31000,Wonka Bar - Milk Chocolate,3.25,1,2.11,1.14,Wicked Choccy's,150.0
2344,US-2022-119942-CHO-TRI-54000,2024-05-04,2024-09-28,First Class,119942,United States,Philadelphia,Pennsylvania,19120,Chocolate,Atlantic,CHO-TRI-54000,Wonka Bar - Triple Dazzle Caramel,22.5,6,14.7,7.8,Wicked Choccy's,147.0
2345,US-2022-167010-CHO-TRI-54000,2024-05-04,2024-10-01,Standard Class,167010,United States,Philadelphia,Pennsylvania,19143,Chocolate,Atlantic,CHO-TRI-54000,Wonka Bar - Triple Dazzle Caramel,15.0,4,9.8,5.2,Wicked Choccy's,150.0
2346,US-2022-102855-CHO-TRI-54000,2024-05-04,2024-09-27,Same Day,102855,United States,Spokane,Washington,99207,Chocolate,Pacific,CHO-TRI-54000,Wonka Bar - Triple Dazzle Caramel,22.5,6,14.7,7.8,Wicked Choccy's,146.0
2347,US-2022-167010-CHO-SCR-58000,2024-05-04,2024-10-01,Standard Class,167010,United States,Philadelphia,Pennsylvania,19143,Chocolate,Atlantic,CHO-SCR-58000,Wonka Bar -Scrumdiddlyumptious,18.0,5,12.5,5.5,Lot's O' Nuts,150.0
2348,US-2022-167010-CHO-TRI-54000,2024-05-04,2024-10-01,Standard Class,167010,United States,Philadelphia,Pennsylvania,19143,Chocolate,Atlantic,CHO-TRI-54000,Wonka Bar - Triple Dazzle Caramel,7.5,2,4.9,2.6,Wicked Choccy's,150.0
2349,US-2022-124541-CHO-TRI-54000,2024-06-04,2024-10-01,Standard Class,124541,United States,Houston,Texas,77041,Chocolate,Interior,CHO-TRI-54000,Wonka Bar - Triple Dazzle Caramel,33.75,9,22.05,11.7,Wicked Choccy's,119.0
2350,US-2022-124541-CHO-NUT-13000,2024-06-04,2024-10-01,Standard Class,124541,United States,Houston,Texas,77041,Chocolate,Interior,CHO-NUT-13000,Wonka Bar - Nutty Crunch Surprise,20.94,6,14.94,6.0,Lot's O' Nuts,119.0
2351,US-2022-124541-CHO-SCR-58000,2024-06-04,2024-10-01,Standard Class,124541,United States,Houston,Texas,77041,Chocolate,Interior,CHO-SCR-58000,Wonka Bar -Scrumdiddlyumptious,10.8,3,7.5,3.3,Lot's O' Nuts,119.0
2352,US-2022-100888-CHO-SCR-58000,2024-06-04,2024-10-01,Standard Class,100888,United States,Jacksonville,North Carolina,28540,Chocolate,Gulf,CHO-SCR-58000,Wonka Bar -Scrumdiddlyumptious,10.8,3,7.5,3.3,Lot's O' Nuts,119.0
2353,US-2022-124541-CHO-TRI-54000,2024-06-04,2024-10-01,Standard Class,124541,United States,Houston,Texas,77041,Chocolate,Interior,CHO-TRI-54000,Wonka Bar - Triple Dazzle Caramel,7.5,2,4.9,2.6,Wicked Choccy's,119.0
2354,US-2022-124541-CHO-SCR-58000,2024-06-04,2024-10-01,Standard Class,124541,United States,Houston,Texas,77041,Chocolate,Interior,CHO-SCR-58000,Wonka Bar -Scrumdiddlyumptious,7.2,2,5.0,2.2,Lot's O' Nuts,119.0
2355,US-2022-140025-CHO-TRI-54000,2024-07-04,2024-10-02,Standard Class,140025,United States,San Antonio,Texas,78207,Chocolate,Interior,CHO-TRI-54000,Wonka Bar - Triple Dazzle Caramel,30.0,8,19.6,10.4,Wicked Choccy's,90.0
2356,US-2022-130554-CHO-NUT-13000,2024-07-04,2024-09-30,First Class,130554,United States,Philadelphia,Pennsylvania,19140,Chocolate,Atlantic,CHO-NUT-13000,Wonka Bar - Nutty Crunch Surprise,10.47,3,7.47,3.0,Lot's O' Nuts,88.0
2357,US-2022-166492-CHO-NUT-13000,2024-07-04,2024-10-01,First Class,166492,United States,New York City,New York,10035,Chocolate,Atlantic,CHO-NUT-13000,Wonka Bar - Nutty Crunch Surprise,13.96,4,9.96,4.0,Lot's O' Nuts,89.0
2358,US-2022-166492-CHO-SCR-58000,2024-07-04,2024-10-01,First Class,166492,United States,New York City,New York,10035,Chocolate,Atlantic,CHO-SCR-58000,Wonka Bar -Scrumdiddlyumptious,7.2,2,5.0,2.2,Lot's O' Nuts,89.0
2359,US-2022-140025-CHO-FUD-51000,2024-07-04,2024-10-02,Standard Class,140025,United States,San Antonio,Texas,78207,Chocolate,Interior,CHO-FUD-51000,Wonka Bar - Fudge Mallows,21.6,6,14.4,7.2,Lot's O' Nuts,90.0
2360,US-2022-142027-CHO-SCR-58000,2024-09-04,2024-10-05,Standard Class,142027,United States,Long Beach,California,90805,Chocolate,Pacific,CHO-SCR-58000,Wonka Bar -Scrumdiddlyumptious,10.8,3,7.5,3.3,Lot's O' Nuts,31.0
2361,US-2022-101000-CHO-FUD-51000,2024-09-04,2024-10-05,Standard Class,101000,United States,Norwich,Connecticut,6360,Chocolate,Atlantic,CHO-FUD-51000,Wonka Bar - Fudge Mallows,10.8,3,7.2,3.6,Lot's O' Nuts,31.0
2362,US-2022-116512-CHO-MIL-31000,2024-09-04,2024-10-05,Standard Class,116512,United States,New York City,New York,10024,Chocolate,Atlantic,CHO-MIL-31000,Wonka Bar - Milk Chocolate,9.75,3,6.33,3.42,Wicked Choccy's,31.0
2363,US-2022-134201-CHO-TRI-54000,2024-10-04,2024-10-07,Standard Class,134201,United States,Rochester,New York,14609,Chocolate,Atlantic,CHO-TRI-54000,Wonka Bar - Triple Dazzle Caramel,11.25,3,7.35,3.9,Wicked Choccy's,3.0
2364,US-2022-168767-CHO-FUD-51000,2024-10-04,2024-10-06,Standard Class,168767,United States,Sacramento,California,95823,Chocolate,Pacific,CHO-FUD-51000,Wonka Bar - Fudge Mallows,7.2,2,4.8,2.4,Lot's O' Nuts,2.0
2365,US-2022-134201-CHO-MIL-31000,2024-10-04,2024-10-07,Standard Class,134201,United States,Rochester,New York,14609,Chocolate,Atlantic,CHO-MIL-31000,Wonka Bar - Milk Chocolate,13.0,4,8.44,4.56,Wicked Choccy's,3.0
2366,US-2022-125563-CHO-TRI-54000,2024-11-04,2025-10-08,Standard Class,125563,United States,Tampa,Florida,33614,Chocolate,Gulf,CHO-TRI-54000,Wonka Bar - Triple Dazzle Caramel,11.25,3,7.35,3.9,Wicked Choccy's,338.0
2367,US-2022-125563-CHO-TRI-54000,2024-11-04,2025-10-08,Standard Class,125563,United States,Tampa,Florida,33614,Chocolate,Gulf,CHO-TRI-54000,Wonka Bar - Triple Dazzle Caramel,7.5,2,4.9,2.6,Wicked Choccy's,338.0
2368,US-2022-111164-CHO-SCR-58000,2024-11-04,2025-10-06,Standard Class,111164,United States,New York City,New York,10009,Chocolate,Atlantic,CHO-SCR-58000,Wonka Bar -Scrumdiddlyumptious,18.0,5,12.5,5.5,Lot's O' Nuts,336.0
2369,US-2022-136987-CHO-FUD-51000,2024-11-04,2025-10-05,Second Class,136987,United States,Los Angeles,California,90004,Chocolate,Pacific,CHO-FUD-51000,Wonka Bar - Fudge Mallows,7.2,2,4.8,2.4,Lot's O' Nuts,335.0
2370,US-2022-111164-CHO-FUD-51000,2024-11-04,2025-10-06,Standard Class,111164,United States,New York City,New York,10009,Chocolate,Atlantic,CHO-FUD-51000,Wonka Bar - Fudge Mallows,10.8,3,7.2,3.6,Lot's O' Nuts,336.0
2371,US-2022-136987-CHO-FUD-51000,2024-11-04,2025-10-05,Second Class,136987,United States,Los Angeles,California,90004,Chocolate,Pacific,CHO-FUD-51000,Wonka Bar - Fudge Mallows,14.4,4,9.6,4.8,Lot's O' Nuts,335.0
2372,US-2022-111164-CHO-SCR-58000,2024-11-04,2025-10-06,Standard Class,111164,United States,New York City,New York,10009,Chocolate,Atlantic,CHO-SCR-58000,Wonka Bar -Scrumdiddlyumptious,3.6,1,2.5,1.1,Lot's O' Nuts,336.0
2373,US-2022-145415-CHO-MIL-31000,2024-12-04,2025-10-08,Second Class,145415,United States,Seattle,Washington,98103,Chocolate,Pacific,CHO-MIL-31000,Wonka Bar - Milk Chocolate,9.75,3,6.33,3.42,Wicked Choccy's,308.0
2481,US-2022-161998-CHO-TRI-54000,2024-01-05,2024-10-26,Standard Class,161998,United States,Tampa,Florida,33614,Chocolate,Gulf,CHO-TRI-54000,Wonka Bar - Triple Dazzle Caramel,11.25,3,7.35,3.9,Wicked Choccy's,295.0
2482,US-2022-161998-CHO-SCR-58000,2024-01-05,2024-10-26,Standard Class,161998,United States,Tampa,Florida,33614,Chocolate,Gulf,CHO-SCR-58000,Wonka Bar -Scrumdiddlyumptious,21.6,6,15.0,6.6,Lot's O' Nuts,295.0
2483,US-2022-104486-CHO-MIL-31000,2024-01-05,2024-10-27,Standard Class,104486,United States,San Francisco,California,94109,Chocolate,Pacific,CHO-MIL-31000,Wonka Bar - Milk Chocolate,3.25,1,2.11,1.14,Wicked Choccy's,296.0
2484,US-2022-104486-CHO-TRI-54000,2024-01-05,2024-10-27,Standard Class,104486,United States,San Francisco,California,94109,Chocolate,Pacific,CHO-TRI-54000,Wonka Bar - Triple Dazzle Caramel,11.25,3,7.35,3.9,Wicked Choccy's,296.0
2485,US-2022-104486-CHO-SCR-58000,2024-01-05,2024-10-27,Standard Class,104486,United States,San Francisco,California,94109,Chocolate,Pacific,CHO-SCR-58000,Wonka Bar -Scrumdiddlyumptious,7.2,2,5.0,2.2,Lot's O' Nuts,296.0
2486,US-2022-161998-CHO-SCR-58000,2024-01-05,2024-10-26,Standard Class,161998,United States,Tampa,Florida,33614,Chocolate,Gulf,CHO-SCR-58000,Wonka Bar -Scrumdiddlyumptious,10.8,3,7.5,3.3,Lot's O' Nuts,295.0
2487,US-2022-145821-CHO-MIL-31000,2024-01-05,2024-10-28,Standard Class,145821,United States,Los Angeles,California,90008,Chocolate,Pacific,CHO-MIL-31000,Wonka Bar - Milk Chocolate,9.75,3,6.33,3.42,Wicked Choccy's,297.0
2488,US-2022-116687-CHO-NUT-13000,2024-02-05,2024-10-28,Standard Class,116687,United States,Houston,Texas,77095,Chocolate,Interior,CHO-NUT-13000,Wonka Bar - Nutty Crunch Surprise,10.47,3,7.47,3.0,Lot's O' Nuts,266.0
2489,US-2022-116687-CHO-SCR-58000,2024-02-05,2024-10-28,Standard Class,116687,United States,Houston,Texas,77095,Chocolate,Interior,CHO-SCR-58000,Wonka Bar -Scrumdiddlyumptious,10.8,3,7.5,3.3,Lot's O' Nuts,266.0
2490,US-2022-112130-CHO-FUD-51000,2024-03-05,2024-10-28,Standard Class,112130,United States,Philadelphia,Pennsylvania,19140,Chocolate,Atlantic,CHO-FUD-51000,Wonka Bar - Fudge Mallows,21.6,6,14.4,7.2,Lot's O' Nuts,237.0
2491,US-2022-107937-CHO-TRI-54000,2024-03-05,2024-10-29,Standard Class,107937,United States,Chula Vista,California,91911,Chocolate,Pacific,CHO-TRI-54000,Wonka Bar - Triple Dazzle Caramel,22.5,6,14.7,7.8,Wicked Choccy's,238.0
2492,US-2022-112130-CHO-SCR-58000,2024-03-05,2024-10-28,Standard Class,112130,United States,Philadelphia,Pennsylvania,19140,Chocolate,Atlantic,CHO-SCR-58000,Wonka Bar -Scrumdiddlyumptious,7.2,2,5.0,2.2,Lot's O' Nuts,237.0
2493,US-2022-112130-CHO-MIL-31000,2024-03-05,2024-10-28,Standard Class,112130,United States,Philadelphia,Pennsylvania,19140,Chocolate,Atlantic,CHO-MIL-31000,Wonka Bar - Milk Chocolate,22.75,7,14.77,7.98,Wicked Choccy's,237.0
2494,US-2022-150770-CHO-SCR-58000,2024-03-05,2024-10-27,First Class,150770,United States,San Francisco,California,94109,Chocolate,Pacific,CHO-SCR-58000,Wonka Bar -Scrumdiddlyumptious,10.8,3,7.5,3.3,Lot's O' Nuts,236.0
2495,US-2022-112130-CHO-FUD-51000,2024-03-05,2024-10-28,Standard Class,112130,United States,Philadelphia,Pennsylvania,19140,Chocolate,Atlantic,CHO-FUD-51000,Wonka Bar - Fudge Mallows,7.2,2,4.8,2.4,Lot's O' Nuts,237.0
2496,US-2022-150770-CHO-FUD-51000,2024-03-05,2024-10-27,First Class,150770,United States,San Francisco,California,94109,Chocolate,Pacific,CHO-FUD-51000,Wonka Bar - Fudge Mallows,7.2,2,4.8,2.4,Lot's O' Nuts,236.0
2497,US-2022-150770-CHO-NUT-13000,2024-03-05,2024-10-27,First Class,150770,United States,San Francisco,California,94109,Chocolate,Pacific,CHO-NUT-13000,Wonka Bar - Nutty Crunch Surprise,6.98,2,4.98,2.0,Lot's O' Nuts,236.0
2498,US-2022-160864-CHO-NUT-13000,2024-03-05,2024-10-27,First Class,160864,United States,San Jose,California,95123,Chocolate,Pacific,CHO-NUT-13000,Wonka Bar - Nutty Crunch Surprise,10.47,3,7.47,3.0,Lot's O' Nuts,236.0
2499,US-2022-112130-CHO-FUD-51000,2024-03-05,2024-10-28,Standard Class,112130,United States,Philadelphia,Pennsylvania,19140,Chocolate,Atlantic,CHO-FUD-51000,Wonka Bar - Fudge Mallows,7.2,2,4.8,2.4,Lot's O' Nuts,237.0
2500,US-2022-112130-CHO-FUD-51000,2024-03-05,2024-10-28,Standard Class,112130,United States,Philadelphia,Pennsylvania,19140,Chocolate,Atlantic,CHO-FUD-51000,Wonka Bar - Fudge Mallows,10.8,3,7.2,3.6,Lot's O' Nuts,237.0
2501,US-2022-150770-CHO-TRI-54000,2024-03-05,2024-10-27,First Class,150770,United States,San Francisco,California,94109,Chocolate,Pacific,CHO-TRI-54000,Wonka Bar - Triple Dazzle Caramel,15.0,4,9.8,5.2,Wicked Choccy's,236.0
2502,US-2022-112130-CHO-FUD-51000,2024-03-05,2024-10-28,Standard Class,112130,United States,Philadelphia,Pennsylvania,19140,Chocolate,Atlantic,CHO-FUD-51000,Wonka Bar - Fudge Mallows,10.8,3,7.2,3.6,Lot's O' Nuts,237.0
2503,US-2022-129700-CHO-FUD-51000,2024-04-05,2024-10-26,First Class,129700,United States,Tinley Park,Illinois,60477,Chocolate,Interior,CHO-FUD-51000,Wonka Bar - Fudge Mallows,25.2,7,16.8,8.4,Lot's O' Nuts,204.0
2504,US-2022-144253-CHO-NUT-13000,2024-04-05,2024-10-30,Second Class,144253,United States,New York City,New York,10024,Chocolate,Atlantic,CHO-NUT-13000,Wonka Bar - Nutty Crunch Surprise,6.98,2,4.98,2.0,Lot's O' Nuts,208.0
2505,US-2022-146290-CHO-FUD-51000,2024-04-05,2024-11-01,Standard Class,146290,United States,Indianapolis,Indiana,46203,Chocolate,Interior,CHO-FUD-51000,Wonka Bar - Fudge Mallows,25.2,7,16.8,8.4,Lot's O' Nuts,210.0
2506,US-2022-110548-CHO-FUD-51000,2024-04-05,2024-10-29,Standard Class,110548,United States,Houston,Texas,77095,Chocolate,Interior,CHO-FUD-51000,Wonka Bar - Fudge Mallows,25.2,7,16.8,8.4,Lot's O' Nuts,207.0
2507,US-2022-137512-CHO-MIL-31000,2024-07-05,2024-11-02,Standard Class,137512,United States,Allen,Texas,75002,Chocolate,Interior,CHO-MIL-31000,Wonka Bar - Milk Chocolate,6.5,2,4.22,2.28,Wicked Choccy's,120.0
2508,US-2022-137512-CHO-TRI-54000,2024-07-05,2024-11-02,Standard Class,137512,United States,Allen,Texas,75002,Chocolate,Interior,CHO-TRI-54000,Wonka Bar - Triple Dazzle Caramel,15.0,4,9.8,5.2,Wicked Choccy's,120.0
2509,US-2022-147879-CHO-NUT-13000,2024-07-05,2024-11-02,Standard Class,147879,United States,Owensboro,Kentucky,42301,Chocolate,Gulf,CHO-NUT-13000,Wonka Bar - Nutty Crunch Surprise,6.98,2,4.98,2.0,Lot's O' Nuts,120.0
2510,CA-2022-132548-CHO-MIL-31000,2024-07-05,2024-11-02,Standard Class,132548,Canada,Toronto,Ontario,M3C,Chocolate,Atlantic,CHO-MIL-31000,Wonka Bar - Milk Chocolate,16.25,5,10.55,5.7,Wicked Choccy's,120.0
2511,CA-2022-132548-CHO-NUT-13000,2024-07-05,2024-11-02,Standard Class,132548,Canada,Toronto,Ontario,M3C,Chocolate,Atlantic,CHO-NUT-13000,Wonka Bar - Nutty Crunch Surprise,17.45,5,12.45,5.0,Lot's O' Nuts,120.0
2512,CA-2022-132548-CHO-SCR-58000,2024-07-05,2024-11-02,Standard Class,132548,Canada,Toronto,Ontario,M3C,Chocolate,Atlantic,CHO-SCR-58000,Wonka Bar -Scrumdiddlyumptious,18.0,5,12.5,5.5,Lot's O' Nuts,120.0
2513,CA-2022-132548-CHO-MIL-31000,2024-07-05,2024-11-02,Standard Class,132548,Canada,Toronto,Ontario,M3C,Chocolate,Atlantic,CHO-MIL-31000,Wonka Bar - Milk Chocolate,16.25,5,10.55,5.7,Wicked Choccy's,120.0
2514,US-2022-160857-CHO-SCR-58000,2024-08-05,2024-11-05,Standard Class,160857,United States,New York City,New York,10024,Chocolate,Atlantic,CHO-SCR-58000,Wonka Bar -Scrumdiddlyumptious,7.2,2,5.0,2.2,Lot's O' Nuts,92.0
2515,US-2022-136798-CHO-FUD-51000,2024-08-05,2024-11-02,Standard Class,136798,United States,Minneapolis,Minnesota,55407,Chocolate,Interior,CHO-FUD-51000,Wonka Bar - Fudge Mallows,10.8,3,7.2,3.6,Lot's O' Nuts,89.0
2516,US-2022-160857-CHO-TRI-54000,2024-08-05,2024-11-05,Standard Class,160857,United States,New York City,New York,10024,Chocolate,Atlantic,CHO-TRI-54000,Wonka Bar - Triple Dazzle Caramel,11.25,3,7.35,3.9,Wicked Choccy's,92.0
2517,US-2022-113971-CHO-NUT-13000,2024-08-05,2024-11-04,Standard Class,113971,United States,Cuyahoga Falls,Ohio,44221,Chocolate,Atlantic,CHO-NUT-13000,Wonka Bar - Nutty Crunch Surprise,20.94,6,14.94,6.0,Lot's O' Nuts,91.0
2518,US-2022-109939-CHO-SCR-58000,2024-08-05,2024-11-02,Standard Class,109939,United States,Salem,Oregon,97301,Chocolate,Pacific,CHO-SCR-58000,Wonka Bar -Scrumdiddlyumptious,7.2,2,5.0,2.2,Lot's O' Nuts,89.0
2519,US-2022-136798-CHO-MIL-31000,2024-08-05,2024-11-02,Standard Class,136798,United States,Minneapolis,Minnesota,55407,Chocolate,Interior,CHO-MIL-31000,Wonka Bar - Milk Chocolate,6.5,2,4.22,2.28,Wicked Choccy's,89.0
2520,US-2022-160857-CHO-SCR-58000,2024-08-05,2024-11-05,Standard Class,160857,United States,New York City,New York,10024,Chocolate,Atlantic,CHO-SCR-58000,Wonka Bar -Scrumdiddlyumptious,10.8,3,7.5,3.3,Lot's O' Nuts,92.0
2521,US-2022-142055-CHO-SCR-58000,2024-08-05,2024-10-31,First Class,142055,United States,New York City,New York,10009,Chocolate,Atlantic,CHO-SCR-58000,Wonka Bar -Scrumdiddlyumptious,7.2,2,5.0,2.2,Lot's O' Nuts,87.0
2522,US-2022-160857-CHO-SCR-58000,2024-08-05,2024-11-05,Standard Class,160857,United States,New York City,New York,10024,Chocolate,Atlantic,CHO-SCR-58000,Wonka Bar -Scrumdiddlyumptious,10.8,3,7.5,3.3,Lot's O' Nuts,92.0
2523,US-2022-160857-CHO-MIL-31000,2024-08-05,2024-11-05,Standard Class,160857,United States,New York City,New York,10024,Chocolate,Atlantic,CHO-MIL-31000,Wonka Bar - Milk Chocolate,22.75,7,14.77,7.98,Wicked Choccy's,92.0
2524,US-2022-136798-CHO-MIL-31000,2024-08-05,2024-11-02,Standard Class,136798,United States,Minneapolis,Minnesota,55407,Chocolate,Interior,CHO-MIL-31000,Wonka Bar - Milk Chocolate,9.75,3,6.33,3.42,Wicked Choccy's,89.0
2525,US-2022-155635-CHO-SCR-58000,2024-09-05,2024-11-03,Standard Class,155635,United States,Louisville,Kentucky,40214,Chocolate,Gulf,CHO-SCR-58000,Wonka Bar -Scrumdiddlyumptious,10.8,3,7.5,3.3,Lot's O' Nuts,59.0
2526,US-2022-129217-CHO-MIL-31000,2024-10-05,2024-10-31,Same Day,129217,United States,Aurora,Illinois,60505,Chocolate,Interior,CHO-MIL-31000,Wonka Bar - Milk Chocolate,16.25,5,10.55,5.7,Wicked Choccy's,26.0
2527,US-2022-129217-CHO-SCR-58000,2024-10-05,2024-10-31,Same Day,129217,United States,Aurora,Illinois,60505,Chocolate,Interior,CHO-SCR-58000,Wonka Bar -Scrumdiddlyumptious,7.2,2,5.0,2.2,Lot's O' Nuts,26.0
2528,US-2022-144043-CHO-TRI-54000,2024-10-05,2024-11-05,Standard Class,144043,United States,Louisville,Colorado,80027,Chocolate,Pacific,CHO-TRI-54000,Wonka Bar - Triple Dazzle Caramel,15.0,4,9.8,5.2,Wicked Choccy's,31.0
2529,US-2022-135727-CHO-SCR-58000,2024-11-05,2024-11-06,Second Class,135727,United States,Phoenix,Arizona,85023,Chocolate,Pacific,CHO-SCR-58000,Wonka Bar -Scrumdiddlyumptious,25.2,7,17.5,7.7,Lot's O' Nuts,1.0
2530,US-2022-131856-CHO-MIL-31000,2024-12-05,2025-11-07,Standard Class,131856,United States,Houston,Texas,77041,Chocolate,Interior,CHO-MIL-31000,Wonka Bar - Milk Chocolate,13.0,4,8.44,4.56,Wicked Choccy's,337.0
2531,US-2022-162607-CHO-TRI-54000,2024-12-05,2025-11-08,Standard Class,162607,United States,Seattle,Washington,98115,Chocolate,Pacific,CHO-TRI-54000,Wonka Bar - Triple Dazzle Caramel,11.25,3,7.35,3.9,Wicked Choccy's,338.0
2532,US-2022-131856-CHO-SCR-58000,2024-12-05,2025-11-07,Standard Class,131856,United States,Houston,Texas,77041,Chocolate,Interior,CHO-SCR-58000,Wonka Bar -Scrumdiddlyumptious,25.2,7,17.5,7.7,Lot's O' Nuts,337.0
2533,US-2022-159380-CHO-SCR-58000,2024-12-05,2025-11-06,Standard Class,159380,United States,San Francisco,California,94122,Chocolate,Pacific,CHO-SCR-58000,Wonka Bar -Scrumdiddlyumptious,10.8,3,7.5,3.3,Lot's O' Nuts,336.0
2534,US-2022-159380-CHO-NUT-13000,2024-12-05,2025-11-06,Standard Class,159380,United States,San Francisco,California,94122,Chocolate,Pacific,CHO-NUT-13000,Wonka Bar - Nutty Crunch Surprise,20.94,6,14.94,6.0,Lot's O' Nuts,336.0
2535,US-2022-130876-CHO-TRI-54000,2024-12-05,2025-11-06,Second Class,130876,United States,New York City,New York,10024,Chocolate,Atlantic,CHO-TRI-54000,Wonka Bar - Triple Dazzle Caramel,11.25,3,7.35,3.9,Wicked Choccy's,336.0
2536,US-2022-122910-CHO-MIL-31000,2024-12-05,2025-11-06,Standard Class,122910,United States,Louisville,Colorado,80027,Chocolate,Pacific,CHO-MIL-31000,Wonka Bar - Milk Chocolate,6.5,2,4.22,2.28,Wicked Choccy's,336.0
2537,US-2022-131856-CHO-TRI-54000,2024-12-05,2025-11-07,Standard Class,131856,United States,Houston,Texas,77041,Chocolate,Interior,CHO-TRI-54000,Wonka Bar - Triple Dazzle Caramel,22.5,6,14.7,7.8,Wicked Choccy's,337.0
2631,US-2022-163685-CHO-FUD-51000,2024-01-06,2024-11-26,Standard Class,163685,United States,San Antonio,Texas,78207,Chocolate,Interior,CHO-FUD-51000,Wonka Bar - Fudge Mallows,28.8,8,19.2,9.6,Lot's O' Nuts,325.0
2632,US-2022-132836-CHO-FUD-51000,2024-01-06,2024-11-26,Standard Class,132836,United States,Detroit,Michigan,48227,Chocolate,Interior,CHO-FUD-51000,Wonka Bar - Fudge Mallows,21.6,6,14.4,7.2,Lot's O' Nuts,325.0
2633,US-2022-132836-CHO-FUD-51000,2024-01-06,2024-11-26,Standard Class,132836,United States,Detroit,Michigan,48227,Chocolate,Interior,CHO-FUD-51000,Wonka Bar - Fudge Mallows,25.2,7,16.8,8.4,Lot's O' Nuts,325.0
2634,US-2022-161242-CHO-NUT-13000,2024-01-06,2024-11-29,Standard Class,161242,United States,Los Angeles,California,90045,Chocolate,Pacific,CHO-NUT-13000,Wonka Bar - Nutty Crunch Surprise,6.98,2,4.98,2.0,Lot's O' Nuts,328.0
2635,US-2022-163685-CHO-MIL-31000,2024-01-06,2024-11-26,Standard Class,163685,United States,San Antonio,Texas,78207,Chocolate,Interior,CHO-MIL-31000,Wonka Bar - Milk Chocolate,32.5,10,21.1,11.4,Wicked Choccy's,325.0
2636,US-2022-132836-CHO-MIL-31000,2024-01-06,2024-11-26,Standard Class,132836,United States,Detroit,Michigan,48227,Chocolate,Interior,CHO-MIL-31000,Wonka Bar - Milk Chocolate,6.5,2,4.22,2.28,Wicked Choccy's,325.0
2637,US-2022-132836-CHO-MIL-31000,2024-01-06,2024-11-26,Standard Class,132836,United States,Detroit,Michigan,48227,Chocolate,Interior,CHO-MIL-31000,Wonka Bar - Milk Chocolate,6.5,2,4.22,2.28,Wicked Choccy's,325.0
2638,US-2022-142020-CHO-NUT-13000,2024-04-06,2024-11-29,Second Class,142020,United States,New York City,New York,10024,Chocolate,Atlantic,CHO-NUT-13000,Wonka Bar - Nutty Crunch Surprise,10.47,3,7.47,3.0,Lot's O' Nuts,237.0
2639,US-2022-164833-CHO-MIL-31000,2024-04-06,2024-11-25,Same Day,164833,United States,Seattle,Washington,98105,Chocolate,Pacific,CHO-MIL-31000,Wonka Bar - Milk Chocolate,6.5,2,4.22,2.28,Wicked Choccy's,233.0
2640,US-2022-164833-CHO-NUT-13000,2024-04-06,2024-11-25,Same Day,164833,United States,Seattle,Washington,98105,Chocolate,Pacific,CHO-NUT-13000,Wonka Bar - Nutty Crunch Surprise,6.98,2,4.98,2.0,Lot's O' Nuts,233.0
2641,US-2022-142020-CHO-NUT-13000,2024-04-06,2024-11-29,Second Class,142020,United States,New York City,New York,10024,Chocolate,Atlantic,CHO-NUT-13000,Wonka Bar - Nutty Crunch Surprise,13.96,4,9.96,4.0,Lot's O' Nuts,237.0
2642,US-2022-158491-CHO-FUD-51000,2024-04-06,2024-11-30,Second Class,158491,United States,Los Angeles,California,90008,Chocolate,Pacific,CHO-FUD-51000,Wonka Bar - Fudge Mallows,7.2,2,4.8,2.4,Lot's O' Nuts,238.0
2643,US-2022-158491-CHO-MIL-31000,2024-04-06,2024-11-30,Second Class,158491,United States,Los Angeles,California,90008,Chocolate,Pacific,CHO-MIL-31000,Wonka Bar - Milk Chocolate,9.75,3,6.33,3.42,Wicked Choccy's,238.0
2644,US-2022-166947-CHO-MIL-31000,2024-05-06,2024-12-01,Standard Class,166947,United States,Buffalo,New York,14215,Chocolate,Atlantic,CHO-MIL-31000,Wonka Bar - Milk Chocolate,29.25,9,18.99,10.26,Wicked Choccy's,209.0
2645,US-2022-115168-CHO-NUT-13000,2024-05-06,2024-11-30,Standard Class,115168,United States,Saint Charles,Missouri,63301,Chocolate,Interior,CHO-NUT-13000,Wonka Bar - Nutty Crunch Surprise,6.98,2,4.98,2.0,Lot's O' Nuts,208.0
2646,US-2022-157343-CHO-MIL-31000,2024-07-06,2024-12-02,Standard Class,157343,United States,Philadelphia,Pennsylvania,19143,Chocolate,Atlantic,CHO-MIL-31000,Wonka Bar - Milk Chocolate,9.75,3,6.33,3.42,Wicked Choccy's,149.0
2647,US-2022-157343-CHO-FUD-51000,2024-07-06,2024-12-02,Standard Class,157343,United States,Philadelphia,Pennsylvania,19143,Chocolate,Atlantic,CHO-FUD-51000,Wonka Bar - Fudge Mallows,14.4,4,9.6,4.8,Lot's O' Nuts,149.0
2648,US-2022-142041-CHO-TRI-54000,2024-07-06,2024-11-30,Second Class,142041,United States,Los Angeles,California,90036,Chocolate,Pacific,CHO-TRI-54000,Wonka Bar - Triple Dazzle Caramel,18.75,5,12.25,6.5,Wicked Choccy's,147.0
2649,US-2022-157343-CHO-NUT-13000,2024-07-06,2024-12-02,Standard Class,157343,United States,Philadelphia,Pennsylvania,19143,Chocolate,Atlantic,CHO-NUT-13000,Wonka Bar - Nutty Crunch Surprise,17.45,5,12.45,5.0,Lot's O' Nuts,149.0
2650,US-2022-162201-CHO-MIL-31000,2024-08-06,2024-12-03,Standard Class,162201,United States,Saint Petersburg,Florida,33710,Chocolate,Gulf,CHO-MIL-31000,Wonka Bar - Milk Chocolate,22.75,7,14.77,7.98,Wicked Choccy's,119.0
2651,US-2022-164007-CHO-NUT-13000,2024-08-06,2024-12-03,Standard Class,164007,United States,Chicago,Illinois,60610,Chocolate,Interior,CHO-NUT-13000,Wonka Bar - Nutty Crunch Surprise,6.98,2,4.98,2.0,Lot's O' Nuts,119.0
2652,US-2022-162201-CHO-TRI-54000,2024-08-06,2024-12-03,Standard Class,162201,United States,Saint Petersburg,Florida,33710,Chocolate,Gulf,CHO-TRI-54000,Wonka Bar - Triple Dazzle Caramel,7.5,2,4.9,2.6,Wicked Choccy's,119.0
2653,US-2022-162201-CHO-TRI-54000,2024-08-06,2024-12-03,Standard Class,162201,United States,Saint Petersburg,Florida,33710,Chocolate,Gulf,CHO-TRI-54000,Wonka Bar - Triple Dazzle Caramel,7.5,2,4.9,2.6,Wicked Choccy's,119.0
2654,US-2022-162201-CHO-SCR-58000,2024-08-06,2024-12-03,Standard Class,162201,United States,Saint Petersburg,Florida,33710,Chocolate,Gulf,CHO-SCR-58000,Wonka Bar -Scrumdiddlyumptious,10.8,3,7.5,3.3,Lot's O' Nuts,119.0
2655,US-2022-162201-OTH-GUM-21000,2024-08-06,2024-12-03,Standard Class,162201,United States,Saint Petersburg,Florida,33710,Other,Gulf,OTH-GUM-21000,Wonka Gum,12.5,10,6.5,6.0,Secret Factory,119.0
2656,US-2022-162201-CHO-TRI-54000,2024-08-06,2024-12-03,Standard Class,162201,United States,Saint Petersburg,Florida,33710,Chocolate,Gulf,CHO-TRI-54000,Wonka Bar - Triple Dazzle Caramel,26.25,7,17.15,9.1,Wicked Choccy's,119.0
2657,US-2022-162201-CHO-TRI-54000,2024-08-06,2024-12-03,Standard Class,162201,United States,Saint Petersburg,Florida,33710,Chocolate,Gulf,CHO-TRI-54000,Wonka Bar - Triple Dazzle Caramel,15.0,4,9.8,5.2,Wicked Choccy's,119.0
2658,US-2022-164007-CHO-TRI-54000,2024-08-06,2024-12-03,Standard Class,164007,United States,Chicago,Illinois,60610,Chocolate,Interior,CHO-TRI-54000,Wonka Bar - Triple Dazzle Caramel,11.25,3,7.35,3.9,Wicked Choccy's,119.0
2659,US-2022-141012-CHO-FUD-51000,2024-09-06,2024-12-02,Second Class,141012,United States,Pocatello,Idaho,83201,Chocolate,Pacific,CHO-FUD-51000,Wonka Bar - Fudge Mallows,14.4,4,9.6,4.8,Lot's O' Nuts,87.0
2660,US-2022-110947-CHO-TRI-54000,2024-09-06,2024-12-06,Standard Class,110947,United States,Hampton,Virginia,23666,Chocolate,Gulf,CHO-TRI-54000,Wonka Bar - Triple Dazzle Caramel,11.25,3,7.35,3.9,Wicked Choccy's,91.0
2661,US-2022-101868-CHO-MIL-31000,2024-09-06,2024-12-07,Standard Class,101868,United States,Miami,Florida,33178,Chocolate,Gulf,CHO-MIL-31000,Wonka Bar - Milk Chocolate,9.75,3,6.33,3.42,Wicked Choccy's,92.0
2662,US-2022-101868-CHO-TRI-54000,2024-09-06,2024-12-07,Standard Class,101868,United States,Miami,Florida,33178,Chocolate,Gulf,CHO-TRI-54000,Wonka Bar - Triple Dazzle Caramel,18.75,5,12.25,6.5,Wicked Choccy's,92.0
2663,US-2022-144190-CHO-MIL-31000,2024-09-06,2024-12-04,Standard Class,144190,United States,Royal Oak,Michigan,48073,Chocolate,Interior,CHO-MIL-31000,Wonka Bar - Milk Chocolate,6.5,2,4.22,2.28,Wicked Choccy's,89.0
2664,US-2022-101868-CHO-TRI-54000,2024-09-06,2024-12-07,Standard Class,101868,United States,Miami,Florida,33178,Chocolate,Gulf,CHO-TRI-54000,Wonka Bar - Triple Dazzle Caramel,18.75,5,12.25,6.5,Wicked Choccy's,92.0
2665,US-2022-141012-CHO-NUT-13000,2024-09-06,2024-12-02,Second Class,141012,United States,Pocatello,Idaho,83201,Chocolate,Pacific,CHO-NUT-13000,Wonka Bar - Nutty Crunch Surprise,10.47,3,7.47,3.0,Lot's O' Nuts,87.0
2666,US-2022-121720-CHO-TRI-54000,2024-11-06,2024-12-03,First Class,121720,United States,Lakeland,Florida,33801,Chocolate,Gulf,CHO-TRI-54000,Wonka Bar - Triple Dazzle Caramel,18.75,5,12.25,6.5,Wicked Choccy's,27.0
2667,US-2022-121720-CHO-TRI-54000,2024-11-06,2024-12-03,First Class,121720,United States,Lakeland,Florida,33801,Chocolate,Gulf,CHO-TRI-54000,Wonka Bar - Triple Dazzle Caramel,11.25,3,7.35,3.9,Wicked Choccy's,27.0
2668,US-2022-123960-CHO-FUD-51000,2024-11-06,2024-12-07,Standard Class,123960,United States,Monroe,Louisiana,71203,Chocolate,Gulf,CHO-FUD-51000,Wonka Bar - Fudge Mallows,7.2,2,4.8,2.4,Lot's O' Nuts,31.0
2669,US-2022-121720-CHO-MIL-31000,2024-11-06,2024-12-03,First Class,121720,United States,Lakeland,Florida,33801,Chocolate,Gulf,CHO-MIL-31000,Wonka Bar - Milk Chocolate,6.5,2,4.22,2.28,Wicked Choccy's,27.0
2670,US-2022-123960-CHO-FUD-51000,2024-11-06,2024-12-07,Standard Class,123960,United States,Monroe,Louisiana,71203,Chocolate,Gulf,CHO-FUD-51000,Wonka Bar - Fudge Mallows,7.2,2,4.8,2.4,Lot's O' Nuts,31.0
2671,US-2022-121720-CHO-SCR-58000,2024-11-06,2024-12-03,First Class,121720,United States,Lakeland,Florida,33801,Chocolate,Gulf,CHO-SCR-58000,Wonka Bar -Scrumdiddlyumptious,7.2,2,5.0,2.2,Lot's O' Nuts,27.0
2672,US-2022-123960-CHO-TRI-54000,2024-11-06,2024-12-07,Standard Class,123960,United States,Monroe,Louisiana,71203,Chocolate,Gulf,CHO-TRI-54000,Wonka Bar - Triple Dazzle Caramel,26.25,7,17.15,9.1,Wicked Choccy's,31.0
2673,US-2022-121720-CHO-SCR-58000,2024-11-06,2024-12-03,First Class,121720,United States,Lakeland,Florida,33801,Chocolate,Gulf,CHO-SCR-58000,Wonka Bar -Scrumdiddlyumptious,18.0,5,12.5,5.5,Lot's O' Nuts,27.0
2674,US-2022-123960-CHO-FUD-51000,2024-11-06,2024-12-07,Standard Class,123960,United States,Monroe,Louisiana,71203,Chocolate,Gulf,CHO-FUD-51000,Wonka Bar - Fudge Mallows,18.0,5,12.0,6.0,Lot's O' Nuts,31.0
2675,US-2022-121720-CHO-MIL-31000,2024-11-06,2024-12-03,First Class,121720,United States,Lakeland,Florida,33801,Chocolate,Gulf,CHO-MIL-31000,Wonka Bar - Milk Chocolate,6.5,2,4.22,2.28,Wicked Choccy's,27.0
2676,US-2022-121720-CHO-TRI-54000,2024-11-06,2024-12-03,First Class,121720,United States,Lakeland,Florida,33801,Chocolate,Gulf,CHO-TRI-54000,Wonka Bar - Triple Dazzle Caramel,15.0,4,9.8,5.2,Wicked Choccy's,27.0
2677,US-2022-123960-CHO-NUT-13000,2024-11-06,2024-12-07,Standard Class,123960,United States,Monroe,Louisiana,71203,Chocolate,Gulf,CHO-NUT-13000,Wonka Bar - Nutty Crunch Surprise,20.94,6,14.94,6.0,Lot's O' Nuts,31.0
2678,US-2022-121720-CHO-TRI-54000,2024-11-06,2024-12-03,First Class,121720,United States,Lakeland,Florida,33801,Chocolate,Gulf,CHO-TRI-54000,Wonka Bar - Triple Dazzle Caramel,7.5,2,4.9,2.6,Wicked Choccy's,27.0
2679,US-2022-139850-CHO-NUT-13000,2024-12-06,2024-12-08,Standard Class,139850,United States,Philadelphia,Pennsylvania,19134,Chocolate,Atlantic,CHO-NUT-13000,Wonka Bar - Nutty Crunch Surprise,6.98,2,4.98,2.0,Lot's O' Nuts,2.0
2680,US-2022-139850-CHO-NUT-13000,2024-12-06,2024-12-08,Standard Class,139850,United States,Philadelphia,Pennsylvania,19134,Chocolate,Atlantic,CHO-NUT-13000,Wonka Bar - Nutty Crunch Surprise,13.96,4,9.96,4.0,Lot's O' Nuts,2.0
2681,US-2022-131779-CHO-MIL-31000,2024-12-06,2024-12-08,Standard Class,131779,United States,Newark,Delaware,19711,Chocolate,Atlantic,CHO-MIL-31000,Wonka Bar - Milk Chocolate,16.25,5,10.55,5.7,Wicked Choccy's,2.0
2682,US-2022-136105-CHO-TRI-54000,2024-12-06,2024-12-07,Standard Class,136105,United States,Columbus,Indiana,47201,Chocolate,Interior,CHO-TRI-54000,Wonka Bar - Triple Dazzle Caramel,7.5,2,4.9,2.6,Wicked Choccy's,1.0
2683,US-2022-104115-CHO-TRI-54000,2024-12-06,2024-12-07,Standard Class,104115,United States,West Palm Beach,Florida,33407,Chocolate,Gulf,CHO-TRI-54000,Wonka Bar - Triple Dazzle Caramel,7.5,2,4.9,2.6,Wicked Choccy's,1.0
2769,US-2022-157322-CHO-MIL-31000,2024-02-07,2024-12-27,Standard Class,157322,United States,Carol Stream,Illinois,60188,Chocolate,Interior,CHO-MIL-31000,Wonka Bar - Milk Chocolate,19.5,6,12.66,6.84,Wicked Choccy's,324.0
2770,US-2022-157322-CHO-NUT-13000,2024-02-07,2024-12-27,Standard Class,157322,United States,Carol Stream,Illinois,60188,Chocolate,Interior,CHO-NUT-13000,Wonka Bar - Nutty Crunch Surprise,6.98,2,4.98,2.0,Lot's O' Nuts,324.0
2771,US-2022-140718-CHO-SCR-58000,2024-02-07,2024-12-25,First Class,140718,United States,Raleigh,North Carolina,27604,Chocolate,Gulf,CHO-SCR-58000,Wonka Bar -Scrumdiddlyumptious,36.0,10,25.0,11.0,Lot's O' Nuts,322.0
2772,US-2022-120397-CHO-FUD-51000,2024-02-07,2024-12-23,Same Day,120397,United States,Houston,Texas,77070,Chocolate,Interior,CHO-FUD-51000,Wonka Bar - Fudge Mallows,14.4,4,9.6,4.8,Lot's O' Nuts,320.0
2773,US-2022-140718-CHO-SCR-58000,2024-02-07,2024-12-25,First Class,140718,United States,Raleigh,North Carolina,27604,Chocolate,Gulf,CHO-SCR-58000,Wonka Bar -Scrumdiddlyumptious,7.2,2,5.0,2.2,Lot's O' Nuts,322.0
2774,US-2022-111703-CHO-MIL-31000,2024-02-07,2024-12-30,Standard Class,111703,United States,Hollywood,Florida,33021,Chocolate,Gulf,CHO-MIL-31000,Wonka Bar - Milk Chocolate,9.75,3,6.33,3.42,Wicked Choccy's,327.0
2775,US-2022-157322-CHO-FUD-51000,2024-02-07,2024-12-27,Standard Class,157322,United States,Carol Stream,Illinois,60188,Chocolate,Interior,CHO-FUD-51000,Wonka Bar - Fudge Mallows,7.2,2,4.8,2.4,Lot's O' Nuts,324.0
2776,US-2022-140718-CHO-SCR-58000,2024-02-07,2024-12-25,First Class,140718,United States,Raleigh,North Carolina,27604,Chocolate,Gulf,CHO-SCR-58000,Wonka Bar -Scrumdiddlyumptious,7.2,2,5.0,2.2,Lot's O' Nuts,322.0
2777,US-2022-111703-CHO-NUT-13000,2024-02-07,2024-12-30,Standard Class,111703,United States,Hollywood,Florida,33021,Chocolate,Gulf,CHO-NUT-13000,Wonka Bar - Nutty Crunch Surprise,10.47,3,7.47,3.0,Lot's O' Nuts,327.0
2778,US-2022-150196-CHO-NUT-13000,2024-02-07,2024-12-24,First Class,150196,United States,New York City,New York,10024,Chocolate,Atlantic,CHO-NUT-13000,Wonka Bar - Nutty Crunch Surprise,10.47,3,7.47,3.0,Lot's O' Nuts,321.0
2779,US-2022-157322-CHO-TRI-54000,2024-02-07,2024-12-27,Standard Class,157322,United States,Carol Stream,Illinois,60188,Chocolate,Interior,CHO-TRI-54000,Wonka Bar - Triple Dazzle Caramel,11.25,3,7.35,3.9,Wicked Choccy's,324.0
2780,US-2022-157322-CHO-SCR-58000,2024-02-07,2024-12-27,Standard Class,157322,United States,Carol Stream,Illinois,60188,Chocolate,Interior,CHO-SCR-58000,Wonka Bar -Scrumdiddlyumptious,18.0,5,12.5,5.5,Lot's O' Nuts,324.0
2781,US-2022-140718-CHO-NUT-13000,2024-02-07,2024-12-25,First Class,140718,United States,Raleigh,North Carolina,27604,Chocolate,Gulf,CHO-NUT-13000,Wonka Bar - Nutty Crunch Surprise,3.49,1,2.49,1.0,Lot's O' Nuts,322.0
2782,US-2022-128139-CHO-TRI-54000,2024-03-07,2024-12-30,Standard Class,128139,United States,Richmond,Kentucky,40475,Chocolate,Gulf,CHO-TRI-54000,Wonka Bar - Triple Dazzle Caramel,3.75,1,2.45,1.3,Wicked Choccy's,298.0
2783,US-2022-153500-CHO-TRI-54000,2024-03-07,2024-12-26,First Class,153500,United States,Philadelphia,Pennsylvania,19134,Chocolate,Atlantic,CHO-TRI-54000,Wonka Bar - Triple Dazzle Caramel,7.5,2,4.9,2.6,Wicked Choccy's,294.0
2784,US-2022-153500-OTH-KAZ-38000,2024-03-07,2024-12-26,First Class,153500,United States,Philadelphia,Pennsylvania,19134,Other,Atlantic,OTH-KAZ-38000,Kazookles,29.25,9,2.25,27.0,Secret Factory,294.0
2785,US-2022-128139-CHO-FUD-51000,2024-03-07,2024-12-30,Standard Class,128139,United States,Richmond,Kentucky,40475,Chocolate,Gulf,CHO-FUD-51000,Wonka Bar - Fudge Mallows,10.8,3,7.2,3.6,Lot's O' Nuts,298.0
2786,US-2022-153500-CHO-FUD-51000,2024-03-07,2024-12-26,First Class,153500,United States,Philadelphia,Pennsylvania,19134,Chocolate,Atlantic,CHO-FUD-51000,Wonka Bar - Fudge Mallows,7.2,2,4.8,2.4,Lot's O' Nuts,294.0
2787,US-2022-124268-CHO-NUT-13000,2024-04-07,2024-12-29,Standard Class,124268,United States,New York City,New York,10035,Chocolate,Atlantic,CHO-NUT-13000,Wonka Bar - Nutty Crunch Surprise,10.47,3,7.47,3.0,Lot's O' Nuts,266.0
2788,US-2022-152513-CHO-MIL-31000,2024-04-07,2024-12-29,Second Class,152513,United States,San Diego,California,92024,Chocolate,Pacific,CHO-MIL-31000,Wonka Bar - Milk Chocolate,6.5,2,4.22,2.28,Wicked Choccy's,266.0
2789,US-2022-154956-CHO-MIL-31000,2024-04-07,2024-12-30,Standard Class,154956,United States,Milwaukee,Wisconsin,53209,Chocolate,Interior,CHO-MIL-31000,Wonka Bar - Milk Chocolate,13.0,4,8.44,4.56,Wicked Choccy's,267.0
2790,US-2022-116750-CHO-SCR-58000,2024-05-07,2024-12-31,Second Class,116750,United States,Fayetteville,North Carolina,28314,Chocolate,Gulf,CHO-SCR-58000,Wonka Bar -Scrumdiddlyumptious,7.2,2,5.0,2.2,Lot's O' Nuts,238.0
2791,US-2022-158911-CHO-SCR-58000,2024-05-07,2025-01-01,Standard Class,158911,United States,Charlotte,North Carolina,28205,Chocolate,Gulf,CHO-SCR-58000,Wonka Bar -Scrumdiddlyumptious,7.2,2,5.0,2.2,Lot's O' Nuts,239.0
2792,US-2022-130610-CHO-FUD-51000,2024-05-07,2024-12-31,Standard Class,130610,United States,Sterling Heights,Michigan,48310,Chocolate,Interior,CHO-FUD-51000,Wonka Bar - Fudge Mallows,18.0,5,12.0,6.0,Lot's O' Nuts,238.0
2793,US-2022-116750-CHO-SCR-58000,2024-05-07,2024-12-31,Second Class,116750,United States,Fayetteville,North Carolina,28314,Chocolate,Gulf,CHO-SCR-58000,Wonka Bar -Scrumdiddlyumptious,18.0,5,12.5,5.5,Lot's O' Nuts,238.0
2794,US-2022-158911-CHO-NUT-13000,2024-05-07,2025-01-01,Standard Class,158911,United States,Charlotte,North Carolina,28205,Chocolate,Gulf,CHO-NUT-13000,Wonka Bar - Nutty Crunch Surprise,10.47,3,7.47,3.0,Lot's O' Nuts,239.0
2795,US-2022-164336-CHO-MIL-31000,2024-05-07,2024-12-31,Standard Class,164336,United States,Philadelphia,Pennsylvania,19140,Chocolate,Atlantic,CHO-MIL-31000,Wonka Bar - Milk Chocolate,9.75,3,6.33,3.42,Wicked Choccy's,238.0
2796,US-2022-164336-CHO-MIL-31000,2024-05-07,2024-12-31,Standard Class,164336,United States,Philadelphia,Pennsylvania,19140,Chocolate,Atlantic,CHO-MIL-31000,Wonka Bar - Milk Chocolate,9.75,3,6.33,3.42,Wicked Choccy's,238.0
2797,US-2022-146087-CHO-FUD-51000,2024-06-07,2025-01-01,Standard Class,146087,United States,Holyoke,Massachusetts,1040,Chocolate,Atlantic,CHO-FUD-51000,Wonka Bar - Fudge Mallows,7.2,2,4.8,2.4,Lot's O' Nuts,208.0
2798,US-2022-161627-CHO-SCR-58000,2024-06-07,2025-01-01,Standard Class,161627,United States,Pasadena,California,91104,Chocolate,Pacific,CHO-SCR-58000,Wonka Bar -Scrumdiddlyumptious,10.8,3,7.5,3.3,Lot's O' Nuts,208.0
2799,US-2022-108665-CHO-MIL-31000,2024-06-07,2024-12-31,Standard Class,108665,United States,New York City,New York,10011,Chocolate,Atlantic,CHO-MIL-31000,Wonka Bar - Milk Chocolate,9.75,3,6.33,3.42,Wicked Choccy's,207.0
2800,US-2022-108665-CHO-FUD-51000,2024-06-07,2024-12-31,Standard Class,108665,United States,New York City,New York,10011,Chocolate,Atlantic,CHO-FUD-51000,Wonka Bar - Fudge Mallows,7.2,2,4.8,2.4,Lot's O' Nuts,207.0
2801,US-2022-116260-CHO-MIL-31000,2024-06-07,2025-01-02,Standard Class,116260,United States,Vineland,New Jersey,8360,Chocolate,Atlantic,CHO-MIL-31000,Wonka Bar - Milk Chocolate,13.0,4,8.44,4.56,Wicked Choccy's,209.0
2802,US-2022-108665-CHO-SCR-58000,2024-06-07,2024-12-31,Standard Class,108665,United States,New York City,New York,10011,Chocolate,Atlantic,CHO-SCR-58000,Wonka Bar -Scrumdiddlyumptious,18.0,5,12.5,5.5,Lot's O' Nuts,207.0
2803,US-2022-108665-CHO-SCR-58000,2024-06-07,2024-12-31,Standard Class,108665,United States,New York City,New York,10011,Chocolate,Atlantic,CHO-SCR-58000,Wonka Bar -Scrumdiddlyumptious,18.0,5,12.5,5.5,Lot's O' Nuts,207.0
2804,US-2022-129392-CHO-SCR-58000,2024-08-07,2024-12-29,Same Day,129392,United States,Houston,Texas,77070,Chocolate,Interior,CHO-SCR-58000,Wonka Bar -Scrumdiddlyumptious,18.0,5,12.5,5.5,Lot's O' Nuts,144.0
2805,US-2022-132626-CHO-FUD-51000,2024-09-07,2025-01-04,Standard Class,132626,United States,Clinton,Maryland,20735,Chocolate,Atlantic,CHO-FUD-51000,Wonka Bar - Fudge Mallows,7.2,2,4.8,2.4,Lot's O' Nuts,119.0
2806,US-2022-123456-CHO-FUD-51000,2024-09-07,2025-01-03,Standard Class,123456,United States,Dallas,Texas,75220,Chocolate,Interior,CHO-FUD-51000,Wonka Bar - Fudge Mallows,7.2,2,4.8,2.4,Lot's O' Nuts,118.0
2807,US-2022-153626-CHO-TRI-54000,2024-09-07,2025-01-04,Standard Class,153626,United States,Nashville,Tennessee,37211,Chocolate,Gulf,CHO-TRI-54000,Wonka Bar - Triple Dazzle Caramel,11.25,3,7.35,3.9,Wicked Choccy's,119.0
2808,US-2022-132626-CHO-NUT-13000,2024-09-07,2025-01-04,Standard Class,132626,United States,Clinton,Maryland,20735,Chocolate,Atlantic,CHO-NUT-13000,Wonka Bar - Nutty Crunch Surprise,13.96,4,9.96,4.0,Lot's O' Nuts,119.0
2809,US-2022-111094-CHO-MIL-31000,2024-09-07,2025-01-03,Standard Class,111094,United States,Franklin,Massachusetts,2038,Chocolate,Atlantic,CHO-MIL-31000,Wonka Bar - Milk Chocolate,9.75,3,6.33,3.42,Wicked Choccy's,118.0
2810,US-2022-132626-CHO-TRI-54000,2024-09-07,2025-01-04,Standard Class,132626,United States,Clinton,Maryland,20735,Chocolate,Atlantic,CHO-TRI-54000,Wonka Bar - Triple Dazzle Caramel,22.5,6,14.7,7.8,Wicked Choccy's,119.0
2811,US-2022-132626-CHO-TRI-54000,2024-09-07,2025-01-04,Standard Class,132626,United States,Clinton,Maryland,20735,Chocolate,Atlantic,CHO-TRI-54000,Wonka Bar - Triple Dazzle Caramel,11.25,3,7.35,3.9,Wicked Choccy's,119.0
2812,US-2022-132626-CHO-TRI-54000,2024-09-07,2025-01-04,Standard Class,132626,United States,Clinton,Maryland,20735,Chocolate,Atlantic,CHO-TRI-54000,Wonka Bar - Triple Dazzle Caramel,33.75,9,22.05,11.7,Wicked Choccy's,119.0
2813,US-2022-132626-CHO-MIL-31000,2024-09-07,2025-01-04,Standard Class,132626,United States,Clinton,Maryland,20735,Chocolate,Atlantic,CHO-MIL-31000,Wonka Bar - Milk Chocolate,13.0,4,8.44,4.56,Wicked Choccy's,119.0
2814,US-2022-132626-CHO-NUT-13000,2024-09-07,2025-01-04,Standard Class,132626,United States,Clinton,Maryland,20735,Chocolate,Atlantic,CHO-NUT-13000,Wonka Bar - Nutty Crunch Surprise,10.47,3,7.47,3.0,Lot's O' Nuts,119.0
2815,US-2022-111094-CHO-NUT-13000,2024-09-07,2025-01-03,Standard Class,111094,United States,Franklin,Massachusetts,2038,Chocolate,Atlantic,CHO-NUT-13000,Wonka Bar - Nutty Crunch Surprise,6.98,2,4.98,2.0,Lot's O' Nuts,118.0
2816,US-2022-132626-CHO-TRI-54000,2024-09-07,2025-01-04,Standard Class,132626,United States,Clinton,Maryland,20735,Chocolate,Atlantic,CHO-TRI-54000,Wonka Bar - Triple Dazzle Caramel,26.25,7,17.15,9.1,Wicked Choccy's,119.0
2817,US-2022-132626-CHO-FUD-51000,2024-09-07,2025-01-04,Standard Class,132626,United States,Clinton,Maryland,20735,Chocolate,Atlantic,CHO-FUD-51000,Wonka Bar - Fudge Mallows,10.8,3,7.2,3.6,Lot's O' Nuts,119.0
2818,US-2022-135314-CHO-NUT-13000,2024-09-07,2025-01-04,Second Class,135314,United States,Philadelphia,Pennsylvania,19120,Chocolate,Atlantic,CHO-NUT-13000,Wonka Bar - Nutty Crunch Surprise,10.47,3,7.47,3.0,Lot's O' Nuts,119.0
2819,US-2022-149384-CHO-SCR-58000,2024-10-07,2024-12-31,Same Day,149384,United States,Tempe,Arizona,85281,Chocolate,Pacific,CHO-SCR-58000,Wonka Bar -Scrumdiddlyumptious,10.8,3,7.5,3.3,Lot's O' Nuts,85.0
2820,US-2022-107020-CHO-FUD-51000,2024-10-07,2025-01-04,Standard Class,107020,United States,San Bernardino,California,92404,Chocolate,Pacific,CHO-FUD-51000,Wonka Bar - Fudge Mallows,7.2,2,4.8,2.4,Lot's O' Nuts,89.0
2821,US-2022-142237-CHO-NUT-13000,2024-11-07,2025-01-03,First Class,142237,United States,Philadelphia,Pennsylvania,19134,Chocolate,Atlantic,CHO-NUT-13000,Wonka Bar - Nutty Crunch Surprise,27.92,8,19.92,8.0,Lot's O' Nuts,57.0
2822,US-2022-142237-CHO-MIL-31000,2024-11-07,2025-01-03,First Class,142237,United States,Philadelphia,Pennsylvania,19134,Chocolate,Atlantic,CHO-MIL-31000,Wonka Bar - Milk Chocolate,19.5,6,12.66,6.84,Wicked Choccy's,57.0
2823,US-2022-142237-CHO-FUD-51000,2024-11-07,2025-01-03,First Class,142237,United States,Philadelphia,Pennsylvania,19134,Chocolate,Atlantic,CHO-FUD-51000,Wonka Bar - Fudge Mallows,25.2,7,16.8,8.4,Lot's O' Nuts,57.0
2824,US-2022-136469-CHO-NUT-13000,2024-11-07,2025-01-02,First Class,136469,United States,Wilmington,Delaware,19805,Chocolate,Atlantic,CHO-NUT-13000,Wonka Bar - Nutty Crunch Surprise,13.96,4,9.96,4.0,Lot's O' Nuts,56.0
2825,US-2022-142237-CHO-MIL-31000,2024-11-07,2025-01-03,First Class,142237,United States,Philadelphia,Pennsylvania,19134,Chocolate,Atlantic,CHO-MIL-31000,Wonka Bar - Milk Chocolate,16.25,5,10.55,5.7,Wicked Choccy's,57.0
2826,US-2022-142419-CHO-MIL-31000,2024-11-07,2025-01-03,Second Class,142419,United States,Seattle,Washington,98115,Chocolate,Pacific,CHO-MIL-31000,Wonka Bar - Milk Chocolate,9.75,3,6.33,3.42,Wicked Choccy's,57.0
2827,US-2022-142237-CHO-FUD-51000,2024-11-07,2025-01-03,First Class,142237,United States,Philadelphia,Pennsylvania,19134,Chocolate,Atlantic,CHO-FUD-51000,Wonka Bar - Fudge Mallows,14.4,4,9.6,4.8,Lot's O' Nuts,57.0
2828,US-2022-142237-CHO-FUD-51000,2024-11-07,2025-01-03,First Class,142237,United States,Philadelphia,Pennsylvania,19134,Chocolate,Atlantic,CHO-FUD-51000,Wonka Bar - Fudge Mallows,10.8,3,7.2,3.6,Lot's O' Nuts,57.0
2829,US-2022-136469-CHO-FUD-51000,2024-11-07,2025-01-02,First Class,136469,United States,Wilmington,Delaware,19805,Chocolate,Atlantic,CHO-FUD-51000,Wonka Bar - Fudge Mallows,25.2,7,16.8,8.4,Lot's O' Nuts,56.0
2830,US-2022-142419-CHO-SCR-58000,2024-11-07,2025-01-03,Second Class,142419,United States,Seattle,Washington,98115,Chocolate,Pacific,CHO-SCR-58000,Wonka Bar -Scrumdiddlyumptious,10.8,3,7.5,3.3,Lot's O' Nuts,57.0
2831,US-2022-136469-CHO-NUT-13000,2024-11-07,2025-01-02,First Class,136469,United States,Wilmington,Delaware,19805,Chocolate,Atlantic,CHO-NUT-13000,Wonka Bar - Nutty Crunch Surprise,6.98,2,4.98,2.0,Lot's O' Nuts,56.0
2832,US-2022-126557-CHO-NUT-13000,2024-12-07,2025-01-07,Second Class,126557,United States,Chicago,Illinois,60610,Chocolate,Interior,CHO-NUT-13000,Wonka Bar - Nutty Crunch Surprise,31.41,9,22.41,9.0,Lot's O' Nuts,31.0
2833,US-2022-126557-CHO-MIL-31000,2024-12-07,2025-01-07,Second Class,126557,United States,Chicago,Illinois,60610,Chocolate,Interior,CHO-MIL-31000,Wonka Bar - Milk Chocolate,3.25,1,2.11,1.14,Wicked Choccy's,31.0
2834,US-2022-126557-CHO-NUT-13000,2024-12-07,2025-01-07,Second Class,126557,United States,Chicago,Illinois,60610,Chocolate,Interior,CHO-NUT-13000,Wonka Bar - Nutty Crunch Surprise,10.47,3,7.47,3.0,Lot's O' Nuts,31.0
2835,US-2022-126557-CHO-FUD-51000,2024-12-07,2025-01-07,Second Class,126557,United States,Chicago,Illinois,60610,Chocolate,Interior,CHO-FUD-51000,Wonka Bar - Fudge Mallows,7.2,2,4.8,2.4,Lot's O' Nuts,31.0
2836,US-2022-126557-CHO-MIL-31000,2024-12-07,2025-01-07,Second Class,126557,United States,Chicago,Illinois,60610,Chocolate,Interior,CHO-MIL-31000,Wonka Bar - Milk Chocolate,22.75,7,14.77,7.98,Wicked Choccy's,31.0
2837,US-2022-112711-CHO-MIL-31000,2024-12-07,2025-01-08,Standard Class,112711,United States,Amarillo,Texas,79109,Chocolate,Interior,CHO-MIL-31000,Wonka Bar - Milk Chocolate,13.0,4,8.44,4.56,Wicked Choccy's,32.0
2838,US-2022-126557-CHO-NUT-13000,2024-12-07,2025-01-07,Second Class,126557,United States,Chicago,Illinois,60610,Chocolate,Interior,CHO-NUT-13000,Wonka Bar - Nutty Crunch Surprise,6.98,2,4.98,2.0,Lot's O' Nuts,31.0
2839,US-2022-126557-CHO-FUD-51000,2024-12-07,2025-01-07,Second Class,126557,United States,Chicago,Illinois,60610,Chocolate,Interior,CHO-FUD-51000,Wonka Bar - Fudge Mallows,14.4,4,9.6,4.8,Lot's O' Nuts,31.0
2909,US-2022-153388-CHO-MIL-31000,2024-01-08,2024-01-28,Standard Class,153388,United States,Los Angeles,California,90004,Chocolate,Pacific,CHO-MIL-31000,Wonka Bar - Milk Chocolate,19.5,6,12.66,6.84,Wicked Choccy's,20.0
2910,US-2022-153388-CHO-MIL-31000,2024-01-08,2024-01-28,Standard Class,153388,United States,Los Angeles,California,90004,Chocolate,Pacific,CHO-MIL-31000,Wonka Bar - Milk Chocolate,13.0,4,8.44,4.56,Wicked Choccy's,20.0
2911,US-2022-122406-CHO-MIL-31000,2024-02-08,2025-01-26,Second Class,122406,United States,Providence,Rhode Island,2908,Chocolate,Atlantic,CHO-MIL-31000,Wonka Bar - Milk Chocolate,3.25,1,2.11,1.14,Wicked Choccy's,353.0
2912,US-2022-112767-CHO-NUT-13000,2024-02-08,2025-01-27,Standard Class,112767,United States,Springfield,Oregon,97477,Chocolate,Pacific,CHO-NUT-13000,Wonka Bar - Nutty Crunch Surprise,13.96,4,9.96,4.0,Lot's O' Nuts,354.0
2913,US-2022-147501-CHO-TRI-54000,2024-02-08,2025-01-27,Standard Class,147501,United States,Seattle,Washington,98105,Chocolate,Pacific,CHO-TRI-54000,Wonka Bar - Triple Dazzle Caramel,7.5,2,4.9,2.6,Wicked Choccy's,354.0
2914,US-2022-122406-CHO-FUD-51000,2024-02-08,2025-01-26,Second Class,122406,United States,Providence,Rhode Island,2908,Chocolate,Atlantic,CHO-FUD-51000,Wonka Bar - Fudge Mallows,7.2,2,4.8,2.4,Lot's O' Nuts,353.0
2915,US-2022-122406-CHO-NUT-13000,2024-02-08,2025-01-26,Second Class,122406,United States,Providence,Rhode Island,2908,Chocolate,Atlantic,CHO-NUT-13000,Wonka Bar - Nutty Crunch Surprise,6.98,2,4.98,2.0,Lot's O' Nuts,353.0
2916,US-2022-147501-CHO-TRI-54000,2024-02-08,2025-01-27,Standard Class,147501,United States,Seattle,Washington,98105,Chocolate,Pacific,CHO-TRI-54000,Wonka Bar - Triple Dazzle Caramel,7.5,2,4.9,2.6,Wicked Choccy's,354.0
2917,US-2022-122406-CHO-MIL-31000,2024-02-08,2025-01-26,Second Class,122406,United States,Providence,Rhode Island,2908,Chocolate,Atlantic,CHO-MIL-31000,Wonka Bar - Milk Chocolate,9.75,3,6.33,3.42,Wicked Choccy's,353.0
2918,US-2022-112214-CHO-SCR-58000,2024-05-08,2025-02-01,Standard Class,112214,United States,Dallas,Texas,75220,Chocolate,Interior,CHO-SCR-58000,Wonka Bar -Scrumdiddlyumptious,18.0,5,12.5,5.5,Lot's O' Nuts,269.0
2919,US-2022-112214-CHO-NUT-13000,2024-05-08,2025-02-01,Standard Class,112214,United States,Dallas,Texas,75220,Chocolate,Interior,CHO-NUT-13000,Wonka Bar - Nutty Crunch Surprise,3.49,1,2.49,1.0,Lot's O' Nuts,269.0
2920,US-2022-112214-CHO-MIL-31000,2024-05-08,2025-02-01,Standard Class,112214,United States,Dallas,Texas,75220,Chocolate,Interior,CHO-MIL-31000,Wonka Bar - Milk Chocolate,22.75,7,14.77,7.98,Wicked Choccy's,269.0
2921,US-2022-112214-CHO-MIL-31000,2024-05-08,2025-02-01,Standard Class,112214,United States,Dallas,Texas,75220,Chocolate,Interior,CHO-MIL-31000,Wonka Bar - Milk Chocolate,9.75,3,6.33,3.42,Wicked Choccy's,269.0
2922,US-2022-135251-CHO-FUD-51000,2024-06-08,2025-01-31,Standard Class,135251,United States,Houston,Texas,77095,Chocolate,Interior,CHO-FUD-51000,Wonka Bar - Fudge Mallows,10.8,3,7.2,3.6,Lot's O' Nuts,237.0
2923,US-2022-135251-CHO-TRI-54000,2024-06-08,2025-01-31,Standard Class,135251,United States,Houston,Texas,77095,Chocolate,Interior,CHO-TRI-54000,Wonka Bar - Triple Dazzle Caramel,18.75,5,12.25,6.5,Wicked Choccy's,237.0
2924,US-2022-135251-CHO-FUD-51000,2024-06-08,2025-01-31,Standard Class,135251,United States,Houston,Texas,77095,Chocolate,Interior,CHO-FUD-51000,Wonka Bar - Fudge Mallows,10.8,3,7.2,3.6,Lot's O' Nuts,237.0
2925,US-2022-135251-CHO-SCR-58000,2024-06-08,2025-01-31,Standard Class,135251,United States,Houston,Texas,77095,Chocolate,Interior,CHO-SCR-58000,Wonka Bar -Scrumdiddlyumptious,7.2,2,5.0,2.2,Lot's O' Nuts,237.0
2926,US-2022-160794-CHO-MIL-31000,2024-06-08,2025-01-29,First Class,160794,United States,Houston,Texas,77041,Chocolate,Interior,CHO-MIL-31000,Wonka Bar - Milk Chocolate,9.75,3,6.33,3.42,Wicked Choccy's,235.0
2927,US-2022-124219-CHO-NUT-13000,2024-07-08,2025-01-29,First Class,124219,United States,Kirkwood,Missouri,63122,Chocolate,Interior,CHO-NUT-13000,Wonka Bar - Nutty Crunch Surprise,10.47,3,7.47,3.0,Lot's O' Nuts,205.0
2928,US-2022-117492-CHO-NUT-13000,2024-07-08,2025-01-30,First Class,117492,United States,Baltimore,Maryland,21215,Chocolate,Atlantic,CHO-NUT-13000,Wonka Bar - Nutty Crunch Surprise,31.41,9,22.41,9.0,Lot's O' Nuts,206.0
2929,US-2022-138331-CHO-NUT-13000,2024-07-08,2025-02-02,Standard Class,138331,United States,Philadelphia,Pennsylvania,19120,Chocolate,Atlantic,CHO-NUT-13000,Wonka Bar - Nutty Crunch Surprise,34.9,10,24.9,10.0,Lot's O' Nuts,209.0
2930,US-2022-141936-CHO-MIL-31000,2024-07-08,2025-02-02,Standard Class,141936,United States,Bakersfield,California,93309,Chocolate,Pacific,CHO-MIL-31000,Wonka Bar - Milk Chocolate,9.75,3,6.33,3.42,Wicked Choccy's,209.0
2931,US-2022-124219-CHO-TRI-54000,2024-07-08,2025-01-29,First Class,124219,United States,Kirkwood,Missouri,63122,Chocolate,Interior,CHO-TRI-54000,Wonka Bar - Triple Dazzle Caramel,15.0,4,9.8,5.2,Wicked Choccy's,205.0
2932,US-2022-163895-CHO-NUT-13000,2024-07-08,2025-02-01,Standard Class,163895,United States,Boise,Idaho,83704,Chocolate,Pacific,CHO-NUT-13000,Wonka Bar - Nutty Crunch Surprise,3.49,1,2.49,1.0,Lot's O' Nuts,208.0
2933,US-2022-163237-CHO-TRI-54000,2024-07-08,2025-01-30,Second Class,163237,United States,Springfield,Virginia,22153,Chocolate,Gulf,CHO-TRI-54000,Wonka Bar - Triple Dazzle Caramel,7.5,2,4.9,2.6,Wicked Choccy's,206.0
2934,US-2022-163237-OTH-GUM-21000,2024-07-08,2025-01-30,Second Class,163237,United States,Springfield,Virginia,22153,Other,Gulf,OTH-GUM-21000,Wonka Gum,3.75,3,1.95,1.8,Secret Factory,206.0
2935,US-2022-168564-CHO-SCR-58000,2024-08-08,2025-01-29,Same Day,168564,United States,San Francisco,California,94109,Chocolate,Pacific,CHO-SCR-58000,Wonka Bar -Scrumdiddlyumptious,3.6,1,2.5,1.1,Lot's O' Nuts,174.0
2936,US-2022-129322-CHO-FUD-51000,2024-08-08,2025-01-31,Second Class,129322,United States,Lawrence,Massachusetts,1841,Chocolate,Atlantic,CHO-FUD-51000,Wonka Bar - Fudge Mallows,7.2,2,4.8,2.4,Lot's O' Nuts,176.0
2937,US-2022-129322-CHO-SCR-58000,2024-08-08,2025-01-31,Second Class,129322,United States,Lawrence,Massachusetts,1841,Chocolate,Atlantic,CHO-SCR-58000,Wonka Bar -Scrumdiddlyumptious,7.2,2,5.0,2.2,Lot's O' Nuts,176.0
2938,US-2022-129322-CHO-TRI-54000,2024-08-08,2025-01-31,Second Class,129322,United States,Lawrence,Massachusetts,1841,Chocolate,Atlantic,CHO-TRI-54000,Wonka Bar - Triple Dazzle Caramel,26.25,7,17.15,9.1,Wicked Choccy's,176.0
2939,US-2022-168564-CHO-SCR-58000,2024-08-08,2025-01-29,Same Day,168564,United States,San Francisco,California,94109,Chocolate,Pacific,CHO-SCR-58000,Wonka Bar -Scrumdiddlyumptious,7.2,2,5.0,2.2,Lot's O' Nuts,174.0
2940,US-2022-168564-CHO-NUT-13000,2024-08-08,2025-01-29,Same Day,168564,United States,San Francisco,California,94109,Chocolate,Pacific,CHO-NUT-13000,Wonka Bar - Nutty Crunch Surprise,6.98,2,4.98,2.0,Lot's O' Nuts,174.0
2941,US-2022-127544-CHO-SCR-58000,2024-08-08,2025-02-02,Standard Class,127544,United States,Utica,New York,13501,Chocolate,Atlantic,CHO-SCR-58000,Wonka Bar -Scrumdiddlyumptious,3.6,1,2.5,1.1,Lot's O' Nuts,178.0
2942,CA-2022-129322-CHO-FUD-51000,2024-08-08,2025-01-31,Second Class,129322,Canada,Toronto,Ontario,M5H,Chocolate,Atlantic,CHO-FUD-51000,Wonka Bar - Fudge Mallows,7.2,2,4.8,2.4,Lot's O' Nuts,176.0
2943,CA-2022-129322-CHO-SCR-58000,2024-08-08,2025-01-31,Second Class,129322,Canada,Toronto,Ontario,M5H,Chocolate,Atlantic,CHO-SCR-58000,Wonka Bar -Scrumdiddlyumptious,7.2,2,5.0,2.2,Lot's O' Nuts,176.0
2944,CA-2022-129322-CHO-TRI-54000,2024-08-08,2025-01-31,Second Class,129322,Canada,Toronto,Ontario,M5H,Chocolate,Atlantic,CHO-TRI-54000,Wonka Bar - Triple Dazzle Caramel,3.75,1,2.45,1.3,Wicked Choccy's,176.0
2945,US-2022-103954-CHO-TRI-54000,2024-09-08,2025-02-03,Second Class,103954,United States,Milwaukee,Wisconsin,53209,Chocolate,Interior,CHO-TRI-54000,Wonka Bar - Triple Dazzle Caramel,18.75,5,12.25,6.5,Wicked Choccy's,148.0
2946,US-2022-128013-CHO-SCR-58000,2024-09-08,2025-02-06,Standard Class,128013,United States,New York City,New York,10035,Chocolate,Atlantic,CHO-SCR-58000,Wonka Bar -Scrumdiddlyumptious,10.8,3,7.5,3.3,Lot's O' Nuts,151.0
2947,US-2022-131338-CHO-FUD-51000,2024-09-08,2025-02-02,First Class,131338,United States,New York City,New York,10024,Chocolate,Atlantic,CHO-FUD-51000,Wonka Bar - Fudge Mallows,7.2,2,4.8,2.4,Lot's O' Nuts,147.0
2948,US-2022-131338-CHO-MIL-31000,2024-09-08,2025-02-02,First Class,131338,United States,New York City,New York,10024,Chocolate,Atlantic,CHO-MIL-31000,Wonka Bar - Milk Chocolate,9.75,3,6.33,3.42,Wicked Choccy's,147.0
2949,US-2022-131338-CHO-SCR-58000,2024-09-08,2025-02-02,First Class,131338,United States,New York City,New York,10024,Chocolate,Atlantic,CHO-SCR-58000,Wonka Bar -Scrumdiddlyumptious,32.4,9,22.5,9.9,Lot's O' Nuts,147.0
2950,US-2022-163055-CHO-TRI-54000,2024-09-08,2025-02-06,Standard Class,163055,United States,Detroit,Michigan,48227,Chocolate,Interior,CHO-TRI-54000,Wonka Bar - Triple Dazzle Caramel,18.75,5,12.25,6.5,Wicked Choccy's,151.0
2951,US-2022-163055-CHO-TRI-54000,2024-09-08,2025-02-06,Standard Class,163055,United States,Detroit,Michigan,48227,Chocolate,Interior,CHO-TRI-54000,Wonka Bar - Triple Dazzle Caramel,3.75,1,2.45,1.3,Wicked Choccy's,151.0
2952,US-2022-131338-CHO-FUD-51000,2024-09-08,2025-02-02,First Class,131338,United States,New York City,New York,10024,Chocolate,Atlantic,CHO-FUD-51000,Wonka Bar - Fudge Mallows,7.2,2,4.8,2.4,Lot's O' Nuts,147.0
2953,US-2022-131338-CHO-FUD-51000,2024-09-08,2025-02-02,First Class,131338,United States,New York City,New York,10024,Chocolate,Atlantic,CHO-FUD-51000,Wonka Bar - Fudge Mallows,10.8,3,7.2,3.6,Lot's O' Nuts,147.0
2954,US-2022-155453-CHO-NUT-13000,2024-09-08,2025-02-04,Standard Class,155453,United States,Jacksonville,Florida,32216,Chocolate,Gulf,CHO-NUT-13000,Wonka Bar - Nutty Crunch Surprise,6.98,2,4.98,2.0,Lot's O' Nuts,149.0
2955,US-2022-131338-CHO-MIL-31000,2024-09-08,2025-02-02,First Class,131338,United States,New York City,New York,10024,Chocolate,Atlantic,CHO-MIL-31000,Wonka Bar - Milk Chocolate,9.75,3,6.33,3.42,Wicked Choccy's,147.0
2956,US-2022-128013-CHO-MIL-31000,2024-09-08,2025-02-06,Standard Class,128013,United States,New York City,New York,10035,Chocolate,Atlantic,CHO-MIL-31000,Wonka Bar - Milk Chocolate,9.75,3,6.33,3.42,Wicked Choccy's,151.0
2957,US-2022-131338-CHO-FUD-51000,2024-09-08,2025-02-02,First Class,131338,United States,New York City,New York,10024,Chocolate,Atlantic,CHO-FUD-51000,Wonka Bar - Fudge Mallows,7.2,2,4.8,2.4,Lot's O' Nuts,147.0
2958,US-2022-163055-CHO-TRI-54000,2024-09-08,2025-02-06,Standard Class,163055,United States,Detroit,Michigan,48227,Chocolate,Interior,CHO-TRI-54000,Wonka Bar - Triple Dazzle Caramel,3.75,1,2.45,1.3,Wicked Choccy's,151.0
2959,US-2022-131338-CHO-MIL-31000,2024-09-08,2025-02-02,First Class,131338,United States,New York City,New York,10024,Chocolate,Atlantic,CHO-MIL-31000,Wonka Bar - Milk Chocolate,13.0,4,8.44,4.56,Wicked Choccy's,147.0
2960,US-2022-131338-CHO-NUT-13000,2024-09-08,2025-02-02,First Class,131338,United States,New York City,New York,10024,Chocolate,Atlantic,CHO-NUT-13000,Wonka Bar - Nutty Crunch Surprise,17.45,5,12.45,5.0,Lot's O' Nuts,147.0
2961,US-2022-131338-CHO-MIL-31000,2024-09-08,2025-02-02,First Class,131338,United States,New York City,New York,10024,Chocolate,Atlantic,CHO-MIL-31000,Wonka Bar - Milk Chocolate,6.5,2,4.22,2.28,Wicked Choccy's,147.0
2962,US-2022-156496-CHO-SCR-58000,2024-10-08,2025-02-06,Standard Class,156496,United States,Redmond,Oregon,97756,Chocolate,Pacific,CHO-SCR-58000,Wonka Bar -Scrumdiddlyumptious,14.4,4,10.0,4.4,Lot's O' Nuts,121.0
2963,US-2022-130022-CHO-MIL-31000,2024-10-08,2025-02-06,Standard Class,130022,United States,Eagan,Minnesota,55122,Chocolate,Interior,CHO-MIL-31000,Wonka Bar - Milk Chocolate,9.75,3,6.33,3.42,Wicked Choccy's,121.0
2964,US-2022-121699-CHO-NUT-13000,2024-10-08,2025-02-04,Standard Class,121699,United States,Detroit,Michigan,48227,Chocolate,Interior,CHO-NUT-13000,Wonka Bar - Nutty Crunch Surprise,17.45,5,12.45,5.0,Lot's O' Nuts,119.0
2965,US-2022-130022-CHO-FUD-51000,2024-10-08,2025-02-06,Standard Class,130022,United States,Eagan,Minnesota,55122,Chocolate,Interior,CHO-FUD-51000,Wonka Bar - Fudge Mallows,14.4,4,9.6,4.8,Lot's O' Nuts,121.0
2966,US-2022-130022-CHO-TRI-54000,2024-10-08,2025-02-06,Standard Class,130022,United States,Eagan,Minnesota,55122,Chocolate,Interior,CHO-TRI-54000,Wonka Bar - Triple Dazzle Caramel,3.75,1,2.45,1.3,Wicked Choccy's,121.0
2967,US-2022-156496-CHO-FUD-51000,2024-10-08,2025-02-06,Standard Class,156496,United States,Redmond,Oregon,97756,Chocolate,Pacific,CHO-FUD-51000,Wonka Bar - Fudge Mallows,14.4,4,9.6,4.8,Lot's O' Nuts,121.0
2968,US-2022-156496-CHO-SCR-58000,2024-10-08,2025-02-06,Standard Class,156496,United States,Redmond,Oregon,97756,Chocolate,Pacific,CHO-SCR-58000,Wonka Bar -Scrumdiddlyumptious,25.2,7,17.5,7.7,Lot's O' Nuts,121.0
2969,US-2022-119634-CHO-NUT-13000,2024-11-08,2025-02-06,Standard Class,119634,United States,Raleigh,North Carolina,27604,Chocolate,Gulf,CHO-NUT-13000,Wonka Bar - Nutty Crunch Surprise,10.47,3,7.47,3.0,Lot's O' Nuts,90.0
2970,US-2022-156797-CHO-FUD-51000,2024-11-08,2025-02-05,Standard Class,156797,United States,New York City,New York,10035,Chocolate,Atlantic,CHO-FUD-51000,Wonka Bar - Fudge Mallows,7.2,2,4.8,2.4,Lot's O' Nuts,89.0
2971,US-2022-156797-CHO-SCR-58000,2024-11-08,2025-02-05,Standard Class,156797,United States,New York City,New York,10035,Chocolate,Atlantic,CHO-SCR-58000,Wonka Bar -Scrumdiddlyumptious,7.2,2,5.0,2.2,Lot's O' Nuts,89.0
3071,US-2022-104626-CHO-MIL-31000,2024-01-09,2024-02-29,Standard Class,104626,United States,Franklin,Massachusetts,2038,Chocolate,Atlantic,CHO-MIL-31000,Wonka Bar - Milk Chocolate,3.25,1,2.11,1.14,Wicked Choccy's,51.0
3072,US-2022-104626-CHO-FUD-51000,2024-01-09,2024-02-29,Standard Class,104626,United States,Franklin,Massachusetts,2038,Chocolate,Atlantic,CHO-FUD-51000,Wonka Bar - Fudge Mallows,7.2,2,4.8,2.4,Lot's O' Nuts,51.0
3073,US-2022-104626-CHO-FUD-51000,2024-01-09,2024-02-29,Standard Class,104626,United States,Franklin,Massachusetts,2038,Chocolate,Atlantic,CHO-FUD-51000,Wonka Bar - Fudge Mallows,18.0,5,12.0,6.0,Lot's O' Nuts,51.0
3074,US-2022-137946-CHO-SCR-58000,2024-01-09,2024-02-25,Second Class,137946,United States,Los Angeles,California,90045,Chocolate,Pacific,CHO-SCR-58000,Wonka Bar -Scrumdiddlyumptious,3.6,1,2.5,1.1,Lot's O' Nuts,47.0
3075,US-2022-137946-CHO-SCR-58000,2024-01-09,2024-02-25,Second Class,137946,United States,Los Angeles,California,90045,Chocolate,Pacific,CHO-SCR-58000,Wonka Bar -Scrumdiddlyumptious,14.4,4,10.0,4.4,Lot's O' Nuts,47.0
3076,US-2022-104626-CHO-TRI-54000,2024-01-09,2024-02-29,Standard Class,104626,United States,Franklin,Massachusetts,2038,Chocolate,Atlantic,CHO-TRI-54000,Wonka Bar - Triple Dazzle Caramel,22.5,6,14.7,7.8,Wicked Choccy's,51.0
3077,US-2022-137946-CHO-TRI-54000,2024-01-09,2024-02-25,Second Class,137946,United States,Los Angeles,California,90045,Chocolate,Pacific,CHO-TRI-54000,Wonka Bar - Triple Dazzle Caramel,7.5,2,4.9,2.6,Wicked Choccy's,47.0
3078,US-2022-146745-CHO-FUD-51000,2024-03-09,2025-02-28,Standard Class,146745,United States,San Francisco,California,94110,Chocolate,Pacific,CHO-FUD-51000,Wonka Bar - Fudge Mallows,7.2,2,4.8,2.4,Lot's O' Nuts,356.0
3079,US-2022-113215-CHO-TRI-54000,2024-03-09,2025-02-28,Standard Class,113215,United States,Tucson,Arizona,85705,Chocolate,Pacific,CHO-TRI-54000,Wonka Bar - Triple Dazzle Caramel,11.25,3,7.35,3.9,Wicked Choccy's,356.0
3080,US-2022-121608-CHO-FUD-51000,2024-03-09,2025-02-26,First Class,121608,United States,Bristol,Connecticut,6010,Chocolate,Atlantic,CHO-FUD-51000,Wonka Bar - Fudge Mallows,7.2,2,4.8,2.4,Lot's O' Nuts,354.0
3081,US-2022-146745-CHO-SCR-58000,2024-03-09,2025-02-28,Standard Class,146745,United States,San Francisco,California,94110,Chocolate,Pacific,CHO-SCR-58000,Wonka Bar -Scrumdiddlyumptious,7.2,2,5.0,2.2,Lot's O' Nuts,356.0
3082,US-2022-149734-CHO-NUT-13000,2024-03-09,2025-02-28,Standard Class,149734,United States,Durham,North Carolina,27707,Chocolate,Gulf,CHO-NUT-13000,Wonka Bar - Nutty Crunch Surprise,24.43,7,17.43,7.0,Lot's O' Nuts,356.0
3083,US-2022-138303-CHO-FUD-51000,2024-03-09,2025-02-28,Standard Class,138303,United States,Philadelphia,Pennsylvania,19134,Chocolate,Atlantic,CHO-FUD-51000,Wonka Bar - Fudge Mallows,21.6,6,14.4,7.2,Lot's O' Nuts,356.0
3084,US-2022-169537-CHO-SCR-58000,2024-03-09,2025-02-28,Second Class,169537,United States,Holland,Michigan,49423,Chocolate,Interior,CHO-SCR-58000,Wonka Bar -Scrumdiddlyumptious,7.2,2,5.0,2.2,Lot's O' Nuts,356.0
3085,US-2022-130204-CHO-TRI-54000,2024-03-09,2025-03-01,Standard Class,130204,United States,San Francisco,California,94122,Chocolate,Pacific,CHO-TRI-54000,Wonka Bar - Triple Dazzle Caramel,11.25,3,7.35,3.9,Wicked Choccy's,357.0
3086,US-2022-104185-CHO-SCR-58000,2024-03-09,2025-02-28,Second Class,104185,United States,New York City,New York,10009,Chocolate,Atlantic,CHO-SCR-58000,Wonka Bar -Scrumdiddlyumptious,3.6,1,2.5,1.1,Lot's O' Nuts,356.0
3087,US-2022-138303-CHO-FUD-51000,2024-03-09,2025-02-28,Standard Class,138303,United States,Philadelphia,Pennsylvania,19134,Chocolate,Atlantic,CHO-FUD-51000,Wonka Bar - Fudge Mallows,10.8,3,7.2,3.6,Lot's O' Nuts,356.0
3088,US-2022-138303-CHO-NUT-13000,2024-03-09,2025-02-28,Standard Class,138303,United States,Philadelphia,Pennsylvania,19134,Chocolate,Atlantic,CHO-NUT-13000,Wonka Bar - Nutty Crunch Surprise,3.49,1,2.49,1.0,Lot's O' Nuts,356.0
3089,US-2022-130204-CHO-NUT-13000,2024-03-09,2025-03-01,Standard Class,130204,United States,San Francisco,California,94122,Chocolate,Pacific,CHO-NUT-13000,Wonka Bar - Nutty Crunch Surprise,6.98,2,4.98,2.0,Lot's O' Nuts,357.0
3090,US-2022-130204-CHO-NUT-13000,2024-03-09,2025-03-01,Standard Class,130204,United States,San Francisco,California,94122,Chocolate,Pacific,CHO-NUT-13000,Wonka Bar - Nutty Crunch Surprise,17.45,5,12.45,5.0,Lot's O' Nuts,357.0
3091,US-2022-121608-CHO-NUT-13000,2024-03-09,2025-02-26,First Class,121608,United States,Bristol,Connecticut,6010,Chocolate,Atlantic,CHO-NUT-13000,Wonka Bar - Nutty Crunch Surprise,3.49,1,2.49,1.0,Lot's O' Nuts,354.0
3092,US-2022-101924-CHO-SCR-58000,2024-04-09,2025-03-01,Standard Class,101924,United States,Medford,Oregon,97504,Chocolate,Pacific,CHO-SCR-58000,Wonka Bar -Scrumdiddlyumptious,7.2,2,5.0,2.2,Lot's O' Nuts,326.0
3093,US-2022-113523-CHO-SCR-58000,2024-04-09,2025-02-28,Standard Class,113523,United States,Philadelphia,Pennsylvania,19140,Chocolate,Atlantic,CHO-SCR-58000,Wonka Bar -Scrumdiddlyumptious,14.4,4,10.0,4.4,Lot's O' Nuts,325.0
3094,US-2022-142755-CHO-MIL-31000,2024-04-09,2025-02-28,Standard Class,142755,United States,Roswell,Georgia,30076,Chocolate,Gulf,CHO-MIL-31000,Wonka Bar - Milk Chocolate,6.5,2,4.22,2.28,Wicked Choccy's,325.0
3095,US-2022-142755-CHO-SCR-58000,2024-04-09,2025-02-28,Standard Class,142755,United States,Roswell,Georgia,30076,Chocolate,Gulf,CHO-SCR-58000,Wonka Bar -Scrumdiddlyumptious,7.2,2,5.0,2.2,Lot's O' Nuts,325.0
3096,US-2022-142755-CHO-NUT-13000,2024-04-09,2025-02-28,Standard Class,142755,United States,Roswell,Georgia,30076,Chocolate,Gulf,CHO-NUT-13000,Wonka Bar - Nutty Crunch Surprise,17.45,5,12.45,5.0,Lot's O' Nuts,325.0
3097,US-2022-159863-CHO-NUT-13000,2024-04-09,2025-02-28,Second Class,159863,United States,Houston,Texas,77095,Chocolate,Interior,CHO-NUT-13000,Wonka Bar - Nutty Crunch Surprise,10.47,3,7.47,3.0,Lot's O' Nuts,325.0
3098,US-2022-142755-CHO-NUT-13000,2024-04-09,2025-02-28,Standard Class,142755,United States,Roswell,Georgia,30076,Chocolate,Gulf,CHO-NUT-13000,Wonka Bar - Nutty Crunch Surprise,17.45,5,12.45,5.0,Lot's O' Nuts,325.0
3099,US-2022-130785-CHO-NUT-13000,2024-05-09,2025-03-01,Standard Class,130785,United States,San Diego,California,92105,Chocolate,Pacific,CHO-NUT-13000,Wonka Bar - Nutty Crunch Surprise,13.96,4,9.96,4.0,Lot's O' Nuts,296.0
3100,US-2022-130785-CHO-SCR-58000,2024-05-09,2025-03-01,Standard Class,130785,United States,San Diego,California,92105,Chocolate,Pacific,CHO-SCR-58000,Wonka Bar -Scrumdiddlyumptious,10.8,3,7.5,3.3,Lot's O' Nuts,296.0
3101,US-2022-135510-CHO-SCR-58000,2024-05-09,2025-03-04,Standard Class,135510,United States,Charlottesville,Virginia,22901,Chocolate,Gulf,CHO-SCR-58000,Wonka Bar -Scrumdiddlyumptious,14.4,4,10.0,4.4,Lot's O' Nuts,299.0
3102,US-2022-105158-CHO-FUD-51000,2024-05-09,2025-03-02,Standard Class,105158,United States,Rochester,Minnesota,55901,Chocolate,Interior,CHO-FUD-51000,Wonka Bar - Fudge Mallows,7.2,2,4.8,2.4,Lot's O' Nuts,297.0
3103,US-2022-162621-CHO-SCR-58000,2024-05-09,2025-03-03,Standard Class,162621,United States,Houston,Texas,77036,Chocolate,Interior,CHO-SCR-58000,Wonka Bar -Scrumdiddlyumptious,18.0,5,12.5,5.5,Lot's O' Nuts,298.0
3104,US-2022-130785-CHO-TRI-54000,2024-05-09,2025-03-01,Standard Class,130785,United States,San Diego,California,92105,Chocolate,Pacific,CHO-TRI-54000,Wonka Bar - Triple Dazzle Caramel,22.5,6,14.7,7.8,Wicked Choccy's,296.0
3105,US-2022-162621-CHO-TRI-54000,2024-05-09,2025-03-03,Standard Class,162621,United States,Houston,Texas,77036,Chocolate,Interior,CHO-TRI-54000,Wonka Bar - Triple Dazzle Caramel,11.25,3,7.35,3.9,Wicked Choccy's,298.0
3106,US-2022-105158-CHO-NUT-13000,2024-05-09,2025-03-02,Standard Class,105158,United States,Rochester,Minnesota,55901,Chocolate,Interior,CHO-NUT-13000,Wonka Bar - Nutty Crunch Surprise,10.47,3,7.47,3.0,Lot's O' Nuts,297.0
3107,US-2022-162621-CHO-MIL-31000,2024-05-09,2025-03-03,Standard Class,162621,United States,Houston,Texas,77036,Chocolate,Interior,CHO-MIL-31000,Wonka Bar - Milk Chocolate,29.25,9,18.99,10.26,Wicked Choccy's,298.0
3108,US-2022-150791-CHO-NUT-13000,2024-06-09,2025-03-05,Standard Class,150791,United States,New York City,New York,10024,Chocolate,Atlantic,CHO-NUT-13000,Wonka Bar - Nutty Crunch Surprise,6.98,2,4.98,2.0,Lot's O' Nuts,269.0
3109,US-2022-138002-CHO-SCR-58000,2024-06-09,2025-03-04,Standard Class,138002,United States,Seattle,Washington,98103,Chocolate,Pacific,CHO-SCR-58000,Wonka Bar -Scrumdiddlyumptious,10.8,3,7.5,3.3,Lot's O' Nuts,268.0
3110,US-2022-151435-CHO-FUD-51000,2024-06-09,2025-03-01,Second Class,151435,United States,Lafayette,Louisiana,70506,Chocolate,Gulf,CHO-FUD-51000,Wonka Bar - Fudge Mallows,3.6,1,2.4,1.2,Lot's O' Nuts,265.0
3111,US-2022-109015-CHO-SCR-58000,2024-06-09,2025-03-04,Standard Class,109015,United States,New York City,New York,10011,Chocolate,Atlantic,CHO-SCR-58000,Wonka Bar -Scrumdiddlyumptious,3.6,1,2.5,1.1,Lot's O' Nuts,268.0
3112,US-2022-138002-CHO-SCR-58000,2024-06-09,2025-03-04,Standard Class,138002,United States,Seattle,Washington,98103,Chocolate,Pacific,CHO-SCR-58000,Wonka Bar -Scrumdiddlyumptious,7.2,2,5.0,2.2,Lot's O' Nuts,268.0
3113,US-2022-169572-CHO-TRI-54000,2024-06-09,2025-03-04,Standard Class,169572,United States,Richmond,Virginia,23223,Chocolate,Gulf,CHO-TRI-54000,Wonka Bar - Triple Dazzle Caramel,33.75,9,22.05,11.7,Wicked Choccy's,268.0
3114,US-2022-133977-CHO-NUT-13000,2024-06-09,2025-02-28,Second Class,133977,United States,Tamarac,Florida,33319,Chocolate,Gulf,CHO-NUT-13000,Wonka Bar - Nutty Crunch Surprise,3.49,1,2.49,1.0,Lot's O' Nuts,264.0
3115,US-2022-160696-CHO-MIL-31000,2024-06-09,2025-03-02,Standard Class,160696,United States,Nashville,Tennessee,37211,Chocolate,Gulf,CHO-MIL-31000,Wonka Bar - Milk Chocolate,16.25,5,10.55,5.7,Wicked Choccy's,266.0
3116,US-2022-143238-CHO-SCR-58000,2024-06-09,2025-02-28,First Class,143238,United States,La Quinta,California,92253,Chocolate,Pacific,CHO-SCR-58000,Wonka Bar -Scrumdiddlyumptious,14.4,4,10.0,4.4,Lot's O' Nuts,264.0
3117,US-2022-109015-CHO-FUD-51000,2024-06-09,2025-03-04,Standard Class,109015,United States,New York City,New York,10011,Chocolate,Atlantic,CHO-FUD-51000,Wonka Bar - Fudge Mallows,7.2,2,4.8,2.4,Lot's O' Nuts,268.0
3118,US-2022-122623-CHO-NUT-13000,2024-07-09,2025-03-03,Standard Class,122623,United States,El Paso,Texas,79907,Chocolate,Interior,CHO-NUT-13000,Wonka Bar - Nutty Crunch Surprise,6.98,2,4.98,2.0,Lot's O' Nuts,237.0
3119,US-2022-164084-CHO-FUD-51000,2024-07-09,2025-03-04,Standard Class,164084,United States,New York City,New York,10011,Chocolate,Atlantic,CHO-FUD-51000,Wonka Bar - Fudge Mallows,7.2,2,4.8,2.4,Lot's O' Nuts,238.0
3120,US-2022-105599-CHO-MIL-31000,2024-07-09,2025-02-28,Same Day,105599,United States,New York City,New York,10011,Chocolate,Atlantic,CHO-MIL-31000,Wonka Bar - Milk Chocolate,9.75,3,6.33,3.42,Wicked Choccy's,234.0
3121,US-2022-161445-CHO-SCR-58000,2024-07-09,2025-03-01,Second Class,161445,United States,Durham,North Carolina,27707,Chocolate,Gulf,CHO-SCR-58000,Wonka Bar -Scrumdiddlyumptious,14.4,4,10.0,4.4,Lot's O' Nuts,235.0
3122,US-2022-164084-CHO-MIL-31000,2024-07-09,2025-03-04,Standard Class,164084,United States,New York City,New York,10011,Chocolate,Atlantic,CHO-MIL-31000,Wonka Bar - Milk Chocolate,6.5,2,4.22,2.28,Wicked Choccy's,238.0
3123,US-2022-102876-CHO-FUD-51000,2024-07-09,2025-03-06,Standard Class,102876,United States,Philadelphia,Pennsylvania,19134,Chocolate,Atlantic,CHO-FUD-51000,Wonka Bar - Fudge Mallows,10.8,3,7.2,3.6,Lot's O' Nuts,240.0
3124,US-2022-102876-CHO-TRI-54000,2024-07-09,2025-03-06,Standard Class,102876,United States,Philadelphia,Pennsylvania,19134,Chocolate,Atlantic,CHO-TRI-54000,Wonka Bar - Triple Dazzle Caramel,3.75,1,2.45,1.3,Wicked Choccy's,240.0
3125,US-2022-164084-CHO-MIL-31000,2024-07-09,2025-03-04,Standard Class,164084,United States,New York City,New York,10011,Chocolate,Atlantic,CHO-MIL-31000,Wonka Bar - Milk Chocolate,13.0,4,8.44,4.56,Wicked Choccy's,238.0
3126,US-2022-105599-CHO-NUT-13000,2024-07-09,2025-02-28,Same Day,105599,United States,New York City,New York,10011,Chocolate,Atlantic,CHO-NUT-13000,Wonka Bar - Nutty Crunch Surprise,6.98,2,4.98,2.0,Lot's O' Nuts,234.0
3127,US-2022-164084-CHO-FUD-51000,2024-07-09,2025-03-04,Standard Class,164084,United States,New York City,New York,10011,Chocolate,Atlantic,CHO-FUD-51000,Wonka Bar - Fudge Mallows,10.8,3,7.2,3.6,Lot's O' Nuts,238.0
3128,US-2022-110744-CHO-TRI-54000,2024-07-09,2025-03-04,Standard Class,110744,United States,Pasadena,California,91104,Chocolate,Pacific,CHO-TRI-54000,Wonka Bar - Triple Dazzle Caramel,26.25,7,17.15,9.1,Wicked Choccy's,238.0
3129,US-2022-164084-CHO-SCR-58000,2024-07-09,2025-03-04,Standard Class,164084,United States,New York City,New York,10011,Chocolate,Atlantic,CHO-SCR-58000,Wonka Bar -Scrumdiddlyumptious,18.0,5,12.5,5.5,Lot's O' Nuts,238.0
3130,US-2022-140557-CHO-FUD-51000,2024-07-09,2025-03-03,Standard Class,140557,United States,New York City,New York,10009,Chocolate,Atlantic,CHO-FUD-51000,Wonka Bar - Fudge Mallows,25.2,7,16.8,8.4,Lot's O' Nuts,237.0
3131,US-2022-102876-CHO-FUD-51000,2024-07-09,2025-03-06,Standard Class,102876,United States,Philadelphia,Pennsylvania,19134,Chocolate,Atlantic,CHO-FUD-51000,Wonka Bar - Fudge Mallows,21.6,6,14.4,7.2,Lot's O' Nuts,240.0
3132,US-2022-151624-CHO-MIL-31000,2024-08-09,2025-03-06,Standard Class,151624,United States,Montgomery,Alabama,36116,Chocolate,Gulf,CHO-MIL-31000,Wonka Bar - Milk Chocolate,26.0,8,16.88,9.12,Wicked Choccy's,209.0
3133,US-2022-162166-CHO-MIL-31000,2024-08-09,2025-03-03,First Class,162166,United States,Moreno Valley,California,92553,Chocolate,Pacific,CHO-MIL-31000,Wonka Bar - Milk Chocolate,16.25,5,10.55,5.7,Wicked Choccy's,206.0
3134,US-2022-162166-CHO-NUT-13000,2024-08-09,2025-03-03,First Class,162166,United States,Moreno Valley,California,92553,Chocolate,Pacific,CHO-NUT-13000,Wonka Bar - Nutty Crunch Surprise,20.94,6,14.94,6.0,Lot's O' Nuts,206.0
3135,CA-2022-153071-CHO-FUD-51000,2024-08-09,2025-03-04,Standard Class,153071,Canada,Montreal,Quebec,H1A,Chocolate,Atlantic,CHO-FUD-51000,Wonka Bar - Fudge Mallows,7.2,2,4.8,2.4,Lot's O' Nuts,207.0
3136,US-2022-147242-CHO-NUT-13000,2024-10-09,2025-03-06,Standard Class,147242,United States,Revere,Massachusetts,2151,Chocolate,Atlantic,CHO-NUT-13000,Wonka Bar - Nutty Crunch Surprise,6.98,2,4.98,2.0,Lot's O' Nuts,148.0
3137,US-2022-139374-CHO-TRI-54000,2024-10-09,2025-03-06,Standard Class,139374,United States,Austin,Texas,78745,Chocolate,Interior,CHO-TRI-54000,Wonka Bar - Triple Dazzle Caramel,3.75,1,2.45,1.3,Wicked Choccy's,148.0
3138,US-2022-108672-CHO-MIL-31000,2024-10-09,2025-03-08,Standard Class,108672,United States,Los Angeles,California,90032,Chocolate,Pacific,CHO-MIL-31000,Wonka Bar - Milk Chocolate,19.5,6,12.66,6.84,Wicked Choccy's,150.0
3139,US-2022-147242-CHO-SCR-58000,2024-10-09,2025-03-06,Standard Class,147242,United States,Revere,Massachusetts,2151,Chocolate,Atlantic,CHO-SCR-58000,Wonka Bar -Scrumdiddlyumptious,7.2,2,5.0,2.2,Lot's O' Nuts,148.0
3140,US-2022-136658-CHO-SCR-58000,2024-10-09,2025-03-09,Standard Class,136658,United States,New York City,New York,10024,Chocolate,Atlantic,CHO-SCR-58000,Wonka Bar -Scrumdiddlyumptious,7.2,2,5.0,2.2,Lot's O' Nuts,151.0
3141,US-2022-168186-CHO-FUD-51000,2024-10-09,2025-03-07,Standard Class,168186,United States,Tulsa,Oklahoma,74133,Chocolate,Interior,CHO-FUD-51000,Wonka Bar - Fudge Mallows,10.8,3,7.2,3.6,Lot's O' Nuts,149.0
3142,US-2022-147242-CHO-NUT-13000,2024-10-09,2025-03-06,Standard Class,147242,United States,Revere,Massachusetts,2151,Chocolate,Atlantic,CHO-NUT-13000,Wonka Bar - Nutty Crunch Surprise,31.41,9,22.41,9.0,Lot's O' Nuts,148.0
3143,US-2022-117772-CHO-TRI-54000,2024-10-09,2025-03-04,Second Class,117772,United States,Seattle,Washington,98103,Chocolate,Pacific,CHO-TRI-54000,Wonka Bar - Triple Dazzle Caramel,22.5,6,14.7,7.8,Wicked Choccy's,146.0
3144,US-2022-132906-CHO-TRI-54000,2024-10-09,2025-03-06,Standard Class,132906,United States,Los Angeles,California,90004,Chocolate,Pacific,CHO-TRI-54000,Wonka Bar - Triple Dazzle Caramel,15.0,4,9.8,5.2,Wicked Choccy's,148.0
3145,US-2022-126186-CHO-NUT-13000,2024-11-09,2025-03-04,First Class,126186,United States,Aurora,Colorado,80013,Chocolate,Pacific,CHO-NUT-13000,Wonka Bar - Nutty Crunch Surprise,13.96,4,9.96,4.0,Lot's O' Nuts,115.0
3146,US-2022-132465-CHO-SCR-58000,2024-11-09,2025-03-07,Second Class,132465,United States,New York City,New York,10035,Chocolate,Atlantic,CHO-SCR-58000,Wonka Bar -Scrumdiddlyumptious,7.2,2,5.0,2.2,Lot's O' Nuts,118.0
3147,US-2022-125934-CHO-FUD-51000,2024-11-09,2025-03-10,Standard Class,125934,United States,Paterson,New Jersey,7501,Chocolate,Atlantic,CHO-FUD-51000,Wonka Bar - Fudge Mallows,14.4,4,9.6,4.8,Lot's O' Nuts,121.0
3148,US-2022-125934-CHO-MIL-31000,2024-11-09,2025-03-10,Standard Class,125934,United States,Paterson,New Jersey,7501,Chocolate,Atlantic,CHO-MIL-31000,Wonka Bar - Milk Chocolate,13.0,4,8.44,4.56,Wicked Choccy's,121.0
3149,US-2022-153794-CHO-MIL-31000,2024-11-09,2025-03-08,Standard Class,153794,United States,San Diego,California,92024,Chocolate,Pacific,CHO-MIL-31000,Wonka Bar - Milk Chocolate,22.75,7,14.77,7.98,Wicked Choccy's,119.0
3150,US-2022-165057-CHO-FUD-51000,2024-11-09,2025-03-07,Standard Class,165057,United States,Redlands,California,92374,Chocolate,Pacific,CHO-FUD-51000,Wonka Bar - Fudge Mallows,32.4,9,21.6,10.8,Lot's O' Nuts,118.0
3151,US-2022-125934-CHO-SCR-58000,2024-11-09,2025-03-10,Standard Class,125934,United States,Paterson,New Jersey,7501,Chocolate,Atlantic,CHO-SCR-58000,Wonka Bar -Scrumdiddlyumptious,14.4,4,10.0,4.4,Lot's O' Nuts,121.0
3152,US-2022-125934-OTH-GUM-21000,2024-11-09,2025-03-10,Standard Class,125934,United States,Paterson,New Jersey,7501,Other,Atlantic,OTH-GUM-21000,Wonka Gum,3.75,3,1.95,1.8,Secret Factory,121.0
3153,US-2022-165057-CHO-MIL-31000,2024-11-09,2025-03-07,Standard Class,165057,United States,Redlands,California,92374,Chocolate,Pacific,CHO-MIL-31000,Wonka Bar - Milk Chocolate,9.75,3,6.33,3.42,Wicked Choccy's,118.0
3154,US-2022-125934-CHO-FUD-51000,2024-11-09,2025-03-10,Standard Class,125934,United States,Paterson,New Jersey,7501,Chocolate,Atlantic,CHO-FUD-51000,Wonka Bar - Fudge Mallows,21.6,6,14.4,7.2,Lot's O' Nuts,121.0
3155,US-2022-132465-CHO-FUD-51000,2024-11-09,2025-03-07,Second Class,132465,United States,New York City,New York,10035,Chocolate,Atlantic,CHO-FUD-51000,Wonka Bar - Fudge Mallows,14.4,4,9.6,4.8,Lot's O' Nuts,118.0
3156,US-2022-132465-OTH-LIC-15000,2024-11-09,2025-03-07,Second Class,132465,United States,New York City,New York,10035,Other,Atlantic,OTH-LIC-15000,Lickable Wallpaper,20.0,1,10.0,10.0,Secret Factory,118.0
3157,US-2022-132465-CHO-NUT-13000,2024-11-09,2025-03-07,Second Class,132465,United States,New York City,New York,10035,Chocolate,Atlantic,CHO-NUT-13000,Wonka Bar - Nutty Crunch Surprise,3.49,1,2.49,1.0,Lot's O' Nuts,118.0
3158,US-2022-102016-CHO-MIL-31000,2024-12-09,2025-03-10,Standard Class,102016,United States,Auburn,New York,13021,Chocolate,Atlantic,CHO-MIL-31000,Wonka Bar - Milk Chocolate,6.5,2,4.22,2.28,Wicked Choccy's,91.0
3159,US-2022-102016-CHO-TRI-54000,2024-12-09,2025-03-10,Standard Class,102016,United States,Auburn,New York,13021,Chocolate,Atlantic,CHO-TRI-54000,Wonka Bar - Triple Dazzle Caramel,3.75,1,2.45,1.3,Wicked Choccy's,91.0
3160,US-2022-102016-CHO-MIL-31000,2024-12-09,2025-03-10,Standard Class,102016,United States,Auburn,New York,13021,Chocolate,Atlantic,CHO-MIL-31000,Wonka Bar - Milk Chocolate,3.25,1,2.11,1.14,Wicked Choccy's,91.0
3161,US-2022-166464-CHO-SCR-58000,2024-12-09,2025-03-09,Standard Class,166464,United States,New York City,New York,10035,Chocolate,Atlantic,CHO-SCR-58000,Wonka Bar -Scrumdiddlyumptious,14.4,4,10.0,4.4,Lot's O' Nuts,90.0
3162,US-2022-102016-CHO-FUD-51000,2024-12-09,2025-03-10,Standard Class,102016,United States,Auburn,New York,13021,Chocolate,Atlantic,CHO-FUD-51000,Wonka Bar - Fudge Mallows,7.2,2,4.8,2.4,Lot's O' Nuts,91.0
3163,US-2022-102016-CHO-TRI-54000,2024-12-09,2025-03-10,Standard Class,102016,United States,Auburn,New York,13021,Chocolate,Atlantic,CHO-TRI-54000,Wonka Bar - Triple Dazzle Caramel,18.75,5,12.25,6.5,Wicked Choccy's,91.0
3164,US-2022-102016-CHO-TRI-54000,2024-12-09,2025-03-10,Standard Class,102016,United States,Auburn,New York,13021,Chocolate,Atlantic,CHO-TRI-54000,Wonka Bar - Triple Dazzle Caramel,7.5,2,4.9,2.6,Wicked Choccy's,91.0
3165,US-2022-128993-CHO-MIL-31000,2024-12-09,2025-03-09,Second Class,128993,United States,Seattle,Washington,98103,Chocolate,Pacific,CHO-MIL-31000,Wonka Bar - Milk Chocolate,6.5,2,4.22,2.28,Wicked Choccy's,90.0
3166,US-2022-166464-CHO-MIL-31000,2024-12-09,2025-03-09,Standard Class,166464,United States,New York City,New York,10035,Chocolate,Atlantic,CHO-MIL-31000,Wonka Bar - Milk Chocolate,6.5,2,4.22,2.28,Wicked Choccy's,90.0
3366,US-2022-115392-CHO-FUD-51000,2024-01-10,2024-03-26,Second Class,115392,United States,Cambridge,Massachusetts,2138,Chocolate,Atlantic,CHO-FUD-51000,Wonka Bar - Fudge Mallows,18.0,5,12.0,6.0,Lot's O' Nuts,76.0
3367,US-2022-148873-CHO-SCR-58000,2024-01-10,2024-03-27,Standard Class,148873,United States,Quincy,Illinois,62301,Chocolate,Interior,CHO-SCR-58000,Wonka Bar -Scrumdiddlyumptious,14.4,4,10.0,4.4,Lot's O' Nuts,77.0
3368,US-2022-166135-CHO-MIL-31000,2024-01-10,2024-03-28,Standard Class,166135,United States,Aurora,Colorado,80013,Chocolate,Pacific,CHO-MIL-31000,Wonka Bar - Milk Chocolate,13.0,4,8.44,4.56,Wicked Choccy's,78.0
3369,US-2022-148873-CHO-SCR-58000,2024-01-10,2024-03-27,Standard Class,148873,United States,Quincy,Illinois,62301,Chocolate,Interior,CHO-SCR-58000,Wonka Bar -Scrumdiddlyumptious,14.4,4,10.0,4.4,Lot's O' Nuts,77.0
3370,US-2022-156566-CHO-NUT-13000,2024-01-10,2024-03-26,First Class,156566,United States,Portland,Oregon,97206,Chocolate,Pacific,CHO-NUT-13000,Wonka Bar - Nutty Crunch Surprise,6.98,2,4.98,2.0,Lot's O' Nuts,76.0
3371,US-2022-115392-CHO-TRI-54000,2024-01-10,2024-03-26,Second Class,115392,United States,Cambridge,Massachusetts,2138,Chocolate,Atlantic,CHO-TRI-54000,Wonka Bar - Triple Dazzle Caramel,7.5,2,4.9,2.6,Wicked Choccy's,76.0
3372,US-2022-144771-CHO-SCR-58000,2024-02-10,2024-03-26,First Class,144771,United States,Hillsboro,Oregon,97123,Chocolate,Pacific,CHO-SCR-58000,Wonka Bar -Scrumdiddlyumptious,3.6,1,2.5,1.1,Lot's O' Nuts,45.0
3373,US-2022-140375-CHO-SCR-58000,2024-02-10,2024-03-27,Second Class,140375,United States,Rockville,Maryland,20852,Chocolate,Atlantic,CHO-SCR-58000,Wonka Bar -Scrumdiddlyumptious,3.6,1,2.5,1.1,Lot's O' Nuts,46.0
3374,US-2022-145121-CHO-MIL-31000,2024-02-10,2024-03-28,Standard Class,145121,United States,Middletown,Connecticut,6457,Chocolate,Atlantic,CHO-MIL-31000,Wonka Bar - Milk Chocolate,16.25,5,10.55,5.7,Wicked Choccy's,47.0
3375,US-2022-125696-CHO-NUT-13000,2024-02-10,2024-03-28,Standard Class,125696,United States,Wilson,North Carolina,27893,Chocolate,Gulf,CHO-NUT-13000,Wonka Bar - Nutty Crunch Surprise,17.45,5,12.45,5.0,Lot's O' Nuts,47.0
3376,US-2022-129917-CHO-NUT-13000,2024-02-10,2024-03-25,First Class,129917,United States,Los Angeles,California,90008,Chocolate,Pacific,CHO-NUT-13000,Wonka Bar - Nutty Crunch Surprise,10.47,3,7.47,3.0,Lot's O' Nuts,44.0
3377,US-2022-104493-CHO-FUD-51000,2024-02-10,2024-03-30,Standard Class,104493,United States,San Diego,California,92105,Chocolate,Pacific,CHO-FUD-51000,Wonka Bar - Fudge Mallows,21.6,6,14.4,7.2,Lot's O' Nuts,49.0
3378,US-2022-129917-CHO-SCR-58000,2024-02-10,2024-03-25,First Class,129917,United States,Los Angeles,California,90008,Chocolate,Pacific,CHO-SCR-58000,Wonka Bar -Scrumdiddlyumptious,14.4,4,10.0,4.4,Lot's O' Nuts,44.0
3379,US-2022-137008-CHO-FUD-51000,2024-02-10,2024-03-30,Standard Class,137008,United States,Lakewood,New Jersey,8701,Chocolate,Atlantic,CHO-FUD-51000,Wonka Bar - Fudge Mallows,14.4,4,9.6,4.8,Lot's O' Nuts,49.0
3380,US-2022-137008-CHO-TRI-54000,2024-02-10,2024-03-30,Standard Class,137008,United States,Lakewood,New Jersey,8701,Chocolate,Atlantic,CHO-TRI-54000,Wonka Bar - Triple Dazzle Caramel,18.75,5,12.25,6.5,Wicked Choccy's,49.0
3381,US-2022-140375-CHO-SCR-58000,2024-02-10,2024-03-27,Second Class,140375,United States,Rockville,Maryland,20852,Chocolate,Atlantic,CHO-SCR-58000,Wonka Bar -Scrumdiddlyumptious,10.8,3,7.5,3.3,Lot's O' Nuts,46.0
3382,US-2022-119312-CHO-MIL-31000,2024-02-10,2024-03-29,Second Class,119312,United States,Los Angeles,California,90045,Chocolate,Pacific,CHO-MIL-31000,Wonka Bar - Milk Chocolate,45.5,14,29.54,15.96,Wicked Choccy's,48.0
3383,US-2022-128356-CHO-MIL-31000,2024-02-10,2024-03-29,Standard Class,128356,United States,Thornton,Colorado,80229,Chocolate,Pacific,CHO-MIL-31000,Wonka Bar - Milk Chocolate,6.5,2,4.22,2.28,Wicked Choccy's,48.0
3384,US-2022-137008-CHO-TRI-54000,2024-02-10,2024-03-30,Standard Class,137008,United States,Lakewood,New Jersey,8701,Chocolate,Atlantic,CHO-TRI-54000,Wonka Bar - Triple Dazzle Caramel,3.75,1,2.45,1.3,Wicked Choccy's,49.0
3385,US-2022-144771-CHO-MIL-31000,2024-02-10,2024-03-26,First Class,144771,United States,Hillsboro,Oregon,97123,Chocolate,Pacific,CHO-MIL-31000,Wonka Bar - Milk Chocolate,9.75,3,6.33,3.42,Wicked Choccy's,45.0
3386,US-2022-129917-CHO-MIL-31000,2024-02-10,2024-03-25,First Class,129917,United States,Los Angeles,California,90008,Chocolate,Pacific,CHO-MIL-31000,Wonka Bar - Milk Chocolate,16.25,5,10.55,5.7,Wicked Choccy's,44.0
3387,US-2022-157014-CHO-TRI-54000,2024-03-10,2024-03-28,Second Class,157014,United States,Columbus,Ohio,43229,Chocolate,Atlantic,CHO-TRI-54000,Wonka Bar - Triple Dazzle Caramel,3.75,1,2.45,1.3,Wicked Choccy's,18.0
3388,US-2022-126137-CHO-TRI-54000,2024-03-10,2024-03-30,Standard Class,126137,United States,Los Angeles,California,90032,Chocolate,Pacific,CHO-TRI-54000,Wonka Bar - Triple Dazzle Caramel,7.5,2,4.9,2.6,Wicked Choccy's,20.0
3389,US-2022-157014-CHO-MIL-31000,2024-03-10,2024-03-28,Second Class,157014,United States,Columbus,Ohio,43229,Chocolate,Atlantic,CHO-MIL-31000,Wonka Bar - Milk Chocolate,16.25,5,10.55,5.7,Wicked Choccy's,18.0
3390,US-2022-125178-CHO-MIL-31000,2024-03-10,2024-03-31,Standard Class,125178,United States,Reading,Pennsylvania,19601,Chocolate,Atlantic,CHO-MIL-31000,Wonka Bar - Milk Chocolate,6.5,2,4.22,2.28,Wicked Choccy's,21.0
3391,US-2022-157014-CHO-SCR-58000,2024-03-10,2024-03-28,Second Class,157014,United States,Columbus,Ohio,43229,Chocolate,Atlantic,CHO-SCR-58000,Wonka Bar -Scrumdiddlyumptious,7.2,2,5.0,2.2,Lot's O' Nuts,18.0
3392,US-2022-157014-CHO-MIL-31000,2024-03-10,2024-03-28,Second Class,157014,United States,Columbus,Ohio,43229,Chocolate,Atlantic,CHO-MIL-31000,Wonka Bar - Milk Chocolate,6.5,2,4.22,2.28,Wicked Choccy's,18.0
3393,US-2022-168004-CHO-FUD-51000,2024-04-10,2025-03-31,Second Class,168004,United States,Warner Robins,Georgia,31088,Chocolate,Gulf,CHO-FUD-51000,Wonka Bar - Fudge Mallows,10.8,3,7.2,3.6,Lot's O' Nuts,355.0
3394,US-2022-134859-CHO-NUT-13000,2024-04-10,2025-03-31,Standard Class,134859,United States,Philadelphia,Pennsylvania,19134,Chocolate,Atlantic,CHO-NUT-13000,Wonka Bar - Nutty Crunch Surprise,10.47,3,7.47,3.0,Lot's O' Nuts,355.0
3395,US-2022-134859-CHO-MIL-31000,2024-04-10,2025-03-31,Standard Class,134859,United States,Philadelphia,Pennsylvania,19134,Chocolate,Atlantic,CHO-MIL-31000,Wonka Bar - Milk Chocolate,13.0,4,8.44,4.56,Wicked Choccy's,355.0
3396,US-2022-121391-CHO-MIL-31000,2024-04-10,2025-03-29,First Class,121391,United States,San Francisco,California,94109,Chocolate,Pacific,CHO-MIL-31000,Wonka Bar - Milk Chocolate,6.5,2,4.22,2.28,Wicked Choccy's,353.0
3397,US-2022-133445-CHO-TRI-54000,2024-05-10,2025-03-31,Standard Class,133445,United States,Portland,Oregon,97206,Chocolate,Pacific,CHO-TRI-54000,Wonka Bar - Triple Dazzle Caramel,3.75,1,2.45,1.3,Wicked Choccy's,325.0
3398,US-2022-133445-CHO-NUT-13000,2024-05-10,2025-03-31,Standard Class,133445,United States,Portland,Oregon,97206,Chocolate,Pacific,CHO-NUT-13000,Wonka Bar - Nutty Crunch Surprise,13.96,4,9.96,4.0,Lot's O' Nuts,325.0
3399,US-2022-115091-CHO-MIL-31000,2024-05-10,2025-03-31,Standard Class,115091,United States,Springfield,Virginia,22153,Chocolate,Gulf,CHO-MIL-31000,Wonka Bar - Milk Chocolate,6.5,2,4.22,2.28,Wicked Choccy's,325.0
3400,US-2022-115091-CHO-MIL-31000,2024-05-10,2025-03-31,Standard Class,115091,United States,Springfield,Virginia,22153,Chocolate,Gulf,CHO-MIL-31000,Wonka Bar - Milk Chocolate,13.0,4,8.44,4.56,Wicked Choccy's,325.0
3401,US-2022-161214-CHO-MIL-31000,2024-05-10,2025-03-30,Second Class,161214,United States,Wilmington,Delaware,19805,Chocolate,Atlantic,CHO-MIL-31000,Wonka Bar - Milk Chocolate,16.25,5,10.55,5.7,Wicked Choccy's,324.0
3402,US-2022-151722-CHO-TRI-54000,2024-05-10,2025-03-31,Standard Class,151722,United States,Columbus,Ohio,43229,Chocolate,Atlantic,CHO-TRI-54000,Wonka Bar - Triple Dazzle Caramel,15.0,4,9.8,5.2,Wicked Choccy's,325.0
3403,US-2022-145828-CHO-MIL-31000,2024-05-10,2025-03-29,First Class,145828,United States,Cincinnati,Ohio,45231,Chocolate,Atlantic,CHO-MIL-31000,Wonka Bar - Milk Chocolate,9.75,3,6.33,3.42,Wicked Choccy's,323.0
3404,US-2022-168529-CHO-MIL-31000,2024-08-10,2025-04-03,Standard Class,168529,United States,San Francisco,California,94122,Chocolate,Pacific,CHO-MIL-31000,Wonka Bar - Milk Chocolate,16.25,5,10.55,5.7,Wicked Choccy's,236.0
3405,US-2022-131352-CHO-NUT-13000,2024-08-10,2025-04-04,Standard Class,131352,United States,Dallas,Texas,75081,Chocolate,Interior,CHO-NUT-13000,Wonka Bar - Nutty Crunch Surprise,10.47,3,7.47,3.0,Lot's O' Nuts,237.0
3406,US-2022-125710-CHO-TRI-54000,2024-08-10,2025-04-04,Standard Class,125710,United States,Houston,Texas,77036,Chocolate,Interior,CHO-TRI-54000,Wonka Bar - Triple Dazzle Caramel,7.5,2,4.9,2.6,Wicked Choccy's,237.0
3407,US-2022-124499-CHO-MIL-31000,2024-09-10,2025-04-04,Standard Class,124499,United States,Detroit,Michigan,48227,Chocolate,Interior,CHO-MIL-31000,Wonka Bar - Milk Chocolate,9.75,3,6.33,3.42,Wicked Choccy's,206.0
3408,US-2022-124499-CHO-MIL-31000,2024-09-10,2025-04-04,Standard Class,124499,United States,Detroit,Michigan,48227,Chocolate,Interior,CHO-MIL-31000,Wonka Bar - Milk Chocolate,16.25,5,10.55,5.7,Wicked Choccy's,206.0
3409,US-2022-124107-CHO-SCR-58000,2024-09-10,2025-04-03,Second Class,124107,United States,Ann Arbor,Michigan,48104,Chocolate,Interior,CHO-SCR-58000,Wonka Bar -Scrumdiddlyumptious,10.8,3,7.5,3.3,Lot's O' Nuts,205.0
3410,US-2022-162761-CHO-MIL-31000,2024-09-10,2025-04-04,Standard Class,162761,United States,Miami,Florida,33178,Chocolate,Gulf,CHO-MIL-31000,Wonka Bar - Milk Chocolate,26.0,8,16.88,9.12,Wicked Choccy's,206.0
3411,US-2022-162761-CHO-MIL-31000,2024-09-10,2025-04-04,Standard Class,162761,United States,Miami,Florida,33178,Chocolate,Gulf,CHO-MIL-31000,Wonka Bar - Milk Chocolate,6.5,2,4.22,2.28,Wicked Choccy's,206.0
3412,US-2022-162761-CHO-NUT-13000,2024-09-10,2025-04-04,Standard Class,162761,United States,Miami,Florida,33178,Chocolate,Gulf,CHO-NUT-13000,Wonka Bar - Nutty Crunch Surprise,6.98,2,4.98,2.0,Lot's O' Nuts,206.0
3413,US-2022-124107-CHO-MIL-31000,2024-09-10,2025-04-03,Second Class,124107,United States,Ann Arbor,Michigan,48104,Chocolate,Interior,CHO-MIL-31000,Wonka Bar - Milk Chocolate,22.75,7,14.77,7.98,Wicked Choccy's,205.0
3414,US-2022-141040-CHO-TRI-54000,2024-09-10,2025-04-04,Second Class,141040,United States,New York City,New York,10024,Chocolate,Atlantic,CHO-TRI-54000,Wonka Bar - Triple Dazzle Caramel,15.0,4,9.8,5.2,Wicked Choccy's,206.0
3415,US-2022-129098-CHO-FUD-51000,2024-09-10,2025-04-04,Standard Class,129098,United States,Springfield,Virginia,22153,Chocolate,Gulf,CHO-FUD-51000,Wonka Bar - Fudge Mallows,7.2,2,4.8,2.4,Lot's O' Nuts,206.0
3416,US-2022-124107-CHO-NUT-13000,2024-09-10,2025-04-03,Second Class,124107,United States,Ann Arbor,Michigan,48104,Chocolate,Interior,CHO-NUT-13000,Wonka Bar - Nutty Crunch Surprise,17.45,5,12.45,5.0,Lot's O' Nuts,205.0
3417,US-2022-141040-CHO-NUT-13000,2024-09-10,2025-04-04,Second Class,141040,United States,New York City,New York,10024,Chocolate,Atlantic,CHO-NUT-13000,Wonka Bar - Nutty Crunch Surprise,13.96,4,9.96,4.0,Lot's O' Nuts,206.0
3418,US-2022-124107-CHO-NUT-13000,2024-09-10,2025-04-03,Second Class,124107,United States,Ann Arbor,Michigan,48104,Chocolate,Interior,CHO-NUT-13000,Wonka Bar - Nutty Crunch Surprise,10.47,3,7.47,3.0,Lot's O' Nuts,205.0
3419,US-2022-132388-CHO-MIL-31000,2024-10-10,2025-04-03,First Class,132388,United States,Santa Barbara,California,93101,Chocolate,Pacific,CHO-MIL-31000,Wonka Bar - Milk Chocolate,9.75,3,6.33,3.42,Wicked Choccy's,175.0
3420,US-2022-112522-CHO-MIL-31000,2024-10-10,2025-04-08,Standard Class,112522,United States,Chicago,Illinois,60610,Chocolate,Interior,CHO-MIL-31000,Wonka Bar - Milk Chocolate,9.75,3,6.33,3.42,Wicked Choccy's,180.0
3421,US-2022-132388-OTH-GUM-21000,2024-10-10,2025-04-03,First Class,132388,United States,Santa Barbara,California,93101,Other,Pacific,OTH-GUM-21000,Wonka Gum,3.75,3,1.95,1.8,Secret Factory,175.0
3422,US-2022-109736-CHO-TRI-54000,2024-10-10,2025-04-02,First Class,109736,United States,San Francisco,California,94109,Chocolate,Pacific,CHO-TRI-54000,Wonka Bar - Triple Dazzle Caramel,26.25,7,17.15,9.1,Wicked Choccy's,174.0
3423,US-2022-134719-CHO-TRI-54000,2024-10-10,2025-04-06,Standard Class,134719,United States,Jacksonville,Florida,32216,Chocolate,Gulf,CHO-TRI-54000,Wonka Bar - Triple Dazzle Caramel,22.5,6,14.7,7.8,Wicked Choccy's,178.0
3424,US-2022-108966-CHO-SCR-58000,2024-11-10,2025-04-09,Standard Class,108966,United States,Fort Lauderdale,Florida,33311,Chocolate,Gulf,CHO-SCR-58000,Wonka Bar -Scrumdiddlyumptious,18.0,5,12.5,5.5,Lot's O' Nuts,150.0
3425,US-2022-108966-CHO-FUD-51000,2024-11-10,2025-04-09,Standard Class,108966,United States,Fort Lauderdale,Florida,33311,Chocolate,Gulf,CHO-FUD-51000,Wonka Bar - Fudge Mallows,7.2,2,4.8,2.4,Lot's O' Nuts,150.0
3426,US-2022-112053-CHO-SCR-58000,2024-11-10,2025-04-04,Second Class,112053,United States,Rochester,New York,14609,Chocolate,Atlantic,CHO-SCR-58000,Wonka Bar -Scrumdiddlyumptious,3.6,1,2.5,1.1,Lot's O' Nuts,145.0
3427,US-2022-102281-CHO-TRI-54000,2024-12-10,2025-04-05,First Class,102281,United States,New York City,New York,10035,Chocolate,Atlantic,CHO-TRI-54000,Wonka Bar - Triple Dazzle Caramel,11.25,3,7.35,3.9,Wicked Choccy's,116.0
3428,US-2022-102281-CHO-TRI-54000,2024-12-10,2025-04-05,First Class,102281,United States,New York City,New York,10035,Chocolate,Atlantic,CHO-TRI-54000,Wonka Bar - Triple Dazzle Caramel,15.0,4,9.8,5.2,Wicked Choccy's,116.0
3429,US-2022-159786-CHO-FUD-51000,2024-12-10,2025-04-08,Second Class,159786,United States,Rochester,New York,14609,Chocolate,Atlantic,CHO-FUD-51000,Wonka Bar - Fudge Mallows,3.6,1,2.4,1.2,Lot's O' Nuts,119.0
3430,US-2022-102281-CHO-MIL-31000,2024-12-10,2025-04-05,First Class,102281,United States,New York City,New York,10035,Chocolate,Atlantic,CHO-MIL-31000,Wonka Bar - Milk Chocolate,16.25,5,10.55,5.7,Wicked Choccy's,116.0
3431,US-2022-134747-CHO-SCR-58000,2024-12-10,2025-04-08,Second Class,134747,United States,Noblesville,Indiana,46060,Chocolate,Interior,CHO-SCR-58000,Wonka Bar -Scrumdiddlyumptious,7.2,2,5.0,2.2,Lot's O' Nuts,119.0
3432,US-2022-102281-OTH-GUM-21000,2024-12-10,2025-04-05,First Class,102281,United States,New York City,New York,10035,Other,Atlantic,OTH-GUM-21000,Wonka Gum,10.0,8,5.2,4.8,Secret Factory,116.0
3433,US-2022-142993-CHO-FUD-51000,2024-12-10,2025-04-08,Standard Class,142993,United States,Seattle,Washington,98103,Chocolate,Pacific,CHO-FUD-51000,Wonka Bar - Fudge Mallows,7.2,2,4.8,2.4,Lot's O' Nuts,119.0
3434,US-2022-142993-CHO-NUT-13000,2024-12-10,2025-04-08,Standard Class,142993,United States,Seattle,Washington,98103,Chocolate,Pacific,CHO-NUT-13000,Wonka Bar - Nutty Crunch Surprise,6.98,2,4.98,2.0,Lot's O' Nuts,119.0
3435,US-2022-102281-CHO-TRI-54000,2024-12-10,2025-04-05,First Class,102281,United States,New York City,New York,10035,Chocolate,Atlantic,CHO-TRI-54000,Wonka Bar - Triple Dazzle Caramel,22.5,6,14.7,7.8,Wicked Choccy's,116.0
3436,US-2022-134747-CHO-SCR-58000,2024-12-10,2025-04-08,Second Class,134747,United States,Noblesville,Indiana,46060,Chocolate,Interior,CHO-SCR-58000,Wonka Bar -Scrumdiddlyumptious,14.4,4,10.0,4.4,Lot's O' Nuts,119.0
3437,US-2022-134747-CHO-TRI-54000,2024-12-10,2025-04-08,Second Class,134747,United States,Noblesville,Indiana,46060,Chocolate,Interior,CHO-TRI-54000,Wonka Bar - Triple Dazzle Caramel,11.25,3,7.35,3.9,Wicked Choccy's,119.0
3533,US-2022-126739-CHO-NUT-13000,2024-01-11,2024-04-25,Second Class,126739,United States,New York City,New York,10035,Chocolate,Atlantic,CHO-NUT-13000,Wonka Bar - Nutty Crunch Surprise,13.96,4,9.96,4.0,Lot's O' Nuts,105.0
3534,US-2022-141740-CHO-MIL-31000,2024-01-11,2024-04-27,Standard Class,141740,United States,New York City,New York,10009,Chocolate,Atlantic,CHO-MIL-31000,Wonka Bar - Milk Chocolate,6.5,2,4.22,2.28,Wicked Choccy's,107.0
3535,US-2022-113145-CHO-MIL-31000,2024-01-11,2024-04-27,Standard Class,113145,United States,New York City,New York,10011,Chocolate,Atlantic,CHO-MIL-31000,Wonka Bar - Milk Chocolate,16.25,5,10.55,5.7,Wicked Choccy's,107.0
3536,US-2022-108119-CHO-NUT-13000,2024-01-11,2024-04-30,Standard Class,108119,United States,Conway,Arkansas,72032,Chocolate,Gulf,CHO-NUT-13000,Wonka Bar - Nutty Crunch Surprise,6.98,2,4.98,2.0,Lot's O' Nuts,110.0
3537,US-2022-110163-CHO-SCR-58000,2024-01-11,2024-04-26,First Class,110163,United States,Salem,Oregon,97301,Chocolate,Pacific,CHO-SCR-58000,Wonka Bar -Scrumdiddlyumptious,3.6,1,2.5,1.1,Lot's O' Nuts,106.0
3538,US-2022-105221-CHO-TRI-54000,2024-01-11,2024-04-25,First Class,105221,United States,Philadelphia,Pennsylvania,19140,Chocolate,Atlantic,CHO-TRI-54000,Wonka Bar - Triple Dazzle Caramel,7.5,2,4.9,2.6,Wicked Choccy's,105.0
3539,US-2022-113145-CHO-TRI-54000,2024-01-11,2024-04-27,Standard Class,113145,United States,New York City,New York,10011,Chocolate,Atlantic,CHO-TRI-54000,Wonka Bar - Triple Dazzle Caramel,15.0,4,9.8,5.2,Wicked Choccy's,107.0
3540,US-2022-113145-CHO-FUD-51000,2024-01-11,2024-04-27,Standard Class,113145,United States,New York City,New York,10011,Chocolate,Atlantic,CHO-FUD-51000,Wonka Bar - Fudge Mallows,25.2,7,16.8,8.4,Lot's O' Nuts,107.0
3541,US-2022-105221-CHO-MIL-31000,2024-01-11,2024-04-25,First Class,105221,United States,Philadelphia,Pennsylvania,19140,Chocolate,Atlantic,CHO-MIL-31000,Wonka Bar - Milk Chocolate,6.5,2,4.22,2.28,Wicked Choccy's,105.0
3542,US-2022-130995-CHO-SCR-58000,2024-01-11,2024-04-28,Standard Class,130995,United States,New York City,New York,10009,Chocolate,Atlantic,CHO-SCR-58000,Wonka Bar -Scrumdiddlyumptious,3.6,1,2.5,1.1,Lot's O' Nuts,108.0
3543,US-2022-113145-CHO-MIL-31000,2024-01-11,2024-04-27,Standard Class,113145,United States,New York City,New York,10011,Chocolate,Atlantic,CHO-MIL-31000,Wonka Bar - Milk Chocolate,3.25,1,2.11,1.14,Wicked Choccy's,107.0
3544,US-2022-113145-CHO-SCR-58000,2024-01-11,2024-04-27,Standard Class,113145,United States,New York City,New York,10011,Chocolate,Atlantic,CHO-SCR-58000,Wonka Bar -Scrumdiddlyumptious,14.4,4,10.0,4.4,Lot's O' Nuts,107.0
3545,US-2022-168207-CHO-TRI-54000,2024-02-11,2024-04-28,Standard Class,168207,United States,San Diego,California,92105,Chocolate,Pacific,CHO-TRI-54000,Wonka Bar - Triple Dazzle Caramel,11.25,3,7.35,3.9,Wicked Choccy's,77.0
3546,US-2022-160227-CHO-FUD-51000,2024-02-11,2024-04-26,First Class,160227,United States,New York City,New York,10011,Chocolate,Atlantic,CHO-FUD-51000,Wonka Bar - Fudge Mallows,39.6,11,26.4,13.2,Lot's O' Nuts,75.0
3547,US-2022-100657-CHO-TRI-54000,2024-02-11,2024-04-29,Standard Class,100657,United States,Troy,New York,12180,Chocolate,Atlantic,CHO-TRI-54000,Wonka Bar - Triple Dazzle Caramel,7.5,2,4.9,2.6,Wicked Choccy's,78.0
3548,US-2022-168207-CHO-NUT-13000,2024-02-11,2024-04-28,Standard Class,168207,United States,San Diego,California,92105,Chocolate,Pacific,CHO-NUT-13000,Wonka Bar - Nutty Crunch Surprise,20.94,6,14.94,6.0,Lot's O' Nuts,77.0
3549,US-2022-130890-CHO-MIL-31000,2024-02-11,2024-04-28,Standard Class,130890,United States,Los Angeles,California,90004,Chocolate,Pacific,CHO-MIL-31000,Wonka Bar - Milk Chocolate,16.25,5,10.55,5.7,Wicked Choccy's,77.0
3550,US-2022-138625-CHO-TRI-54000,2024-02-11,2024-04-27,First Class,138625,United States,Chesapeake,Virginia,23320,Chocolate,Gulf,CHO-TRI-54000,Wonka Bar - Triple Dazzle Caramel,15.0,4,9.8,5.2,Wicked Choccy's,76.0
3551,US-2022-168207-CHO-NUT-13000,2024-02-11,2024-04-28,Standard Class,168207,United States,San Diego,California,92105,Chocolate,Pacific,CHO-NUT-13000,Wonka Bar - Nutty Crunch Surprise,24.43,7,17.43,7.0,Lot's O' Nuts,77.0
3552,US-2022-141810-CHO-NUT-13000,2024-02-11,2024-04-29,Standard Class,141810,United States,San Antonio,Texas,78207,Chocolate,Interior,CHO-NUT-13000,Wonka Bar - Nutty Crunch Surprise,24.43,7,17.43,7.0,Lot's O' Nuts,78.0
3553,US-2022-168207-CHO-FUD-51000,2024-02-11,2024-04-28,Standard Class,168207,United States,San Diego,California,92105,Chocolate,Pacific,CHO-FUD-51000,Wonka Bar - Fudge Mallows,10.8,3,7.2,3.6,Lot's O' Nuts,77.0
3554,US-2022-125416-CHO-SCR-58000,2024-02-11,2024-04-24,Same Day,125416,United States,Seattle,Washington,98115,Chocolate,Pacific,CHO-SCR-58000,Wonka Bar -Scrumdiddlyumptious,32.4,9,22.5,9.9,Lot's O' Nuts,73.0
3555,US-2022-141810-CHO-FUD-51000,2024-02-11,2024-04-29,Standard Class,141810,United States,San Antonio,Texas,78207,Chocolate,Interior,CHO-FUD-51000,Wonka Bar - Fudge Mallows,7.2,2,4.8,2.4,Lot's O' Nuts,78.0
3556,US-2022-162047-CHO-SCR-58000,2024-03-11,2024-04-27,First Class,162047,United States,Long Beach,New York,11561,Chocolate,Atlantic,CHO-SCR-58000,Wonka Bar -Scrumdiddlyumptious,36.0,10,25.0,11.0,Lot's O' Nuts,47.0
3557,US-2022-140410-CHO-TRI-54000,2024-03-11,2024-04-29,Standard Class,140410,United States,Los Angeles,California,90008,Chocolate,Pacific,CHO-TRI-54000,Wonka Bar - Triple Dazzle Caramel,11.25,3,7.35,3.9,Wicked Choccy's,49.0
3558,US-2022-121041-CHO-SCR-58000,2024-03-11,2024-05-02,Standard Class,121041,United States,Haltom City,Texas,76117,Chocolate,Interior,CHO-SCR-58000,Wonka Bar -Scrumdiddlyumptious,7.2,2,5.0,2.2,Lot's O' Nuts,52.0
3559,US-2022-140410-CHO-NUT-13000,2024-03-11,2024-04-29,Standard Class,140410,United States,Los Angeles,California,90008,Chocolate,Pacific,CHO-NUT-13000,Wonka Bar - Nutty Crunch Surprise,10.47,3,7.47,3.0,Lot's O' Nuts,49.0
3560,US-2022-140410-CHO-MIL-31000,2024-03-11,2024-04-29,Standard Class,140410,United States,Los Angeles,California,90008,Chocolate,Pacific,CHO-MIL-31000,Wonka Bar - Milk Chocolate,22.75,7,14.77,7.98,Wicked Choccy's,49.0
3561,US-2022-131422-CHO-SCR-58000,2024-05-11,2025-05-01,Standard Class,131422,United States,Monroe,North Carolina,28110,Chocolate,Gulf,CHO-SCR-58000,Wonka Bar -Scrumdiddlyumptious,10.8,3,7.5,3.3,Lot's O' Nuts,355.0
3562,US-2022-118444-CHO-NUT-13000,2024-05-11,2025-05-01,Standard Class,118444,United States,Coral Springs,Florida,33065,Chocolate,Gulf,CHO-NUT-13000,Wonka Bar - Nutty Crunch Surprise,13.96,4,9.96,4.0,Lot's O' Nuts,355.0
3563,US-2022-136259-CHO-FUD-51000,2024-05-11,2025-04-30,First Class,136259,United States,Lakewood,Ohio,44107,Chocolate,Atlantic,CHO-FUD-51000,Wonka Bar - Fudge Mallows,10.8,3,7.2,3.6,Lot's O' Nuts,354.0
3564,US-2022-144386-CHO-MIL-31000,2024-05-11,2025-05-03,Standard Class,144386,United States,New York City,New York,10009,Chocolate,Atlantic,CHO-MIL-31000,Wonka Bar - Milk Chocolate,19.5,6,12.66,6.84,Wicked Choccy's,357.0
3565,US-2022-131072-CHO-TRI-54000,2024-05-11,2025-04-27,Same Day,131072,United States,Seattle,Washington,98105,Chocolate,Pacific,CHO-TRI-54000,Wonka Bar - Triple Dazzle Caramel,11.25,3,7.35,3.9,Wicked Choccy's,351.0
3566,US-2022-103961-CHO-TRI-54000,2024-05-11,2025-05-01,Standard Class,103961,United States,Quincy,Illinois,62301,Chocolate,Interior,CHO-TRI-54000,Wonka Bar - Triple Dazzle Caramel,22.5,6,14.7,7.8,Wicked Choccy's,355.0
3567,US-2022-145485-CHO-FUD-51000,2024-05-11,2025-04-27,Same Day,145485,United States,San Francisco,California,94109,Chocolate,Pacific,CHO-FUD-51000,Wonka Bar - Fudge Mallows,14.4,4,9.6,4.8,Lot's O' Nuts,351.0
3568,US-2022-136259-CHO-SCR-58000,2024-05-11,2025-04-30,First Class,136259,United States,Lakewood,Ohio,44107,Chocolate,Atlantic,CHO-SCR-58000,Wonka Bar -Scrumdiddlyumptious,14.4,4,10.0,4.4,Lot's O' Nuts,354.0
3569,US-2022-105312-CHO-TRI-54000,2024-06-11,2025-05-01,First Class,105312,United States,Scottsdale,Arizona,85254,Chocolate,Pacific,CHO-TRI-54000,Wonka Bar - Triple Dazzle Caramel,11.25,3,7.35,3.9,Wicked Choccy's,324.0
3570,US-2022-105312-CHO-SCR-58000,2024-06-11,2025-05-01,First Class,105312,United States,Scottsdale,Arizona,85254,Chocolate,Pacific,CHO-SCR-58000,Wonka Bar -Scrumdiddlyumptious,10.8,3,7.5,3.3,Lot's O' Nuts,324.0
3571,US-2022-102848-CHO-TRI-54000,2024-07-11,2025-05-01,Second Class,102848,United States,Los Angeles,California,90036,Chocolate,Pacific,CHO-TRI-54000,Wonka Bar - Triple Dazzle Caramel,3.75,1,2.45,1.3,Wicked Choccy's,294.0
3572,US-2022-162887-CHO-TRI-54000,2024-07-11,2025-05-01,Second Class,162887,United States,Burlington,Vermont,5401,Chocolate,Atlantic,CHO-TRI-54000,Wonka Bar - Triple Dazzle Caramel,11.25,3,7.35,3.9,Wicked Choccy's,294.0
3573,US-2022-163181-CHO-SCR-58000,2024-07-11,2025-05-04,Standard Class,163181,United States,Houston,Texas,77041,Chocolate,Interior,CHO-SCR-58000,Wonka Bar -Scrumdiddlyumptious,18.0,5,12.5,5.5,Lot's O' Nuts,297.0
3574,US-2022-163181-CHO-SCR-58000,2024-07-11,2025-05-04,Standard Class,163181,United States,Houston,Texas,77041,Chocolate,Interior,CHO-SCR-58000,Wonka Bar -Scrumdiddlyumptious,10.8,3,7.5,3.3,Lot's O' Nuts,297.0
3575,US-2022-163181-CHO-MIL-31000,2024-07-11,2025-05-04,Standard Class,163181,United States,Houston,Texas,77041,Chocolate,Interior,CHO-MIL-31000,Wonka Bar - Milk Chocolate,32.5,10,21.1,11.4,Wicked Choccy's,297.0
3576,US-2022-105571-CHO-FUD-51000,2024-07-11,2025-05-03,Standard Class,105571,United States,Miami,Florida,33142,Chocolate,Gulf,CHO-FUD-51000,Wonka Bar - Fudge Mallows,18.0,5,12.0,6.0,Lot's O' Nuts,296.0
3577,US-2022-105571-CHO-NUT-13000,2024-07-11,2025-05-03,Standard Class,105571,United States,Miami,Florida,33142,Chocolate,Gulf,CHO-NUT-13000,Wonka Bar - Nutty Crunch Surprise,31.41,9,22.41,9.0,Lot's O' Nuts,296.0
3578,US-2022-134922-CHO-FUD-51000,2024-07-11,2025-05-03,Standard Class,134922,United States,Philadelphia,Pennsylvania,19140,Chocolate,Atlantic,CHO-FUD-51000,Wonka Bar - Fudge Mallows,7.2,2,4.8,2.4,Lot's O' Nuts,296.0
3579,US-2022-148432-CHO-NUT-13000,2024-07-11,2025-05-02,Second Class,148432,United States,Newark,Delaware,19711,Chocolate,Atlantic,CHO-NUT-13000,Wonka Bar - Nutty Crunch Surprise,24.43,7,17.43,7.0,Lot's O' Nuts,295.0
3580,US-2022-148432-OTH-KAZ-38000,2024-07-11,2025-05-02,Second Class,148432,United States,Newark,Delaware,19711,Other,Atlantic,OTH-KAZ-38000,Kazookles,6.5,2,0.5,6.0,Secret Factory,295.0
3581,US-2022-126669-CHO-MIL-31000,2024-07-11,2025-05-05,Standard Class,126669,United States,Houston,Texas,77036,Chocolate,Interior,CHO-MIL-31000,Wonka Bar - Milk Chocolate,6.5,2,4.22,2.28,Wicked Choccy's,298.0
3582,US-2022-163181-CHO-MIL-31000,2024-07-11,2025-05-04,Standard Class,163181,United States,Houston,Texas,77041,Chocolate,Interior,CHO-MIL-31000,Wonka Bar - Milk Chocolate,6.5,2,4.22,2.28,Wicked Choccy's,297.0
3583,US-2022-163181-CHO-TRI-54000,2024-07-11,2025-05-04,Standard Class,163181,United States,Houston,Texas,77041,Chocolate,Interior,CHO-TRI-54000,Wonka Bar - Triple Dazzle Caramel,7.5,2,4.9,2.6,Wicked Choccy's,297.0
3584,US-2022-163181-CHO-NUT-13000,2024-07-11,2025-05-04,Standard Class,163181,United States,Houston,Texas,77041,Chocolate,Interior,CHO-NUT-13000,Wonka Bar - Nutty Crunch Surprise,10.47,3,7.47,3.0,Lot's O' Nuts,297.0
3585,US-2022-117086-CHO-SCR-58000,2024-08-11,2025-05-04,Standard Class,117086,United States,Burlington,Vermont,5401,Chocolate,Atlantic,CHO-SCR-58000,Wonka Bar -Scrumdiddlyumptious,18.0,5,12.5,5.5,Lot's O' Nuts,266.0
3586,US-2022-114811-CHO-NUT-13000,2024-08-11,2025-04-30,Same Day,114811,United States,New York City,New York,10024,Chocolate,Atlantic,CHO-NUT-13000,Wonka Bar - Nutty Crunch Surprise,6.98,2,4.98,2.0,Lot's O' Nuts,262.0
3587,US-2022-108259-CHO-NUT-13000,2024-08-11,2025-05-07,Standard Class,108259,United States,Jacksonville,North Carolina,28540,Chocolate,Gulf,CHO-NUT-13000,Wonka Bar - Nutty Crunch Surprise,3.49,1,2.49,1.0,Lot's O' Nuts,269.0
3588,US-2022-109386-CHO-FUD-51000,2024-08-11,2025-05-05,Second Class,109386,United States,Hampton,Virginia,23666,Chocolate,Gulf,CHO-FUD-51000,Wonka Bar - Fudge Mallows,10.8,3,7.2,3.6,Lot's O' Nuts,267.0
3589,US-2022-114811-CHO-MIL-31000,2024-08-11,2025-04-30,Same Day,114811,United States,New York City,New York,10024,Chocolate,Atlantic,CHO-MIL-31000,Wonka Bar - Milk Chocolate,9.75,3,6.33,3.42,Wicked Choccy's,262.0
3590,US-2022-123568-CHO-SCR-58000,2024-08-11,2025-05-06,Standard Class,123568,United States,West Jordan,Utah,84084,Chocolate,Pacific,CHO-SCR-58000,Wonka Bar -Scrumdiddlyumptious,10.8,3,7.5,3.3,Lot's O' Nuts,268.0
3591,US-2022-109386-CHO-SCR-58000,2024-08-11,2025-05-05,Second Class,109386,United States,Hampton,Virginia,23666,Chocolate,Gulf,CHO-SCR-58000,Wonka Bar -Scrumdiddlyumptious,10.8,3,7.5,3.3,Lot's O' Nuts,267.0
3592,US-2022-109386-CHO-MIL-31000,2024-08-11,2025-05-05,Second Class,109386,United States,Hampton,Virginia,23666,Chocolate,Gulf,CHO-MIL-31000,Wonka Bar - Milk Chocolate,16.25,5,10.55,5.7,Wicked Choccy's,267.0
3593,US-2022-109386-CHO-MIL-31000,2024-08-11,2025-05-05,Second Class,109386,United States,Hampton,Virginia,23666,Chocolate,Gulf,CHO-MIL-31000,Wonka Bar - Milk Chocolate,22.75,7,14.77,7.98,Wicked Choccy's,267.0
3594,US-2022-105634-CHO-MIL-31000,2024-08-11,2025-05-06,Standard Class,105634,United States,Franklin,Massachusetts,2038,Chocolate,Atlantic,CHO-MIL-31000,Wonka Bar - Milk Chocolate,16.25,5,10.55,5.7,Wicked Choccy's,268.0
3595,US-2022-108259-CHO-MIL-31000,2024-08-11,2025-05-07,Standard Class,108259,United States,Jacksonville,North Carolina,28540,Chocolate,Gulf,CHO-MIL-31000,Wonka Bar - Milk Chocolate,22.75,7,14.77,7.98,Wicked Choccy's,269.0
3596,US-2022-123568-CHO-FUD-51000,2024-08-11,2025-05-06,Standard Class,123568,United States,West Jordan,Utah,84084,Chocolate,Pacific,CHO-FUD-51000,Wonka Bar - Fudge Mallows,18.0,5,12.0,6.0,Lot's O' Nuts,268.0
3597,US-2022-164441-CHO-SCR-58000,2024-08-11,2025-05-05,Standard Class,164441,United States,New York City,New York,10011,Chocolate,Atlantic,CHO-SCR-58000,Wonka Bar -Scrumdiddlyumptious,39.6,11,27.5,12.1,Lot's O' Nuts,267.0
3598,US-2022-111990-CHO-MIL-31000,2024-08-11,2025-05-05,Standard Class,111990,United States,Houston,Texas,77095,Chocolate,Interior,CHO-MIL-31000,Wonka Bar - Milk Chocolate,19.5,6,12.66,6.84,Wicked Choccy's,267.0
3599,US-2022-108259-CHO-SCR-58000,2024-08-11,2025-05-07,Standard Class,108259,United States,Jacksonville,North Carolina,28540,Chocolate,Gulf,CHO-SCR-58000,Wonka Bar -Scrumdiddlyumptious,39.6,11,27.5,12.1,Lot's O' Nuts,269.0
3600,US-2022-117611-CHO-TRI-54000,2024-08-11,2025-05-02,Second Class,117611,United States,San Diego,California,92024,Chocolate,Pacific,CHO-TRI-54000,Wonka Bar - Triple Dazzle Caramel,3.75,1,2.45,1.3,Wicked Choccy's,264.0
3601,US-2022-123568-CHO-SCR-58000,2024-08-11,2025-05-06,Standard Class,123568,United States,West Jordan,Utah,84084,Chocolate,Pacific,CHO-SCR-58000,Wonka Bar -Scrumdiddlyumptious,10.8,3,7.5,3.3,Lot's O' Nuts,268.0
3602,US-2022-108259-OTH-GUM-21000,2024-08-11,2025-05-07,Standard Class,108259,United States,Jacksonville,North Carolina,28540,Other,Gulf,OTH-GUM-21000,Wonka Gum,1.25,1,0.65,0.6,Secret Factory,269.0
3603,US-2022-123568-CHO-MIL-31000,2024-08-11,2025-05-06,Standard Class,123568,United States,West Jordan,Utah,84084,Chocolate,Pacific,CHO-MIL-31000,Wonka Bar - Milk Chocolate,9.75,3,6.33,3.42,Wicked Choccy's,268.0
3604,US-2022-164441-CHO-SCR-58000,2024-08-11,2025-05-05,Standard Class,164441,United States,New York City,New York,10011,Chocolate,Atlantic,CHO-SCR-58000,Wonka Bar -Scrumdiddlyumptious,10.8,3,7.5,3.3,Lot's O' Nuts,267.0
3605,US-2022-114811-CHO-FUD-51000,2024-08-11,2025-04-30,Same Day,114811,United States,New York City,New York,10024,Chocolate,Atlantic,CHO-FUD-51000,Wonka Bar - Fudge Mallows,18.0,5,12.0,6.0,Lot's O' Nuts,262.0
3606,US-2022-154886-CHO-TRI-54000,2024-08-11,2025-05-04,Standard Class,154886,United States,San Francisco,California,94109,Chocolate,Pacific,CHO-TRI-54000,Wonka Bar - Triple Dazzle Caramel,7.5,2,4.9,2.6,Wicked Choccy's,266.0
3607,US-2022-117611-CHO-NUT-13000,2024-08-11,2025-05-02,Second Class,117611,United States,San Diego,California,92024,Chocolate,Pacific,CHO-NUT-13000,Wonka Bar - Nutty Crunch Surprise,10.47,3,7.47,3.0,Lot's O' Nuts,264.0
3608,US-2022-114811-OTH-KAZ-38000,2024-08-11,2025-04-30,Same Day,114811,United States,New York City,New York,10024,Other,Atlantic,OTH-KAZ-38000,Kazookles,13.0,4,1.0,12.0,Secret Factory,262.0
3609,US-2022-109386-CHO-TRI-54000,2024-08-11,2025-05-05,Second Class,109386,United States,Hampton,Virginia,23666,Chocolate,Gulf,CHO-TRI-54000,Wonka Bar - Triple Dazzle Caramel,18.75,5,12.25,6.5,Wicked Choccy's,267.0
3610,US-2022-151407-CHO-SCR-58000,2024-08-11,2025-05-04,Standard Class,151407,United States,Dubuque,Iowa,52001,Chocolate,Interior,CHO-SCR-58000,Wonka Bar -Scrumdiddlyumptious,14.4,4,10.0,4.4,Lot's O' Nuts,266.0
3611,US-2022-114811-CHO-MIL-31000,2024-08-11,2025-04-30,Same Day,114811,United States,New York City,New York,10024,Chocolate,Atlantic,CHO-MIL-31000,Wonka Bar - Milk Chocolate,6.5,2,4.22,2.28,Wicked Choccy's,262.0
3612,US-2022-127509-CHO-TRI-54000,2024-09-11,2025-05-05,Standard Class,127509,United States,Springfield,Missouri,65807,Chocolate,Interior,CHO-TRI-54000,Wonka Bar - Triple Dazzle Caramel,26.25,7,17.15,9.1,Wicked Choccy's,236.0
3613,US-2022-113222-CHO-FUD-51000,2024-09-11,2025-05-01,Same Day,113222,United States,Lawrence,Indiana,46226,Chocolate,Interior,CHO-FUD-51000,Wonka Bar - Fudge Mallows,10.8,3,7.2,3.6,Lot's O' Nuts,232.0
3614,US-2022-127509-CHO-SCR-58000,2024-09-11,2025-05-05,Standard Class,127509,United States,Springfield,Missouri,65807,Chocolate,Interior,CHO-SCR-58000,Wonka Bar -Scrumdiddlyumptious,10.8,3,7.5,3.3,Lot's O' Nuts,236.0
3615,US-2022-127509-CHO-MIL-31000,2024-09-11,2025-05-05,Standard Class,127509,United States,Springfield,Missouri,65807,Chocolate,Interior,CHO-MIL-31000,Wonka Bar - Milk Chocolate,9.75,3,6.33,3.42,Wicked Choccy's,236.0
3616,US-2022-146486-CHO-TRI-54000,2024-09-11,2025-05-06,Second Class,146486,United States,Oceanside,New York,11572,Chocolate,Atlantic,CHO-TRI-54000,Wonka Bar - Triple Dazzle Caramel,22.5,6,14.7,7.8,Wicked Choccy's,237.0
3617,US-2022-126466-CHO-MIL-31000,2024-09-11,2025-05-05,Standard Class,126466,United States,Roseville,California,95661,Chocolate,Pacific,CHO-MIL-31000,Wonka Bar - Milk Chocolate,6.5,2,4.22,2.28,Wicked Choccy's,236.0
3618,US-2022-127509-CHO-SCR-58000,2024-09-11,2025-05-05,Standard Class,127509,United States,Springfield,Missouri,65807,Chocolate,Interior,CHO-SCR-58000,Wonka Bar -Scrumdiddlyumptious,10.8,3,7.5,3.3,Lot's O' Nuts,236.0
3619,US-2022-158554-CHO-NUT-13000,2024-09-11,2025-05-01,Same Day,158554,United States,Philadelphia,Pennsylvania,19134,Chocolate,Atlantic,CHO-NUT-13000,Wonka Bar - Nutty Crunch Surprise,10.47,3,7.47,3.0,Lot's O' Nuts,232.0
3620,US-2022-169796-CHO-MIL-31000,2024-09-11,2025-05-06,Standard Class,169796,United States,New York City,New York,10035,Chocolate,Atlantic,CHO-MIL-31000,Wonka Bar - Milk Chocolate,9.75,3,6.33,3.42,Wicked Choccy's,237.0
3621,US-2022-146486-CHO-SCR-58000,2024-09-11,2025-05-06,Second Class,146486,United States,Oceanside,New York,11572,Chocolate,Atlantic,CHO-SCR-58000,Wonka Bar -Scrumdiddlyumptious,18.0,5,12.5,5.5,Lot's O' Nuts,237.0
3622,US-2022-146486-CHO-SCR-58000,2024-09-11,2025-05-06,Second Class,146486,United States,Oceanside,New York,11572,Chocolate,Atlantic,CHO-SCR-58000,Wonka Bar -Scrumdiddlyumptious,7.2,2,5.0,2.2,Lot's O' Nuts,237.0
3623,US-2022-146486-CHO-NUT-13000,2024-09-11,2025-05-06,Second Class,146486,United States,Oceanside,New York,11572,Chocolate,Atlantic,CHO-NUT-13000,Wonka Bar - Nutty Crunch Surprise,17.45,5,12.45,5.0,Lot's O' Nuts,237.0
3624,US-2022-169796-OTH-KAZ-38000,2024-09-11,2025-05-06,Standard Class,169796,United States,New York City,New York,10035,Other,Atlantic,OTH-KAZ-38000,Kazookles,6.5,2,0.5,6.0,Secret Factory,237.0
3625,US-2022-121783-CHO-TRI-54000,2024-10-11,2025-05-06,Standard Class,121783,United States,Roseville,Minnesota,55113,Chocolate,Interior,CHO-TRI-54000,Wonka Bar - Triple Dazzle Caramel,11.25,3,7.35,3.9,Wicked Choccy's,207.0
3626,US-2022-121783-CHO-NUT-13000,2024-10-11,2025-05-06,Standard Class,121783,United States,Roseville,Minnesota,55113,Chocolate,Interior,CHO-NUT-13000,Wonka Bar - Nutty Crunch Surprise,6.98,2,4.98,2.0,Lot's O' Nuts,207.0
3627,US-2022-121783-CHO-NUT-13000,2024-10-11,2025-05-06,Standard Class,121783,United States,Roseville,Minnesota,55113,Chocolate,Interior,CHO-NUT-13000,Wonka Bar - Nutty Crunch Surprise,10.47,3,7.47,3.0,Lot's O' Nuts,207.0
3628,US-2022-121783-CHO-NUT-13000,2024-10-11,2025-05-06,Standard Class,121783,United States,Roseville,Minnesota,55113,Chocolate,Interior,CHO-NUT-13000,Wonka Bar - Nutty Crunch Surprise,10.47,3,7.47,3.0,Lot's O' Nuts,207.0
3629,US-2022-147690-CHO-SCR-58000,2024-10-11,2025-05-06,Standard Class,147690,United States,Philadelphia,Pennsylvania,19140,Chocolate,Atlantic,CHO-SCR-58000,Wonka Bar -Scrumdiddlyumptious,21.6,6,15.0,6.6,Lot's O' Nuts,207.0
3630,US-2022-158659-CHO-MIL-31000,2024-10-11,2025-05-06,Second Class,158659,United States,Richmond,Indiana,47374,Chocolate,Interior,CHO-MIL-31000,Wonka Bar - Milk Chocolate,16.25,5,10.55,5.7,Wicked Choccy's,207.0
3631,US-2022-155040-CHO-MIL-31000,2024-10-11,2025-05-07,Standard Class,155040,United States,Brentwood,California,94513,Chocolate,Pacific,CHO-MIL-31000,Wonka Bar - Milk Chocolate,6.5,2,4.22,2.28,Wicked Choccy's,208.0
3632,US-2022-121783-CHO-SCR-58000,2024-10-11,2025-05-06,Standard Class,121783,United States,Roseville,Minnesota,55113,Chocolate,Interior,CHO-SCR-58000,Wonka Bar -Scrumdiddlyumptious,3.6,1,2.5,1.1,Lot's O' Nuts,207.0
3633,US-2022-111948-CHO-FUD-51000,2024-11-11,2025-05-03,Same Day,111948,United States,Detroit,Michigan,48234,Chocolate,Interior,CHO-FUD-51000,Wonka Bar - Fudge Mallows,7.2,2,4.8,2.4,Lot's O' Nuts,173.0
3634,US-2022-111948-OTH-GUM-21000,2024-11-11,2025-05-03,Same Day,111948,United States,Detroit,Michigan,48234,Other,Interior,OTH-GUM-21000,Wonka Gum,8.75,7,4.55,4.2,Secret Factory,173.0
3635,US-2022-113628-CHO-SCR-58000,2024-12-11,2025-05-11,Standard Class,113628,United States,Plantation,Florida,33317,Chocolate,Gulf,CHO-SCR-58000,Wonka Bar -Scrumdiddlyumptious,18.0,5,12.5,5.5,Lot's O' Nuts,151.0
3636,US-2022-113628-CHO-NUT-13000,2024-12-11,2025-05-11,Standard Class,113628,United States,Plantation,Florida,33317,Chocolate,Gulf,CHO-NUT-13000,Wonka Bar - Nutty Crunch Surprise,10.47,3,7.47,3.0,Lot's O' Nuts,151.0
3637,US-2022-113628-CHO-SCR-58000,2024-12-11,2025-05-11,Standard Class,113628,United States,Plantation,Florida,33317,Chocolate,Gulf,CHO-SCR-58000,Wonka Bar -Scrumdiddlyumptious,18.0,5,12.5,5.5,Lot's O' Nuts,151.0
3638,US-2022-113628-CHO-TRI-54000,2024-12-11,2025-05-11,Standard Class,113628,United States,Plantation,Florida,33317,Chocolate,Gulf,CHO-TRI-54000,Wonka Bar - Triple Dazzle Caramel,11.25,3,7.35,3.9,Wicked Choccy's,151.0
3639,US-2022-113628-CHO-MIL-31000,2024-12-11,2025-05-11,Standard Class,113628,United States,Plantation,Florida,33317,Chocolate,Gulf,CHO-MIL-31000,Wonka Bar - Milk Chocolate,6.5,2,4.22,2.28,Wicked Choccy's,151.0
3640,US-2022-153283-CHO-FUD-51000,2024-12-11,2025-05-10,Standard Class,153283,United States,New York City,New York,10035,Chocolate,Atlantic,CHO-FUD-51000,Wonka Bar - Fudge Mallows,7.2,2,4.8,2.4,Lot's O' Nuts,150.0
3641,US-2022-162964-CHO-FUD-51000,2024-12-11,2025-05-10,Standard Class,162964,United States,Houston,Texas,77095,Chocolate,Interior,CHO-FUD-51000,Wonka Bar - Fudge Mallows,25.2,7,16.8,8.4,Lot's O' Nuts,150.0
3642,US-2022-153220-CHO-FUD-51000,2024-12-11,2025-05-06,First Class,153220,United States,Los Angeles,California,90032,Chocolate,Pacific,CHO-FUD-51000,Wonka Bar - Fudge Mallows,18.0,5,12.0,6.0,Lot's O' Nuts,146.0
3643,US-2022-162964-CHO-NUT-13000,2024-12-11,2025-05-10,Standard Class,162964,United States,Houston,Texas,77095,Chocolate,Interior,CHO-NUT-13000,Wonka Bar - Nutty Crunch Surprise,10.47,3,7.47,3.0,Lot's O' Nuts,150.0
3644,US-2022-162964-CHO-FUD-51000,2024-12-11,2025-05-10,Standard Class,162964,United States,Houston,Texas,77095,Chocolate,Interior,CHO-FUD-51000,Wonka Bar - Fudge Mallows,3.6,1,2.4,1.2,Lot's O' Nuts,150.0
3645,US-2022-113628-CHO-MIL-31000,2024-12-11,2025-05-11,Standard Class,113628,United States,Plantation,Florida,33317,Chocolate,Gulf,CHO-MIL-31000,Wonka Bar - Milk Chocolate,3.25,1,2.11,1.14,Wicked Choccy's,151.0
3857,US-2022-137113-CHO-NUT-13000,2024-01-12,2024-05-27,Second Class,137113,United States,Seattle,Washington,98105,Chocolate,Pacific,CHO-NUT-13000,Wonka Bar - Nutty Crunch Surprise,17.45,5,12.45,5.0,Lot's O' Nuts,136.0
3858,US-2022-111038-CHO-NUT-13000,2024-01-12,2024-05-28,Standard Class,111038,United States,San Diego,California,92037,Chocolate,Pacific,CHO-NUT-13000,Wonka Bar - Nutty Crunch Surprise,31.41,9,22.41,9.0,Lot's O' Nuts,137.0
3859,US-2022-105676-CHO-NUT-13000,2024-01-12,2024-05-24,Same Day,105676,United States,Houston,Texas,77036,Chocolate,Interior,CHO-NUT-13000,Wonka Bar - Nutty Crunch Surprise,13.96,4,9.96,4.0,Lot's O' Nuts,133.0
3860,US-2022-137113-CHO-FUD-51000,2024-01-12,2024-05-27,Second Class,137113,United States,Seattle,Washington,98105,Chocolate,Pacific,CHO-FUD-51000,Wonka Bar - Fudge Mallows,32.4,9,21.6,10.8,Lot's O' Nuts,136.0
3861,US-2022-110324-CHO-FUD-51000,2024-01-12,2024-05-27,Standard Class,110324,United States,Jackson,Michigan,49201,Chocolate,Interior,CHO-FUD-51000,Wonka Bar - Fudge Mallows,7.2,2,4.8,2.4,Lot's O' Nuts,136.0
3862,US-2022-103723-CHO-FUD-51000,2024-01-12,2024-05-28,Standard Class,103723,United States,Seattle,Washington,98105,Chocolate,Pacific,CHO-FUD-51000,Wonka Bar - Fudge Mallows,18.0,5,12.0,6.0,Lot's O' Nuts,137.0
3863,US-2022-119907-CHO-MIL-31000,2024-01-12,2024-05-30,Standard Class,119907,United States,Seattle,Washington,98103,Chocolate,Pacific,CHO-MIL-31000,Wonka Bar - Milk Chocolate,6.5,2,4.22,2.28,Wicked Choccy's,139.0
3864,US-2022-148817-CHO-FUD-51000,2024-01-12,2024-05-29,Standard Class,148817,United States,Chesapeake,Virginia,23320,Chocolate,Gulf,CHO-FUD-51000,Wonka Bar - Fudge Mallows,14.4,4,9.6,4.8,Lot's O' Nuts,138.0
3865,US-2022-110324-CHO-MIL-31000,2024-01-12,2024-05-27,Standard Class,110324,United States,Jackson,Michigan,49201,Chocolate,Interior,CHO-MIL-31000,Wonka Bar - Milk Chocolate,6.5,2,4.22,2.28,Wicked Choccy's,136.0
3866,US-2022-110324-SUG-SWE-91000,2024-01-12,2024-05-27,Standard Class,110324,United States,Jackson,Michigan,49201,Sugar,Interior,SUG-SWE-91000,SweeTARTS,4.5,3,2.1,2.4,Sugar Shack,136.0
3867,US-2022-137113-CHO-SCR-58000,2024-01-12,2024-05-27,Second Class,137113,United States,Seattle,Washington,98105,Chocolate,Pacific,CHO-SCR-58000,Wonka Bar -Scrumdiddlyumptious,18.0,5,12.5,5.5,Lot's O' Nuts,136.0
3868,US-2022-137113-CHO-TRI-54000,2024-01-12,2024-05-27,Second Class,137113,United States,Seattle,Washington,98105,Chocolate,Pacific,CHO-TRI-54000,Wonka Bar - Triple Dazzle Caramel,18.75,5,12.25,6.5,Wicked Choccy's,136.0
3869,US-2022-148817-CHO-FUD-51000,2024-01-12,2024-05-29,Standard Class,148817,United States,Chesapeake,Virginia,23320,Chocolate,Gulf,CHO-FUD-51000,Wonka Bar - Fudge Mallows,14.4,4,9.6,4.8,Lot's O' Nuts,138.0
3870,US-2022-137113-CHO-SCR-58000,2024-01-12,2024-05-27,Second Class,137113,United States,Seattle,Washington,98105,Chocolate,Pacific,CHO-SCR-58000,Wonka Bar -Scrumdiddlyumptious,10.8,3,7.5,3.3,Lot's O' Nuts,136.0
3871,CA-2022-112224-CHO-MIL-31000,2024-02-12,2024-05-28,Standard Class,112224,Canada,Halifax,Nova Scotia,B3H,Chocolate,Atlantic,CHO-MIL-31000,Wonka Bar - Milk Chocolate,16.25,5,10.55,5.7,Wicked Choccy's,106.0
3872,CA-2022-145154-CHO-TRI-54000,2024-02-12,2024-05-28,Standard Class,145154,Canada,Moncton,New Brunswick,E1A,Chocolate,Atlantic,CHO-TRI-54000,Wonka Bar - Triple Dazzle Caramel,18.75,5,12.25,6.5,Wicked Choccy's,106.0
3873,CA-2022-154124-CHO-NUT-13000,2024-02-12,2024-05-28,Standard Class,154124,Canada,Moncton,New Brunswick,E1A,Chocolate,Atlantic,CHO-NUT-13000,Wonka Bar - Nutty Crunch Surprise,24.43,7,17.43,7.0,Lot's O' Nuts,106.0
3874,US-2022-145422-CHO-SCR-58000,2024-03-12,2024-05-29,Standard Class,145422,United States,San Francisco,California,94110,Chocolate,Pacific,CHO-SCR-58000,Wonka Bar -Scrumdiddlyumptious,10.8,3,7.5,3.3,Lot's O' Nuts,78.0
3875,US-2022-123092-CHO-FUD-51000,2024-03-12,2024-05-29,Standard Class,123092,United States,Jacksonville,North Carolina,28540,Chocolate,Gulf,CHO-FUD-51000,Wonka Bar - Fudge Mallows,10.8,3,7.2,3.6,Lot's O' Nuts,78.0
3876,US-2022-122756-CHO-TRI-54000,2024-03-12,2024-05-29,Standard Class,122756,United States,Philadelphia,Pennsylvania,19140,Chocolate,Atlantic,CHO-TRI-54000,Wonka Bar - Triple Dazzle Caramel,3.75,1,2.45,1.3,Wicked Choccy's,78.0
3877,US-2022-123092-CHO-TRI-54000,2024-03-12,2024-05-29,Standard Class,123092,United States,Jacksonville,North Carolina,28540,Chocolate,Gulf,CHO-TRI-54000,Wonka Bar - Triple Dazzle Caramel,7.5,2,4.9,2.6,Wicked Choccy's,78.0
3878,US-2022-123092-CHO-TRI-54000,2024-03-12,2024-05-29,Standard Class,123092,United States,Jacksonville,North Carolina,28540,Chocolate,Gulf,CHO-TRI-54000,Wonka Bar - Triple Dazzle Caramel,18.75,5,12.25,6.5,Wicked Choccy's,78.0
3879,US-2022-142475-OTH-LIC-15000,2024-03-12,2024-05-29,Standard Class,142475,United States,New York City,New York,10011,Other,Atlantic,OTH-LIC-15000,Lickable Wallpaper,120.0,6,60.0,60.0,Secret Factory,78.0
3880,US-2022-147851-CHO-SCR-58000,2024-03-12,2024-05-30,Standard Class,147851,United States,New York City,New York,10009,Chocolate,Atlantic,CHO-SCR-58000,Wonka Bar -Scrumdiddlyumptious,14.4,4,10.0,4.4,Lot's O' Nuts,79.0
3881,US-2022-110093-CHO-MIL-31000,2024-03-12,2024-05-30,Standard Class,110093,United States,Philadelphia,Pennsylvania,19134,Chocolate,Atlantic,CHO-MIL-31000,Wonka Bar - Milk Chocolate,6.5,2,4.22,2.28,Wicked Choccy's,79.0
3882,US-2022-156853-OTH-KAZ-38000,2024-03-12,2024-05-27,Second Class,156853,United States,Concord,New Hampshire,3301,Other,Atlantic,OTH-KAZ-38000,Kazookles,22.75,7,1.75,21.0,Secret Factory,76.0
3883,US-2022-110093-CHO-FUD-51000,2024-03-12,2024-05-30,Standard Class,110093,United States,Philadelphia,Pennsylvania,19134,Chocolate,Atlantic,CHO-FUD-51000,Wonka Bar - Fudge Mallows,7.2,2,4.8,2.4,Lot's O' Nuts,79.0
3884,US-2022-122756-CHO-SCR-58000,2024-03-12,2024-05-29,Standard Class,122756,United States,Philadelphia,Pennsylvania,19140,Chocolate,Atlantic,CHO-SCR-58000,Wonka Bar -Scrumdiddlyumptious,14.4,4,10.0,4.4,Lot's O' Nuts,78.0
3885,US-2022-123092-CHO-SCR-58000,2024-03-12,2024-05-29,Standard Class,123092,United States,Jacksonville,North Carolina,28540,Chocolate,Gulf,CHO-SCR-58000,Wonka Bar -Scrumdiddlyumptious,7.2,2,5.0,2.2,Lot's O' Nuts,78.0
3886,US-2022-161718-CHO-FUD-51000,2024-04-12,2024-06-01,Standard Class,161718,United States,Hempstead,New York,11550,Chocolate,Atlantic,CHO-FUD-51000,Wonka Bar - Fudge Mallows,18.0,5,12.0,6.0,Lot's O' Nuts,50.0
3887,US-2022-161718-CHO-FUD-51000,2024-04-12,2024-06-01,Standard Class,161718,United States,Hempstead,New York,11550,Chocolate,Atlantic,CHO-FUD-51000,Wonka Bar - Fudge Mallows,7.2,2,4.8,2.4,Lot's O' Nuts,50.0
3888,US-2022-130659-CHO-TRI-54000,2024-04-12,2024-05-31,Second Class,130659,United States,New York City,New York,10035,Chocolate,Atlantic,CHO-TRI-54000,Wonka Bar - Triple Dazzle Caramel,26.25,7,17.15,9.1,Wicked Choccy's,49.0
3889,US-2022-118871-OTH-GUM-21000,2024-04-12,2024-05-31,Second Class,118871,United States,Los Angeles,California,90049,Other,Pacific,OTH-GUM-21000,Wonka Gum,6.25,5,3.25,3.0,Secret Factory,49.0
3890,US-2022-161718-CHO-MIL-31000,2024-04-12,2024-06-01,Standard Class,161718,United States,Hempstead,New York,11550,Chocolate,Atlantic,CHO-MIL-31000,Wonka Bar - Milk Chocolate,9.75,3,6.33,3.42,Wicked Choccy's,50.0
3891,US-2022-119508-CHO-NUT-13000,2024-04-12,2024-05-31,Standard Class,119508,United States,Lakewood,California,90712,Chocolate,Pacific,CHO-NUT-13000,Wonka Bar - Nutty Crunch Surprise,20.94,6,14.94,6.0,Lot's O' Nuts,49.0
3892,US-2022-119508-CHO-FUD-51000,2024-04-12,2024-05-31,Standard Class,119508,United States,Lakewood,California,90712,Chocolate,Pacific,CHO-FUD-51000,Wonka Bar - Fudge Mallows,18.0,5,12.0,6.0,Lot's O' Nuts,49.0
3893,US-2022-155600-CHO-MIL-31000,2024-04-12,2024-05-29,Second Class,155600,United States,Clarksville,Tennessee,37042,Chocolate,Gulf,CHO-MIL-31000,Wonka Bar - Milk Chocolate,13.0,4,8.44,4.56,Wicked Choccy's,47.0
3894,US-2022-155600-CHO-FUD-51000,2024-04-12,2024-05-29,Second Class,155600,United States,Clarksville,Tennessee,37042,Chocolate,Gulf,CHO-FUD-51000,Wonka Bar - Fudge Mallows,25.2,7,16.8,8.4,Lot's O' Nuts,47.0
3895,US-2022-110247-CHO-TRI-54000,2024-04-12,2024-05-30,Standard Class,110247,United States,Tallahassee,Florida,32303,Chocolate,Gulf,CHO-TRI-54000,Wonka Bar - Triple Dazzle Caramel,11.25,3,7.35,3.9,Wicked Choccy's,48.0
3896,US-2022-118871-CHO-SCR-58000,2024-04-12,2024-05-31,Second Class,118871,United States,Los Angeles,California,90049,Chocolate,Pacific,CHO-SCR-58000,Wonka Bar -Scrumdiddlyumptious,10.8,3,7.5,3.3,Lot's O' Nuts,49.0
3897,US-2022-130659-CHO-NUT-13000,2024-04-12,2024-05-31,Second Class,130659,United States,New York City,New York,10035,Chocolate,Atlantic,CHO-NUT-13000,Wonka Bar - Nutty Crunch Surprise,10.47,3,7.47,3.0,Lot's O' Nuts,49.0
3898,US-2022-142377-CHO-NUT-13000,2024-04-12,2024-05-31,Standard Class,142377,United States,Springfield,Missouri,65807,Chocolate,Interior,CHO-NUT-13000,Wonka Bar - Nutty Crunch Surprise,24.43,7,17.43,7.0,Lot's O' Nuts,49.0
3899,US-2022-118871-CHO-TRI-54000,2024-04-12,2024-05-31,Second Class,118871,United States,Los Angeles,California,90049,Chocolate,Pacific,CHO-TRI-54000,Wonka Bar - Triple Dazzle Caramel,11.25,3,7.35,3.9,Wicked Choccy's,49.0
3900,US-2022-161718-CHO-SCR-58000,2024-04-12,2024-06-01,Standard Class,161718,United States,Hempstead,New York,11550,Chocolate,Atlantic,CHO-SCR-58000,Wonka Bar -Scrumdiddlyumptious,14.4,4,10.0,4.4,Lot's O' Nuts,50.0
3901,US-2022-130659-CHO-TRI-54000,2024-04-12,2024-05-31,Second Class,130659,United States,New York City,New York,10035,Chocolate,Atlantic,CHO-TRI-54000,Wonka Bar - Triple Dazzle Caramel,18.75,5,12.25,6.5,Wicked Choccy's,49.0
3902,CA-2022-119508-CHO-NUT-13000,2024-04-12,2024-05-31,Standard Class,119508,Canada,Vancouver,British Columbia,V6B,Chocolate,Pacific,CHO-NUT-13000,Wonka Bar - Nutty Crunch Surprise,6.98,2,4.98,2.0,Lot's O' Nuts,49.0
3903,CA-2022-119508-CHO-FUD-51000,2024-04-12,2024-05-31,Standard Class,119508,Canada,Vancouver,British Columbia,V6B,Chocolate,Pacific,CHO-FUD-51000,Wonka Bar - Fudge Mallows,14.4,4,9.6,4.8,Lot's O' Nuts,49.0
3904,US-2022-110814-CHO-TRI-54000,2024-05-12,2024-05-31,Second Class,110814,United States,New York City,New York,10009,Chocolate,Atlantic,CHO-TRI-54000,Wonka Bar - Triple Dazzle Caramel,11.25,3,7.35,3.9,Wicked Choccy's,19.0
3905,US-2022-131842-CHO-NUT-13000,2024-05-12,2024-05-30,First Class,131842,United States,Nashville,Tennessee,37211,Chocolate,Gulf,CHO-NUT-13000,Wonka Bar - Nutty Crunch Surprise,6.98,2,4.98,2.0,Lot's O' Nuts,18.0
3906,US-2022-156440-CHO-SCR-58000,2024-05-12,2024-05-31,Standard Class,156440,United States,San Diego,California,92105,Chocolate,Pacific,CHO-SCR-58000,Wonka Bar -Scrumdiddlyumptious,7.2,2,5.0,2.2,Lot's O' Nuts,19.0
3907,US-2022-142937-CHO-FUD-51000,2024-05-12,2024-05-28,First Class,142937,United States,Dallas,Texas,75220,Chocolate,Interior,CHO-FUD-51000,Wonka Bar - Fudge Mallows,7.2,2,4.8,2.4,Lot's O' Nuts,16.0
3908,US-2022-134943-CHO-MIL-31000,2024-05-12,2024-05-28,First Class,134943,United States,Ann Arbor,Michigan,48104,Chocolate,Interior,CHO-MIL-31000,Wonka Bar - Milk Chocolate,16.25,5,10.55,5.7,Wicked Choccy's,16.0
3909,US-2022-101091-CHO-NUT-13000,2024-05-12,2024-05-31,Second Class,101091,United States,Philadelphia,Pennsylvania,19140,Chocolate,Atlantic,CHO-NUT-13000,Wonka Bar - Nutty Crunch Surprise,20.94,6,14.94,6.0,Lot's O' Nuts,19.0
3910,US-2022-110814-CHO-NUT-13000,2024-05-12,2024-05-31,Second Class,110814,United States,New York City,New York,10009,Chocolate,Atlantic,CHO-NUT-13000,Wonka Bar - Nutty Crunch Surprise,17.45,5,12.45,5.0,Lot's O' Nuts,19.0
3911,US-2022-117898-CHO-MIL-31000,2024-05-12,2024-06-02,Standard Class,117898,United States,Bloomington,Illinois,61701,Chocolate,Interior,CHO-MIL-31000,Wonka Bar - Milk Chocolate,6.5,2,4.22,2.28,Wicked Choccy's,21.0
3912,US-2022-149566-CHO-MIL-31000,2024-05-12,2024-06-01,Standard Class,149566,United States,Los Angeles,California,90049,Chocolate,Pacific,CHO-MIL-31000,Wonka Bar - Milk Chocolate,13.0,4,8.44,4.56,Wicked Choccy's,20.0
3913,US-2022-110814-CHO-MIL-31000,2024-05-12,2024-05-31,Second Class,110814,United States,New York City,New York,10009,Chocolate,Atlantic,CHO-MIL-31000,Wonka Bar - Milk Chocolate,6.5,2,4.22,2.28,Wicked Choccy's,19.0
3914,US-2022-149566-CHO-TRI-54000,2024-05-12,2024-06-01,Standard Class,149566,United States,Los Angeles,California,90049,Chocolate,Pacific,CHO-TRI-54000,Wonka Bar - Triple Dazzle Caramel,11.25,3,7.35,3.9,Wicked Choccy's,20.0
3915,US-2022-101091-CHO-NUT-13000,2024-05-12,2024-05-31,Second Class,101091,United States,Philadelphia,Pennsylvania,19140,Chocolate,Atlantic,CHO-NUT-13000,Wonka Bar - Nutty Crunch Surprise,6.98,2,4.98,2.0,Lot's O' Nuts,19.0
3916,US-2022-131884-CHO-TRI-54000,2024-06-12,2025-05-28,Same Day,131884,United States,Marion,Ohio,43302,Chocolate,Atlantic,CHO-TRI-54000,Wonka Bar - Triple Dazzle Caramel,3.75,1,2.45,1.3,Wicked Choccy's,350.0
3917,US-2022-144806-CHO-TRI-54000,2024-06-12,2025-06-02,Standard Class,144806,United States,Tucson,Arizona,85705,Chocolate,Pacific,CHO-TRI-54000,Wonka Bar - Triple Dazzle Caramel,22.5,6,14.7,7.8,Wicked Choccy's,355.0
3918,US-2022-127040-CHO-MIL-31000,2024-06-12,2025-06-01,Standard Class,127040,United States,New York City,New York,10009,Chocolate,Atlantic,CHO-MIL-31000,Wonka Bar - Milk Chocolate,13.0,4,8.44,4.56,Wicked Choccy's,354.0
3919,US-2022-168634-CHO-TRI-54000,2024-06-12,2025-06-02,Standard Class,168634,United States,San Francisco,California,94109,Chocolate,Pacific,CHO-TRI-54000,Wonka Bar - Triple Dazzle Caramel,7.5,2,4.9,2.6,Wicked Choccy's,355.0
3920,US-2022-143490-CHO-NUT-13000,2024-06-12,2025-06-04,Standard Class,143490,United States,San Diego,California,92105,Chocolate,Pacific,CHO-NUT-13000,Wonka Bar - Nutty Crunch Surprise,31.41,9,22.41,9.0,Lot's O' Nuts,357.0
3921,US-2022-144806-CHO-SCR-58000,2024-06-12,2025-06-02,Standard Class,144806,United States,Tucson,Arizona,85705,Chocolate,Pacific,CHO-SCR-58000,Wonka Bar -Scrumdiddlyumptious,21.6,6,15.0,6.6,Lot's O' Nuts,355.0
3922,US-2022-131884-CHO-TRI-54000,2024-06-12,2025-05-28,Same Day,131884,United States,Marion,Ohio,43302,Chocolate,Atlantic,CHO-TRI-54000,Wonka Bar - Triple Dazzle Caramel,30.0,8,19.6,10.4,Wicked Choccy's,350.0
3923,US-2022-149692-CHO-SCR-58000,2024-06-12,2025-06-03,Standard Class,149692,United States,Austin,Texas,78745,Chocolate,Interior,CHO-SCR-58000,Wonka Bar -Scrumdiddlyumptious,25.2,7,17.5,7.7,Lot's O' Nuts,356.0
3924,US-2022-166338-CHO-TRI-54000,2024-06-12,2025-05-29,First Class,166338,United States,Troy,Ohio,45373,Chocolate,Atlantic,CHO-TRI-54000,Wonka Bar - Triple Dazzle Caramel,11.25,3,7.35,3.9,Wicked Choccy's,351.0
3925,US-2022-114741-CHO-SCR-58000,2024-06-12,2025-06-01,Standard Class,114741,United States,North Las Vegas,Nevada,89031,Chocolate,Pacific,CHO-SCR-58000,Wonka Bar -Scrumdiddlyumptious,10.8,3,7.5,3.3,Lot's O' Nuts,354.0
3926,US-2022-114741-CHO-MIL-31000,2024-06-12,2025-06-01,Standard Class,114741,United States,North Las Vegas,Nevada,89031,Chocolate,Pacific,CHO-MIL-31000,Wonka Bar - Milk Chocolate,3.25,1,2.11,1.14,Wicked Choccy's,354.0
3927,US-2022-127040-CHO-FUD-51000,2024-06-12,2025-06-01,Standard Class,127040,United States,New York City,New York,10009,Chocolate,Atlantic,CHO-FUD-51000,Wonka Bar - Fudge Mallows,25.2,7,16.8,8.4,Lot's O' Nuts,354.0
3928,US-2022-144806-CHO-NUT-13000,2024-06-12,2025-06-02,Standard Class,144806,United States,Tucson,Arizona,85705,Chocolate,Pacific,CHO-NUT-13000,Wonka Bar - Nutty Crunch Surprise,17.45,5,12.45,5.0,Lot's O' Nuts,355.0
3929,US-2022-144806-CHO-NUT-13000,2024-06-12,2025-06-02,Standard Class,144806,United States,Tucson,Arizona,85705,Chocolate,Pacific,CHO-NUT-13000,Wonka Bar - Nutty Crunch Surprise,27.92,8,19.92,8.0,Lot's O' Nuts,355.0
3930,US-2022-148628-CHO-MIL-31000,2024-06-12,2025-06-02,Standard Class,148628,United States,Thousand Oaks,California,91360,Chocolate,Pacific,CHO-MIL-31000,Wonka Bar - Milk Chocolate,16.25,5,10.55,5.7,Wicked Choccy's,355.0
3931,US-2022-127040-CHO-TRI-54000,2024-06-12,2025-06-01,Standard Class,127040,United States,New York City,New York,10009,Chocolate,Atlantic,CHO-TRI-54000,Wonka Bar - Triple Dazzle Caramel,3.75,1,2.45,1.3,Wicked Choccy's,354.0
3932,US-2022-136700-CHO-NUT-13000,2024-06-12,2025-06-02,Second Class,136700,United States,Santa Barbara,California,93101,Chocolate,Pacific,CHO-NUT-13000,Wonka Bar - Nutty Crunch Surprise,6.98,2,4.98,2.0,Lot's O' Nuts,355.0
3933,US-2022-114741-CHO-NUT-13000,2024-06-12,2025-06-01,Standard Class,114741,United States,North Las Vegas,Nevada,89031,Chocolate,Pacific,CHO-NUT-13000,Wonka Bar - Nutty Crunch Surprise,17.45,5,12.45,5.0,Lot's O' Nuts,354.0
3934,US-2022-144806-CHO-SCR-58000,2024-06-12,2025-06-02,Standard Class,144806,United States,Tucson,Arizona,85705,Chocolate,Pacific,CHO-SCR-58000,Wonka Bar -Scrumdiddlyumptious,21.6,6,15.0,6.6,Lot's O' Nuts,355.0
3935,US-2022-127040-CHO-NUT-13000,2024-06-12,2025-06-01,Standard Class,127040,United States,New York City,New York,10009,Chocolate,Atlantic,CHO-NUT-13000,Wonka Bar - Nutty Crunch Surprise,31.41,9,22.41,9.0,Lot's O' Nuts,354.0
3936,US-2022-156104-CHO-FUD-51000,2024-06-12,2025-05-30,Second Class,156104,United States,Indianapolis,Indiana,46203,Chocolate,Interior,CHO-FUD-51000,Wonka Bar - Fudge Mallows,7.2,2,4.8,2.4,Lot's O' Nuts,352.0
3937,US-2022-143490-CHO-FUD-51000,2024-06-12,2025-06-04,Standard Class,143490,United States,San Diego,California,92105,Chocolate,Pacific,CHO-FUD-51000,Wonka Bar - Fudge Mallows,7.2,2,4.8,2.4,Lot's O' Nuts,357.0
3938,US-2022-131884-CHO-TRI-54000,2024-06-12,2025-05-28,Same Day,131884,United States,Marion,Ohio,43302,Chocolate,Atlantic,CHO-TRI-54000,Wonka Bar - Triple Dazzle Caramel,7.5,2,4.9,2.6,Wicked Choccy's,350.0
3939,US-2022-153752-CHO-NUT-13000,2024-06-12,2025-06-02,Second Class,153752,United States,Arlington,Virginia,22204,Chocolate,Gulf,CHO-NUT-13000,Wonka Bar - Nutty Crunch Surprise,20.94,6,14.94,6.0,Lot's O' Nuts,355.0
3940,US-2022-134894-CHO-SCR-58000,2024-07-12,2025-06-02,Standard Class,134894,United States,Henderson,Kentucky,42420,Chocolate,Gulf,CHO-SCR-58000,Wonka Bar -Scrumdiddlyumptious,14.4,4,10.0,4.4,Lot's O' Nuts,325.0
3941,US-2022-135272-CHO-TRI-54000,2024-07-12,2025-06-03,Standard Class,135272,United States,Los Angeles,California,90036,Chocolate,Pacific,CHO-TRI-54000,Wonka Bar - Triple Dazzle Caramel,15.0,4,9.8,5.2,Wicked Choccy's,326.0
3942,US-2022-134894-CHO-MIL-31000,2024-07-12,2025-06-02,Standard Class,134894,United States,Henderson,Kentucky,42420,Chocolate,Gulf,CHO-MIL-31000,Wonka Bar - Milk Chocolate,9.75,3,6.33,3.42,Wicked Choccy's,325.0
3943,US-2022-165050-CHO-SCR-58000,2024-07-12,2025-05-31,First Class,165050,United States,New York City,New York,10024,Chocolate,Atlantic,CHO-SCR-58000,Wonka Bar -Scrumdiddlyumptious,18.0,5,12.5,5.5,Lot's O' Nuts,323.0
3944,US-2022-165050-CHO-TRI-54000,2024-07-12,2025-05-31,First Class,165050,United States,New York City,New York,10024,Chocolate,Atlantic,CHO-TRI-54000,Wonka Bar - Triple Dazzle Caramel,7.5,2,4.9,2.6,Wicked Choccy's,323.0
3945,US-2022-130736-CHO-TRI-54000,2024-07-12,2025-05-31,First Class,130736,United States,Seattle,Washington,98105,Chocolate,Pacific,CHO-TRI-54000,Wonka Bar - Triple Dazzle Caramel,7.5,2,4.9,2.6,Wicked Choccy's,323.0
3946,US-2022-130736-CHO-SCR-58000,2024-07-12,2025-05-31,First Class,130736,United States,Seattle,Washington,98105,Chocolate,Pacific,CHO-SCR-58000,Wonka Bar -Scrumdiddlyumptious,3.6,1,2.5,1.1,Lot's O' Nuts,323.0
3947,US-2022-120957-CHO-SCR-58000,2024-07-12,2025-05-29,Same Day,120957,United States,Riverside,California,92503,Chocolate,Pacific,CHO-SCR-58000,Wonka Bar -Scrumdiddlyumptious,7.2,2,5.0,2.2,Lot's O' Nuts,321.0
3948,US-2022-165050-CHO-TRI-54000,2024-07-12,2025-05-31,First Class,165050,United States,New York City,New York,10024,Chocolate,Atlantic,CHO-TRI-54000,Wonka Bar - Triple Dazzle Caramel,22.5,6,14.7,7.8,Wicked Choccy's,323.0
3949,US-2022-135622-CHO-TRI-54000,2024-08-12,2025-06-02,Second Class,135622,United States,Fort Worth,Texas,76106,Chocolate,Interior,CHO-TRI-54000,Wonka Bar - Triple Dazzle Caramel,41.25,11,26.95,14.3,Wicked Choccy's,294.0
3950,US-2022-156118-CHO-FUD-51000,2024-08-12,2025-06-03,Standard Class,156118,United States,Colorado Springs,Colorado,80906,Chocolate,Pacific,CHO-FUD-51000,Wonka Bar - Fudge Mallows,10.8,3,7.2,3.6,Lot's O' Nuts,295.0
3951,US-2022-129532-CHO-NUT-13000,2024-08-12,2025-06-03,Standard Class,129532,United States,Los Angeles,California,90036,Chocolate,Pacific,CHO-NUT-13000,Wonka Bar - Nutty Crunch Surprise,6.98,2,4.98,2.0,Lot's O' Nuts,295.0
3952,US-2022-129532-CHO-SCR-58000,2024-08-12,2025-06-03,Standard Class,129532,United States,Los Angeles,California,90036,Chocolate,Pacific,CHO-SCR-58000,Wonka Bar -Scrumdiddlyumptious,14.4,4,10.0,4.4,Lot's O' Nuts,295.0
3953,US-2022-135622-CHO-NUT-13000,2024-08-12,2025-06-02,Second Class,135622,United States,Fort Worth,Texas,76106,Chocolate,Interior,CHO-NUT-13000,Wonka Bar - Nutty Crunch Surprise,20.94,6,14.94,6.0,Lot's O' Nuts,294.0
3954,US-2022-103205-CHO-NUT-13000,2024-08-12,2025-06-01,Second Class,103205,United States,Houston,Texas,77036,Chocolate,Interior,CHO-NUT-13000,Wonka Bar - Nutty Crunch Surprise,17.45,5,12.45,5.0,Lot's O' Nuts,293.0
3955,US-2022-157035-CHO-MIL-31000,2024-09-12,2025-06-03,First Class,157035,United States,Columbus,Indiana,47201,Chocolate,Interior,CHO-MIL-31000,Wonka Bar - Milk Chocolate,9.75,3,6.33,3.42,Wicked Choccy's,264.0
3956,US-2022-138093-CHO-SCR-58000,2024-10-12,2025-06-07,Standard Class,138093,United States,Baltimore,Maryland,21215,Chocolate,Atlantic,CHO-SCR-58000,Wonka Bar -Scrumdiddlyumptious,10.8,3,7.5,3.3,Lot's O' Nuts,238.0
3957,US-2022-121650-CHO-MIL-31000,2024-10-12,2025-06-07,Standard Class,121650,United States,Jackson,Michigan,49201,Chocolate,Interior,CHO-MIL-31000,Wonka Bar - Milk Chocolate,6.5,2,4.22,2.28,Wicked Choccy's,238.0
3958,US-2022-121650-CHO-FUD-51000,2024-10-12,2025-06-07,Standard Class,121650,United States,Jackson,Michigan,49201,Chocolate,Interior,CHO-FUD-51000,Wonka Bar - Fudge Mallows,7.2,2,4.8,2.4,Lot's O' Nuts,238.0
3959,US-2022-106208-CHO-TRI-54000,2024-10-12,2025-06-06,Standard Class,106208,United States,Chicago,Illinois,60610,Chocolate,Interior,CHO-TRI-54000,Wonka Bar - Triple Dazzle Caramel,26.25,7,17.15,9.1,Wicked Choccy's,237.0
3960,US-2022-138093-CHO-SCR-58000,2024-10-12,2025-06-07,Standard Class,138093,United States,Baltimore,Maryland,21215,Chocolate,Atlantic,CHO-SCR-58000,Wonka Bar -Scrumdiddlyumptious,32.4,9,22.5,9.9,Lot's O' Nuts,238.0
3961,US-2022-121650-CHO-TRI-54000,2024-10-12,2025-06-07,Standard Class,121650,United States,Jackson,Michigan,49201,Chocolate,Interior,CHO-TRI-54000,Wonka Bar - Triple Dazzle Caramel,7.5,2,4.9,2.6,Wicked Choccy's,238.0
3962,US-2022-168732-CHO-SCR-58000,2024-10-12,2025-06-07,Standard Class,168732,United States,Roswell,Georgia,30076,Chocolate,Gulf,CHO-SCR-58000,Wonka Bar -Scrumdiddlyumptious,3.6,1,2.5,1.1,Lot's O' Nuts,238.0
3963,US-2022-115693-CHO-FUD-51000,2024-10-12,2025-06-06,Standard Class,115693,United States,Los Angeles,California,90032,Chocolate,Pacific,CHO-FUD-51000,Wonka Bar - Fudge Mallows,7.2,2,4.8,2.4,Lot's O' Nuts,237.0
3964,US-2022-121650-CHO-FUD-51000,2024-10-12,2025-06-07,Standard Class,121650,United States,Jackson,Michigan,49201,Chocolate,Interior,CHO-FUD-51000,Wonka Bar - Fudge Mallows,3.6,1,2.4,1.2,Lot's O' Nuts,238.0
3965,US-2022-127502-CHO-NUT-13000,2024-10-12,2025-06-05,Standard Class,127502,United States,San Francisco,California,94110,Chocolate,Pacific,CHO-NUT-13000,Wonka Bar - Nutty Crunch Surprise,6.98,2,4.98,2.0,Lot's O' Nuts,236.0
3966,US-2022-143105-CHO-SCR-58000,2024-10-12,2025-06-01,Same Day,143105,United States,New York City,New York,10024,Chocolate,Atlantic,CHO-SCR-58000,Wonka Bar -Scrumdiddlyumptious,3.6,1,2.5,1.1,Lot's O' Nuts,232.0
3967,US-2022-138093-CHO-FUD-51000,2024-10-12,2025-06-07,Standard Class,138093,United States,Baltimore,Maryland,21215,Chocolate,Atlantic,CHO-FUD-51000,Wonka Bar - Fudge Mallows,18.0,5,12.0,6.0,Lot's O' Nuts,238.0
3968,US-2022-168732-CHO-SCR-58000,2024-10-12,2025-06-07,Standard Class,168732,United States,Roswell,Georgia,30076,Chocolate,Gulf,CHO-SCR-58000,Wonka Bar -Scrumdiddlyumptious,14.4,4,10.0,4.4,Lot's O' Nuts,238.0
3969,US-2022-138093-CHO-FUD-51000,2024-10-12,2025-06-07,Standard Class,138093,United States,Baltimore,Maryland,21215,Chocolate,Atlantic,CHO-FUD-51000,Wonka Bar - Fudge Mallows,18.0,5,12.0,6.0,Lot's O' Nuts,238.0
3970,US-2022-143105-CHO-TRI-54000,2024-10-12,2025-06-01,Same Day,143105,United States,New York City,New York,10024,Chocolate,Atlantic,CHO-TRI-54000,Wonka Bar - Triple Dazzle Caramel,26.25,7,17.15,9.1,Wicked Choccy's,232.0
3971,US-2022-143105-CHO-TRI-54000,2024-10-12,2025-06-01,Same Day,143105,United States,New York City,New York,10024,Chocolate,Atlantic,CHO-TRI-54000,Wonka Bar - Triple Dazzle Caramel,22.5,6,14.7,7.8,Wicked Choccy's,232.0
3972,US-2022-168732-CHO-SCR-58000,2024-10-12,2025-06-07,Standard Class,168732,United States,Roswell,Georgia,30076,Chocolate,Gulf,CHO-SCR-58000,Wonka Bar -Scrumdiddlyumptious,21.6,6,15.0,6.6,Lot's O' Nuts,238.0
3973,US-2022-112823-CHO-SCR-58000,2024-10-12,2025-06-07,Standard Class,112823,United States,Cleveland,Ohio,44105,Chocolate,Atlantic,CHO-SCR-58000,Wonka Bar -Scrumdiddlyumptious,7.2,2,5.0,2.2,Lot's O' Nuts,238.0
3974,US-2022-143105-CHO-FUD-51000,2024-10-12,2025-06-01,Same Day,143105,United States,New York City,New York,10024,Chocolate,Atlantic,CHO-FUD-51000,Wonka Bar - Fudge Mallows,7.2,2,4.8,2.4,Lot's O' Nuts,232.0
3975,US-2022-138093-CHO-SCR-58000,2024-10-12,2025-06-07,Standard Class,138093,United States,Baltimore,Maryland,21215,Chocolate,Atlantic,CHO-SCR-58000,Wonka Bar -Scrumdiddlyumptious,3.6,1,2.5,1.1,Lot's O' Nuts,238.0
3976,US-2022-104346-CHO-NUT-13000,2024-11-12,2025-06-07,Standard Class,104346,United States,Colorado Springs,Colorado,80906,Chocolate,Pacific,CHO-NUT-13000,Wonka Bar - Nutty Crunch Surprise,13.96,4,9.96,4.0,Lot's O' Nuts,207.0
3977,US-2022-104346-CHO-TRI-54000,2024-11-12,2025-06-07,Standard Class,104346,United States,Colorado Springs,Colorado,80906,Chocolate,Pacific,CHO-TRI-54000,Wonka Bar - Triple Dazzle Caramel,18.75,5,12.25,6.5,Wicked Choccy's,207.0
3978,US-2022-104346-CHO-FUD-51000,2024-11-12,2025-06-07,Standard Class,104346,United States,Colorado Springs,Colorado,80906,Chocolate,Pacific,CHO-FUD-51000,Wonka Bar - Fudge Mallows,32.4,9,21.6,10.8,Lot's O' Nuts,207.0
3979,US-2022-104346-CHO-SCR-58000,2024-11-12,2025-06-07,Standard Class,104346,United States,Colorado Springs,Colorado,80906,Chocolate,Pacific,CHO-SCR-58000,Wonka Bar -Scrumdiddlyumptious,18.0,5,12.5,5.5,Lot's O' Nuts,207.0
3980,US-2022-104346-CHO-MIL-31000,2024-11-12,2025-06-07,Standard Class,104346,United States,Colorado Springs,Colorado,80906,Chocolate,Pacific,CHO-MIL-31000,Wonka Bar - Milk Chocolate,16.25,5,10.55,5.7,Wicked Choccy's,207.0
3981,US-2022-104346-CHO-NUT-13000,2024-11-12,2025-06-07,Standard Class,104346,United States,Colorado Springs,Colorado,80906,Chocolate,Pacific,CHO-NUT-13000,Wonka Bar - Nutty Crunch Surprise,10.47,3,7.47,3.0,Lot's O' Nuts,207.0
3982,US-2022-120572-CHO-MIL-31000,2024-11-12,2025-06-06,Standard Class,120572,United States,Jacksonville,Florida,32216,Chocolate,Gulf,CHO-MIL-31000,Wonka Bar - Milk Chocolate,6.5,2,4.22,2.28,Wicked Choccy's,206.0
3983,US-2022-106362-CHO-NUT-13000,2024-11-12,2025-06-06,Standard Class,106362,United States,Troy,Ohio,45373,Chocolate,Atlantic,CHO-NUT-13000,Wonka Bar - Nutty Crunch Surprise,10.47,3,7.47,3.0,Lot's O' Nuts,206.0
3984,US-2022-134082-CHO-TRI-54000,2024-11-12,2025-06-08,Standard Class,134082,United States,San Bernardino,California,92404,Chocolate,Pacific,CHO-TRI-54000,Wonka Bar - Triple Dazzle Caramel,15.0,4,9.8,5.2,Wicked Choccy's,208.0
3985,US-2022-135853-CHO-SCR-58000,2024-11-12,2025-06-05,First Class,135853,United States,Detroit,Michigan,48205,Chocolate,Interior,CHO-SCR-58000,Wonka Bar -Scrumdiddlyumptious,7.2,2,5.0,2.2,Lot's O' Nuts,205.0
3986,US-2022-150560-CHO-FUD-51000,2024-11-12,2025-06-03,First Class,150560,United States,Suffolk,Virginia,23434,Chocolate,Gulf,CHO-FUD-51000,Wonka Bar - Fudge Mallows,7.2,2,4.8,2.4,Lot's O' Nuts,203.0
3987,US-2022-104346-CHO-FUD-51000,2024-11-12,2025-06-07,Standard Class,104346,United States,Colorado Springs,Colorado,80906,Chocolate,Pacific,CHO-FUD-51000,Wonka Bar - Fudge Mallows,10.8,3,7.2,3.6,Lot's O' Nuts,207.0
3988,US-2022-104346-CHO-TRI-54000,2024-11-12,2025-06-07,Standard Class,104346,United States,Colorado Springs,Colorado,80906,Chocolate,Pacific,CHO-TRI-54000,Wonka Bar - Triple Dazzle Caramel,11.25,3,7.35,3.9,Wicked Choccy's,207.0
3989,US-2022-155761-CHO-MIL-31000,2024-11-12,2025-06-02,Same Day,155761,United States,Houston,Texas,77041,Chocolate,Interior,CHO-MIL-31000,Wonka Bar - Milk Chocolate,9.75,3,6.33,3.42,Wicked Choccy's,202.0
3990,US-2022-155761-CHO-FUD-51000,2024-11-12,2025-06-02,Same Day,155761,United States,Houston,Texas,77041,Chocolate,Interior,CHO-FUD-51000,Wonka Bar - Fudge Mallows,7.2,2,4.8,2.4,Lot's O' Nuts,202.0
3991,US-2022-104346-CHO-TRI-54000,2024-11-12,2025-06-07,Standard Class,104346,United States,Colorado Springs,Colorado,80906,Chocolate,Pacific,CHO-TRI-54000,Wonka Bar - Triple Dazzle Caramel,15.0,4,9.8,5.2,Wicked Choccy's,207.0
3992,US-2022-135853-CHO-SCR-58000,2024-11-12,2025-06-05,First Class,135853,United States,Detroit,Michigan,48205,Chocolate,Interior,CHO-SCR-58000,Wonka Bar -Scrumdiddlyumptious,39.6,11,27.5,12.1,Lot's O' Nuts,205.0
3993,US-2022-135853-CHO-MIL-31000,2024-11-12,2025-06-05,First Class,135853,United States,Detroit,Michigan,48205,Chocolate,Interior,CHO-MIL-31000,Wonka Bar - Milk Chocolate,3.25,1,2.11,1.14,Wicked Choccy's,205.0
3994,US-2022-154620-CHO-MIL-31000,2024-12-12,2025-06-07,Standard Class,154620,United States,Lancaster,California,93534,Chocolate,Pacific,CHO-MIL-31000,Wonka Bar - Milk Chocolate,6.5,2,4.22,2.28,Wicked Choccy's,177.0
3995,US-2022-134075-CHO-NUT-13000,2024-12-12,2025-06-07,Standard Class,134075,United States,San Jose,California,95123,Chocolate,Pacific,CHO-NUT-13000,Wonka Bar - Nutty Crunch Surprise,10.47,3,7.47,3.0,Lot's O' Nuts,177.0
3996,US-2022-155586-CHO-SCR-58000,2024-12-12,2025-06-07,Second Class,155586,United States,Chico,California,95928,Chocolate,Pacific,CHO-SCR-58000,Wonka Bar -Scrumdiddlyumptious,3.6,1,2.5,1.1,Lot's O' Nuts,177.0
3997,US-2022-129042-CHO-TRI-54000,2024-12-12,2025-06-08,Standard Class,129042,United States,Baltimore,Maryland,21215,Chocolate,Atlantic,CHO-TRI-54000,Wonka Bar - Triple Dazzle Caramel,11.25,3,7.35,3.9,Wicked Choccy's,178.0
3998,US-2022-145065-CHO-MIL-31000,2024-12-12,2025-06-06,First Class,145065,United States,San Diego,California,92105,Chocolate,Pacific,CHO-MIL-31000,Wonka Bar - Milk Chocolate,6.5,2,4.22,2.28,Wicked Choccy's,176.0
3999,US-2022-155586-CHO-SCR-58000,2024-12-12,2025-06-07,Second Class,155586,United States,Chico,California,95928,Chocolate,Pacific,CHO-SCR-58000,Wonka Bar -Scrumdiddlyumptious,14.4,4,10.0,4.4,Lot's O' Nuts,177.0
4000,US-2022-145065-CHO-FUD-51000,2024-12-12,2025-06-06,First Class,145065,United States,San Diego,California,92105,Chocolate,Pacific,CHO-FUD-51000,Wonka Bar - Fudge Mallows,7.2,2,4.8,2.4,Lot's O' Nuts,176.0
4001,US-2022-155586-CHO-NUT-13000,2024-12-12,2025-06-07,Second Class,155586,United States,Chico,California,95928,Chocolate,Pacific,CHO-NUT-13000,Wonka Bar - Nutty Crunch Surprise,13.96,4,9.96,4.0,Lot's O' Nuts,177.0
4002,US-2022-127481-CHO-TRI-54000,2024-12-12,2025-06-06,Second Class,127481,United States,Las Vegas,Nevada,89115,Chocolate,Pacific,CHO-TRI-54000,Wonka Bar - Triple Dazzle Caramel,18.75,5,12.25,6.5,Wicked Choccy's,176.0
4003,US-2022-127481-CHO-FUD-51000,2024-12-12,2025-06-06,Second Class,127481,United States,Las Vegas,Nevada,89115,Chocolate,Pacific,CHO-FUD-51000,Wonka Bar - Fudge Mallows,7.2,2,4.8,2.4,Lot's O' Nuts,176.0
4004,US-2022-134075-CHO-MIL-31000,2024-12-12,2025-06-07,Standard Class,134075,United States,San Jose,California,95123,Chocolate,Pacific,CHO-MIL-31000,Wonka Bar - Milk Chocolate,6.5,2,4.22,2.28,Wicked Choccy's,177.0
4005,US-2022-110870-CHO-SCR-58000,2024-12-12,2025-06-06,First Class,110870,United States,Los Angeles,California,90032,Chocolate,Pacific,CHO-SCR-58000,Wonka Bar -Scrumdiddlyumptious,25.2,7,17.5,7.7,Lot's O' Nuts,176.0
4006,US-2022-167220-CHO-SCR-58000,2024-12-12,2025-06-07,Standard Class,167220,United States,Austin,Texas,78745,Chocolate,Interior,CHO-SCR-58000,Wonka Bar -Scrumdiddlyumptious,14.4,4,10.0,4.4,Lot's O' Nuts,177.0
4007,US-2022-110870-CHO-TRI-54000,2024-12-12,2025-06-06,First Class,110870,United States,Los Angeles,California,90032,Chocolate,Pacific,CHO-TRI-54000,Wonka Bar - Triple Dazzle Caramel,22.5,6,14.7,7.8,Wicked Choccy's,176.0
4008,CA-2022-155586-CHO-SCR-58000,2024-12-12,2025-06-07,Second Class,155586,Canada,Calgary,Alberta,T2C,Chocolate,Pacific,CHO-SCR-58000,Wonka Bar -Scrumdiddlyumptious,14.4,4,10.0,4.4,Lot's O' Nuts,177.0
4009,CA-2022-155586-CHO-SCR-58000,2024-12-12,2025-06-07,Second Class,155586,Canada,Calgary,Alberta,T2C,Chocolate,Pacific,CHO-SCR-58000,Wonka Bar -Scrumdiddlyumptious,14.4,4,10.0,4.4,Lot's O' Nuts,177.0
4010,CA-2022-155586-CHO-NUT-13000,2024-12-12,2025-06-07,Second Class,155586,Canada,Calgary,Alberta,T2C,Chocolate,Pacific,CHO-NUT-13000,Wonka Bar - Nutty Crunch Surprise,13.96,4,9.96,4.0,Lot's O' Nuts,177.0
4182,US-2023-160304-CHO-MIL-31000,2025-02-01,2025-06-29,Standard Class,160304,United States,Gaithersburg,Maryland,20877,Chocolate,Atlantic,CHO-MIL-31000,Wonka Bar - Milk Chocolate,9.75,3,6.33,3.42,Wicked Choccy's,148.0
4183,US-2023-160304-OTH-GUM-21000,2025-02-01,2025-06-29,Standard Class,160304,United States,Gaithersburg,Maryland,20877,Other,Atlantic,OTH-GUM-21000,Wonka Gum,2.5,2,1.3,1.2,Secret Factory,148.0
4184,US-2023-105207-CHO-SCR-58000,2025-03-01,2025-06-30,Standard Class,105207,United States,Broken Arrow,Oklahoma,74012,Chocolate,Interior,CHO-SCR-58000,Wonka Bar -Scrumdiddlyumptious,25.2,7,17.5,7.7,Lot's O' Nuts,121.0
4185,US-2023-105207-CHO-TRI-54000,2025-03-01,2025-06-30,Standard Class,105207,United States,Broken Arrow,Oklahoma,74012,Chocolate,Interior,CHO-TRI-54000,Wonka Bar - Triple Dazzle Caramel,7.5,2,4.9,2.6,Wicked Choccy's,121.0
4186,US-2023-125206-CHO-SCR-58000,2025-03-01,2025-06-27,First Class,125206,United States,Los Angeles,California,90045,Chocolate,Pacific,CHO-SCR-58000,Wonka Bar -Scrumdiddlyumptious,7.2,2,5.0,2.2,Lot's O' Nuts,118.0
4187,US-2023-116365-CHO-NUT-13000,2025-03-01,2025-06-30,Standard Class,116365,United States,San Antonio,Texas,78207,Chocolate,Interior,CHO-NUT-13000,Wonka Bar - Nutty Crunch Surprise,6.98,2,4.98,2.0,Lot's O' Nuts,121.0
4188,US-2023-116365-CHO-NUT-13000,2025-03-01,2025-06-30,Standard Class,116365,United States,San Antonio,Texas,78207,Chocolate,Interior,CHO-NUT-13000,Wonka Bar - Nutty Crunch Surprise,10.47,3,7.47,3.0,Lot's O' Nuts,121.0
4189,US-2023-116365-CHO-TRI-54000,2025-03-01,2025-06-30,Standard Class,116365,United States,San Antonio,Texas,78207,Chocolate,Interior,CHO-TRI-54000,Wonka Bar - Triple Dazzle Caramel,18.75,5,12.25,6.5,Wicked Choccy's,121.0
4190,US-2023-158211-CHO-TRI-54000,2025-04-01,2025-06-30,Standard Class,158211,United States,Philadelphia,Pennsylvania,19143,Chocolate,Atlantic,CHO-TRI-54000,Wonka Bar - Triple Dazzle Caramel,3.75,1,2.45,1.3,Wicked Choccy's,90.0
4191,US-2023-158211-CHO-NUT-13000,2025-04-01,2025-06-30,Standard Class,158211,United States,Philadelphia,Pennsylvania,19143,Chocolate,Atlantic,CHO-NUT-13000,Wonka Bar - Nutty Crunch Surprise,20.94,6,14.94,6.0,Lot's O' Nuts,90.0
4192,US-2023-164630-CHO-MIL-31000,2025-04-01,2025-07-01,Standard Class,164630,United States,Charlotte,North Carolina,28205,Chocolate,Gulf,CHO-MIL-31000,Wonka Bar - Milk Chocolate,13.0,4,8.44,4.56,Wicked Choccy's,91.0
4193,US-2023-134474-OTH-GUM-21000,2025-05-01,2025-06-29,Second Class,134474,United States,Jacksonville,Florida,32216,Other,Gulf,OTH-GUM-21000,Wonka Gum,2.5,2,1.3,1.2,Secret Factory,59.0
4194,US-2023-134474-CHO-SCR-58000,2025-05-01,2025-06-29,Second Class,134474,United States,Jacksonville,Florida,32216,Chocolate,Gulf,CHO-SCR-58000,Wonka Bar -Scrumdiddlyumptious,21.6,6,15.0,6.6,Lot's O' Nuts,59.0
4195,US-2023-134474-CHO-SCR-58000,2025-05-01,2025-06-29,Second Class,134474,United States,Jacksonville,Florida,32216,Chocolate,Gulf,CHO-SCR-58000,Wonka Bar -Scrumdiddlyumptious,7.2,2,5.0,2.2,Lot's O' Nuts,59.0
4196,US-2023-158806-CHO-NUT-13000,2025-07-01,2025-07-03,Standard Class,158806,United States,Amarillo,Texas,79109,Chocolate,Interior,CHO-NUT-13000,Wonka Bar - Nutty Crunch Surprise,10.47,3,7.47,3.0,Lot's O' Nuts,2.0
4197,US-2023-101938-CHO-MIL-31000,2025-07-01,2025-07-04,Standard Class,101938,United States,Oakland,California,94601,Chocolate,Pacific,CHO-MIL-31000,Wonka Bar - Milk Chocolate,3.25,1,2.11,1.14,Wicked Choccy's,3.0
4198,US-2023-158806-CHO-FUD-51000,2025-07-01,2025-07-03,Standard Class,158806,United States,Amarillo,Texas,79109,Chocolate,Interior,CHO-FUD-51000,Wonka Bar - Fudge Mallows,18.0,5,12.0,6.0,Lot's O' Nuts,2.0
4199,US-2023-100461-CHO-TRI-54000,2025-08-01,2026-07-04,Standard Class,100461,United States,Franklin,Wisconsin,53132,Chocolate,Interior,CHO-TRI-54000,Wonka Bar - Triple Dazzle Caramel,22.5,6,14.7,7.8,Wicked Choccy's,337.0
4200,US-2023-137295-CHO-SCR-58000,2025-08-01,2026-07-05,Standard Class,137295,United States,Raleigh,North Carolina,27604,Chocolate,Gulf,CHO-SCR-58000,Wonka Bar -Scrumdiddlyumptious,10.8,3,7.5,3.3,Lot's O' Nuts,338.0
4201,US-2023-100461-CHO-MIL-31000,2025-08-01,2026-07-04,Standard Class,100461,United States,Franklin,Wisconsin,53132,Chocolate,Interior,CHO-MIL-31000,Wonka Bar - Milk Chocolate,22.75,7,14.77,7.98,Wicked Choccy's,337.0
4202,US-2023-137295-CHO-NUT-13000,2025-08-01,2026-07-05,Standard Class,137295,United States,Raleigh,North Carolina,27604,Chocolate,Gulf,CHO-NUT-13000,Wonka Bar - Nutty Crunch Surprise,24.43,7,17.43,7.0,Lot's O' Nuts,338.0
4203,US-2023-137295-CHO-FUD-51000,2025-08-01,2026-07-05,Standard Class,137295,United States,Raleigh,North Carolina,27604,Chocolate,Gulf,CHO-FUD-51000,Wonka Bar - Fudge Mallows,7.2,2,4.8,2.4,Lot's O' Nuts,338.0
4204,US-2023-126543-CHO-MIL-31000,2025-09-01,2026-07-05,Second Class,126543,United States,Toledo,Ohio,43615,Chocolate,Atlantic,CHO-MIL-31000,Wonka Bar - Milk Chocolate,6.5,2,4.22,2.28,Wicked Choccy's,307.0
4205,US-2023-108882-CHO-NUT-13000,2025-09-01,2026-07-07,Standard Class,108882,United States,Fresno,California,93727,Chocolate,Pacific,CHO-NUT-13000,Wonka Bar - Nutty Crunch Surprise,17.45,5,12.45,5.0,Lot's O' Nuts,309.0
4206,US-2023-108882-CHO-MIL-31000,2025-09-01,2026-07-07,Standard Class,108882,United States,Fresno,California,93727,Chocolate,Pacific,CHO-MIL-31000,Wonka Bar - Milk Chocolate,29.25,9,18.99,10.26,Wicked Choccy's,309.0
4207,US-2023-163937-CHO-MIL-31000,2025-10-01,2026-07-05,Second Class,163937,United States,Longview,Washington,98632,Chocolate,Pacific,CHO-MIL-31000,Wonka Bar - Milk Chocolate,16.25,5,10.55,5.7,Wicked Choccy's,277.0
4208,US-2023-116547-CHO-SCR-58000,2025-10-01,2026-07-09,Standard Class,116547,United States,Seattle,Washington,98115,Chocolate,Pacific,CHO-SCR-58000,Wonka Bar -Scrumdiddlyumptious,14.4,4,10.0,4.4,Lot's O' Nuts,281.0
4209,US-2023-116547-CHO-SCR-58000,2025-10-01,2026-07-09,Standard Class,116547,United States,Seattle,Washington,98115,Chocolate,Pacific,CHO-SCR-58000,Wonka Bar -Scrumdiddlyumptious,7.2,2,5.0,2.2,Lot's O' Nuts,281.0
4210,US-2023-141887-CHO-FUD-51000,2025-11-01,2026-07-07,Standard Class,141887,United States,Columbus,Ohio,43229,Chocolate,Atlantic,CHO-FUD-51000,Wonka Bar - Fudge Mallows,50.4,14,33.6,16.8,Lot's O' Nuts,248.0
4211,US-2023-126529-CHO-FUD-51000,2025-11-01,2026-07-05,Second Class,126529,United States,Springfield,Ohio,45503,Chocolate,Atlantic,CHO-FUD-51000,Wonka Bar - Fudge Mallows,10.8,3,7.2,3.6,Lot's O' Nuts,246.0
4212,US-2023-126529-OTH-KAZ-38000,2025-11-01,2026-07-05,Second Class,126529,United States,Springfield,Ohio,45503,Other,Atlantic,OTH-KAZ-38000,Kazookles,9.75,3,0.75,9.0,Secret Factory,246.0
4213,US-2023-126529-CHO-SCR-58000,2025-11-01,2026-07-05,Second Class,126529,United States,Springfield,Ohio,45503,Chocolate,Atlantic,CHO-SCR-58000,Wonka Bar -Scrumdiddlyumptious,7.2,2,5.0,2.2,Lot's O' Nuts,246.0
4277,US-2023-154067-CHO-TRI-54000,2025-01-02,2025-07-30,Standard Class,154067,United States,Los Angeles,California,90036,Chocolate,Pacific,CHO-TRI-54000,Wonka Bar - Triple Dazzle Caramel,15.0,4,9.8,5.2,Wicked Choccy's,209.0
4278,US-2023-140809-CHO-SCR-58000,2025-01-02,2025-07-26,First Class,140809,United States,Arlington,Virginia,22204,Chocolate,Gulf,CHO-SCR-58000,Wonka Bar -Scrumdiddlyumptious,18.0,5,12.5,5.5,Lot's O' Nuts,205.0
4279,US-2023-158841-CHO-MIL-31000,2025-02-02,2025-07-27,Second Class,158841,United States,Arlington,Virginia,22204,Chocolate,Gulf,CHO-MIL-31000,Wonka Bar - Milk Chocolate,22.75,7,14.77,7.98,Wicked Choccy's,175.0
4280,US-2023-144645-CHO-SCR-58000,2025-02-02,2025-07-31,Standard Class,144645,United States,Houston,Texas,77041,Chocolate,Interior,CHO-SCR-58000,Wonka Bar -Scrumdiddlyumptious,7.2,2,5.0,2.2,Lot's O' Nuts,179.0
4281,US-2023-158841-CHO-SCR-58000,2025-02-02,2025-07-27,Second Class,158841,United States,Arlington,Virginia,22204,Chocolate,Gulf,CHO-SCR-58000,Wonka Bar -Scrumdiddlyumptious,28.8,8,20.0,8.8,Lot's O' Nuts,175.0
4282,US-2023-147431-CHO-TRI-54000,2025-02-02,2025-07-30,Standard Class,147431,United States,New York City,New York,10011,Chocolate,Atlantic,CHO-TRI-54000,Wonka Bar - Triple Dazzle Caramel,7.5,2,4.9,2.6,Wicked Choccy's,178.0
4283,US-2023-158841-CHO-SCR-58000,2025-02-02,2025-07-27,Second Class,158841,United States,Arlington,Virginia,22204,Chocolate,Gulf,CHO-SCR-58000,Wonka Bar -Scrumdiddlyumptious,18.0,5,12.5,5.5,Lot's O' Nuts,175.0
4284,US-2023-118514-CHO-NUT-13000,2025-03-02,2025-08-02,Standard Class,118514,United States,Richmond,Kentucky,40475,Chocolate,Gulf,CHO-NUT-13000,Wonka Bar - Nutty Crunch Surprise,13.96,4,9.96,4.0,Lot's O' Nuts,153.0
4285,US-2023-117912-CHO-FUD-51000,2025-04-02,2025-07-31,Standard Class,117912,United States,Sierra Vista,Arizona,85635,Chocolate,Pacific,CHO-FUD-51000,Wonka Bar - Fudge Mallows,7.2,2,4.8,2.4,Lot's O' Nuts,120.0
4286,US-2023-101189-OTH-GUM-21000,2025-04-02,2025-08-01,Standard Class,101189,United States,Los Angeles,California,90049,Other,Pacific,OTH-GUM-21000,Wonka Gum,2.5,2,1.3,1.2,Secret Factory,121.0
4287,US-2023-150077-CHO-TRI-54000,2025-04-02,2025-08-02,Standard Class,150077,United States,Rockville,Maryland,20852,Chocolate,Atlantic,CHO-TRI-54000,Wonka Bar - Triple Dazzle Caramel,7.5,2,4.9,2.6,Wicked Choccy's,122.0
4288,US-2023-108504-CHO-SCR-58000,2025-05-02,2025-07-28,Same Day,108504,United States,Smyrna,Georgia,30080,Chocolate,Gulf,CHO-SCR-58000,Wonka Bar -Scrumdiddlyumptious,7.2,2,5.0,2.2,Lot's O' Nuts,87.0
4289,US-2023-108504-CHO-NUT-13000,2025-05-02,2025-07-28,Same Day,108504,United States,Smyrna,Georgia,30080,Chocolate,Gulf,CHO-NUT-13000,Wonka Bar - Nutty Crunch Surprise,10.47,3,7.47,3.0,Lot's O' Nuts,87.0
4290,US-2023-100993-CHO-MIL-31000,2025-05-02,2025-08-02,Standard Class,100993,United States,San Diego,California,92037,Chocolate,Pacific,CHO-MIL-31000,Wonka Bar - Milk Chocolate,13.0,4,8.44,4.56,Wicked Choccy's,92.0
4291,US-2023-108504-CHO-TRI-54000,2025-05-02,2025-07-28,Same Day,108504,United States,Smyrna,Georgia,30080,Chocolate,Gulf,CHO-TRI-54000,Wonka Bar - Triple Dazzle Caramel,7.5,2,4.9,2.6,Wicked Choccy's,87.0
4292,US-2023-108504-CHO-FUD-51000,2025-05-02,2025-07-28,Same Day,108504,United States,Smyrna,Georgia,30080,Chocolate,Gulf,CHO-FUD-51000,Wonka Bar - Fudge Mallows,18.0,5,12.0,6.0,Lot's O' Nuts,87.0
4293,US-2023-100993-CHO-NUT-13000,2025-05-02,2025-08-02,Standard Class,100993,United States,San Diego,California,92037,Chocolate,Pacific,CHO-NUT-13000,Wonka Bar - Nutty Crunch Surprise,10.47,3,7.47,3.0,Lot's O' Nuts,92.0
4294,US-2023-108504-CHO-TRI-54000,2025-05-02,2025-07-28,Same Day,108504,United States,Smyrna,Georgia,30080,Chocolate,Gulf,CHO-TRI-54000,Wonka Bar - Triple Dazzle Caramel,11.25,3,7.35,3.9,Wicked Choccy's,87.0
4295,US-2023-108504-CHO-NUT-13000,2025-05-02,2025-07-28,Same Day,108504,United States,Smyrna,Georgia,30080,Chocolate,Gulf,CHO-NUT-13000,Wonka Bar - Nutty Crunch Surprise,31.41,9,22.41,9.0,Lot's O' Nuts,87.0
4296,US-2023-108504-CHO-FUD-51000,2025-05-02,2025-07-28,Same Day,108504,United States,Smyrna,Georgia,30080,Chocolate,Gulf,CHO-FUD-51000,Wonka Bar - Fudge Mallows,25.2,7,16.8,8.4,Lot's O' Nuts,87.0
4297,US-2023-108504-CHO-FUD-51000,2025-05-02,2025-07-28,Same Day,108504,United States,Smyrna,Georgia,30080,Chocolate,Gulf,CHO-FUD-51000,Wonka Bar - Fudge Mallows,3.6,1,2.4,1.2,Lot's O' Nuts,87.0
4298,US-2023-100993-CHO-TRI-54000,2025-05-02,2025-08-02,Standard Class,100993,United States,San Diego,California,92037,Chocolate,Pacific,CHO-TRI-54000,Wonka Bar - Triple Dazzle Caramel,11.25,3,7.35,3.9,Wicked Choccy's,92.0
4299,US-2023-108504-CHO-SCR-58000,2025-05-02,2025-07-28,Same Day,108504,United States,Smyrna,Georgia,30080,Chocolate,Gulf,CHO-SCR-58000,Wonka Bar -Scrumdiddlyumptious,10.8,3,7.5,3.3,Lot's O' Nuts,87.0
4300,US-2023-108504-CHO-FUD-51000,2025-05-02,2025-07-28,Same Day,108504,United States,Smyrna,Georgia,30080,Chocolate,Gulf,CHO-FUD-51000,Wonka Bar - Fudge Mallows,10.8,3,7.2,3.6,Lot's O' Nuts,87.0
4301,US-2023-100993-CHO-FUD-51000,2025-05-02,2025-08-02,Standard Class,100993,United States,San Diego,California,92037,Chocolate,Pacific,CHO-FUD-51000,Wonka Bar - Fudge Mallows,14.4,4,9.6,4.8,Lot's O' Nuts,92.0
4302,US-2023-108504-CHO-MIL-31000,2025-05-02,2025-07-28,Same Day,108504,United States,Smyrna,Georgia,30080,Chocolate,Gulf,CHO-MIL-31000,Wonka Bar - Milk Chocolate,9.75,3,6.33,3.42,Wicked Choccy's,87.0
4303,US-2023-125017-CHO-FUD-51000,2025-06-02,2025-08-03,Standard Class,125017,United States,Chattanooga,Tennessee,37421,Chocolate,Gulf,CHO-FUD-51000,Wonka Bar - Fudge Mallows,14.4,4,9.6,4.8,Lot's O' Nuts,62.0
4304,US-2023-106894-CHO-FUD-51000,2025-07-02,2025-07-30,Same Day,106894,United States,Springfield,Virginia,22153,Chocolate,Gulf,CHO-FUD-51000,Wonka Bar - Fudge Mallows,10.8,3,7.2,3.6,Lot's O' Nuts,28.0
4305,US-2023-161662-CHO-SCR-58000,2025-07-02,2025-08-01,First Class,161662,United States,Lancaster,Ohio,43130,Chocolate,Atlantic,CHO-SCR-58000,Wonka Bar -Scrumdiddlyumptious,7.2,2,5.0,2.2,Lot's O' Nuts,30.0
4306,US-2023-106894-CHO-SCR-58000,2025-07-02,2025-07-30,Same Day,106894,United States,Springfield,Virginia,22153,Chocolate,Gulf,CHO-SCR-58000,Wonka Bar -Scrumdiddlyumptious,14.4,4,10.0,4.4,Lot's O' Nuts,28.0
4307,US-2023-135461-CHO-FUD-51000,2025-07-02,2025-08-02,Second Class,135461,United States,Los Angeles,California,90049,Chocolate,Pacific,CHO-FUD-51000,Wonka Bar - Fudge Mallows,18.0,5,12.0,6.0,Lot's O' Nuts,31.0
4308,US-2023-163048-CHO-SCR-58000,2025-08-02,2025-08-07,Standard Class,163048,United States,Houston,Texas,77036,Chocolate,Interior,CHO-SCR-58000,Wonka Bar -Scrumdiddlyumptious,14.4,4,10.0,4.4,Lot's O' Nuts,5.0
4309,US-2023-109344-CHO-TRI-54000,2025-08-02,2025-08-03,Second Class,109344,United States,Raleigh,North Carolina,27604,Chocolate,Gulf,CHO-TRI-54000,Wonka Bar - Triple Dazzle Caramel,11.25,3,7.35,3.9,Wicked Choccy's,1.0
4310,US-2023-112396-CHO-SCR-58000,2025-09-02,2026-08-05,Standard Class,112396,United States,San Francisco,California,94110,Chocolate,Pacific,CHO-SCR-58000,Wonka Bar -Scrumdiddlyumptious,10.8,3,7.5,3.3,Lot's O' Nuts,337.0
4311,US-2023-112396-CHO-SCR-58000,2025-09-02,2026-08-05,Standard Class,112396,United States,San Francisco,California,94110,Chocolate,Pacific,CHO-SCR-58000,Wonka Bar -Scrumdiddlyumptious,7.2,2,5.0,2.2,Lot's O' Nuts,337.0
4312,US-2023-164938-CHO-SCR-58000,2025-11-02,2026-08-05,First Class,164938,United States,Tulsa,Oklahoma,74133,Chocolate,Interior,CHO-SCR-58000,Wonka Bar -Scrumdiddlyumptious,25.2,7,17.5,7.7,Lot's O' Nuts,276.0
4313,US-2023-110492-CHO-SCR-58000,2025-12-02,2026-08-06,First Class,110492,United States,Atlanta,Georgia,30318,Chocolate,Gulf,CHO-SCR-58000,Wonka Bar -Scrumdiddlyumptious,14.4,4,10.0,4.4,Lot's O' Nuts,247.0
4314,US-2023-110492-CHO-FUD-51000,2025-12-02,2026-08-06,First Class,110492,United States,Atlanta,Georgia,30318,Chocolate,Gulf,CHO-FUD-51000,Wonka Bar - Fudge Mallows,21.6,6,14.4,7.2,Lot's O' Nuts,247.0
4360,US-2023-143819-CHO-MIL-31000,2025-01-03,2025-08-25,Standard Class,143819,United States,Yonkers,New York,10701,Chocolate,Atlantic,CHO-MIL-31000,Wonka Bar - Milk Chocolate,26.0,8,16.88,9.12,Wicked Choccy's,234.0
4361,US-2023-143819-CHO-FUD-51000,2025-01-03,2025-08-25,Standard Class,143819,United States,Yonkers,New York,10701,Chocolate,Atlantic,CHO-FUD-51000,Wonka Bar - Fudge Mallows,3.6,1,2.4,1.2,Lot's O' Nuts,234.0
4362,US-2023-143819-CHO-TRI-54000,2025-01-03,2025-08-25,Standard Class,143819,United States,Yonkers,New York,10701,Chocolate,Atlantic,CHO-TRI-54000,Wonka Bar - Triple Dazzle Caramel,7.5,2,4.9,2.6,Wicked Choccy's,234.0
4363,US-2023-143819-CHO-SCR-58000,2025-01-03,2025-08-25,Standard Class,143819,United States,Yonkers,New York,10701,Chocolate,Atlantic,CHO-SCR-58000,Wonka Bar -Scrumdiddlyumptious,25.2,7,17.5,7.7,Lot's O' Nuts,234.0
4364,US-2023-151862-OTH-GUM-21000,2025-01-03,2025-08-28,Standard Class,151862,United States,Denver,Colorado,80219,Other,Pacific,OTH-GUM-21000,Wonka Gum,2.5,2,1.3,1.2,Secret Factory,237.0
4365,US-2023-116799-CHO-SCR-58000,2025-03-03,2025-08-26,First Class,116799,United States,Odessa,Texas,79762,Chocolate,Interior,CHO-SCR-58000,Wonka Bar -Scrumdiddlyumptious,18.0,5,12.5,5.5,Lot's O' Nuts,176.0
4366,US-2023-120005-CHO-NUT-13000,2025-03-03,2025-08-23,Same Day,120005,United States,San Francisco,California,94110,Chocolate,Pacific,CHO-NUT-13000,Wonka Bar - Nutty Crunch Surprise,10.47,3,7.47,3.0,Lot's O' Nuts,173.0
4367,US-2023-145730-CHO-NUT-13000,2025-03-03,2025-08-28,Standard Class,145730,United States,San Antonio,Texas,78207,Chocolate,Interior,CHO-NUT-13000,Wonka Bar - Nutty Crunch Surprise,10.47,3,7.47,3.0,Lot's O' Nuts,178.0
4368,US-2023-112123-CHO-MIL-31000,2025-03-03,2025-08-28,Standard Class,112123,United States,Newark,Delaware,19711,Chocolate,Atlantic,CHO-MIL-31000,Wonka Bar - Milk Chocolate,22.75,7,14.77,7.98,Wicked Choccy's,178.0
4369,US-2023-145730-CHO-FUD-51000,2025-03-03,2025-08-28,Standard Class,145730,United States,San Antonio,Texas,78207,Chocolate,Interior,CHO-FUD-51000,Wonka Bar - Fudge Mallows,10.8,3,7.2,3.6,Lot's O' Nuts,178.0
4370,US-2023-103982-CHO-SCR-58000,2025-03-03,2025-08-28,Standard Class,103982,United States,Round Rock,Texas,78664,Chocolate,Interior,CHO-SCR-58000,Wonka Bar -Scrumdiddlyumptious,3.6,1,2.5,1.1,Lot's O' Nuts,178.0
4371,US-2023-116799-CHO-SCR-58000,2025-03-03,2025-08-26,First Class,116799,United States,Odessa,Texas,79762,Chocolate,Interior,CHO-SCR-58000,Wonka Bar -Scrumdiddlyumptious,25.2,7,17.5,7.7,Lot's O' Nuts,176.0
4372,US-2023-112123-CHO-TRI-54000,2025-03-03,2025-08-28,Standard Class,112123,United States,Newark,Delaware,19711,Chocolate,Atlantic,CHO-TRI-54000,Wonka Bar - Triple Dazzle Caramel,11.25,3,7.35,3.9,Wicked Choccy's,178.0
4373,US-2023-103982-CHO-NUT-13000,2025-03-03,2025-08-28,Standard Class,103982,United States,Round Rock,Texas,78664,Chocolate,Interior,CHO-NUT-13000,Wonka Bar - Nutty Crunch Surprise,10.47,3,7.47,3.0,Lot's O' Nuts,178.0
4374,US-2023-120005-CHO-FUD-51000,2025-03-03,2025-08-23,Same Day,120005,United States,San Francisco,California,94110,Chocolate,Pacific,CHO-FUD-51000,Wonka Bar - Fudge Mallows,10.8,3,7.2,3.6,Lot's O' Nuts,173.0
4375,US-2023-103982-CHO-FUD-51000,2025-03-03,2025-08-28,Standard Class,103982,United States,Round Rock,Texas,78664,Chocolate,Interior,CHO-FUD-51000,Wonka Bar - Fudge Mallows,25.2,7,16.8,8.4,Lot's O' Nuts,178.0
4376,US-2023-145730-CHO-NUT-13000,2025-03-03,2025-08-28,Standard Class,145730,United States,San Antonio,Texas,78207,Chocolate,Interior,CHO-NUT-13000,Wonka Bar - Nutty Crunch Surprise,10.47,3,7.47,3.0,Lot's O' Nuts,178.0
4377,US-2023-103982-CHO-MIL-31000,2025-03-03,2025-08-28,Standard Class,103982,United States,Round Rock,Texas,78664,Chocolate,Interior,CHO-MIL-31000,Wonka Bar - Milk Chocolate,9.75,3,6.33,3.42,Wicked Choccy's,178.0
4378,US-2023-112123-CHO-MIL-31000,2025-03-03,2025-08-28,Standard Class,112123,United States,Newark,Delaware,19711,Chocolate,Atlantic,CHO-MIL-31000,Wonka Bar - Milk Chocolate,16.25,5,10.55,5.7,Wicked Choccy's,178.0
4379,US-2023-167759-CHO-NUT-13000,2025-03-03,2025-08-28,Second Class,167759,United States,Bloomington,Indiana,47401,Chocolate,Interior,CHO-NUT-13000,Wonka Bar - Nutty Crunch Surprise,10.47,3,7.47,3.0,Lot's O' Nuts,178.0
4380,US-2023-154053-CHO-FUD-51000,2025-04-03,2025-08-30,Standard Class,154053,United States,San Diego,California,92024,Chocolate,Pacific,CHO-FUD-51000,Wonka Bar - Fudge Mallows,3.6,1,2.4,1.2,Lot's O' Nuts,149.0
4381,US-2023-164637-CHO-TRI-54000,2025-04-03,2025-08-28,Standard Class,164637,United States,Mishawaka,Indiana,46544,Chocolate,Interior,CHO-TRI-54000,Wonka Bar - Triple Dazzle Caramel,11.25,3,7.35,3.9,Wicked Choccy's,147.0
4382,US-2023-122518-CHO-MIL-31000,2025-04-03,2025-08-28,Second Class,122518,United States,Miami,Florida,33180,Chocolate,Gulf,CHO-MIL-31000,Wonka Bar - Milk Chocolate,13.0,4,8.44,4.56,Wicked Choccy's,147.0
4383,US-2023-158358-CHO-TRI-54000,2025-04-03,2025-08-28,Standard Class,158358,United States,Dover,New Hampshire,3820,Chocolate,Atlantic,CHO-TRI-54000,Wonka Bar - Triple Dazzle Caramel,7.5,2,4.9,2.6,Wicked Choccy's,147.0
4384,US-2023-165218-CHO-NUT-13000,2025-05-03,2025-08-31,Standard Class,165218,United States,Dallas,Texas,75220,Chocolate,Interior,CHO-NUT-13000,Wonka Bar - Nutty Crunch Surprise,10.47,3,7.47,3.0,Lot's O' Nuts,120.0
4385,US-2023-165218-CHO-MIL-31000,2025-05-03,2025-08-31,Standard Class,165218,United States,Dallas,Texas,75220,Chocolate,Interior,CHO-MIL-31000,Wonka Bar - Milk Chocolate,3.25,1,2.11,1.14,Wicked Choccy's,120.0
4386,US-2023-110898-CHO-TRI-54000,2025-06-03,2025-09-01,Standard Class,110898,United States,Chicago,Illinois,60623,Chocolate,Interior,CHO-TRI-54000,Wonka Bar - Triple Dazzle Caramel,18.75,5,12.25,6.5,Wicked Choccy's,90.0
4387,US-2023-110898-CHO-SCR-58000,2025-06-03,2025-09-01,Standard Class,110898,United States,Chicago,Illinois,60623,Chocolate,Interior,CHO-SCR-58000,Wonka Bar -Scrumdiddlyumptious,7.2,2,5.0,2.2,Lot's O' Nuts,90.0
4388,US-2023-110898-CHO-TRI-54000,2025-06-03,2025-09-01,Standard Class,110898,United States,Chicago,Illinois,60623,Chocolate,Interior,CHO-TRI-54000,Wonka Bar - Triple Dazzle Caramel,11.25,3,7.35,3.9,Wicked Choccy's,90.0
4389,US-2023-155173-CHO-NUT-13000,2025-06-03,2025-08-30,Standard Class,155173,United States,Philadelphia,Pennsylvania,19120,Chocolate,Atlantic,CHO-NUT-13000,Wonka Bar - Nutty Crunch Surprise,3.49,1,2.49,1.0,Lot's O' Nuts,88.0
4390,US-2023-110898-CHO-FUD-51000,2025-06-03,2025-09-01,Standard Class,110898,United States,Chicago,Illinois,60623,Chocolate,Interior,CHO-FUD-51000,Wonka Bar - Fudge Mallows,14.4,4,9.6,4.8,Lot's O' Nuts,90.0
4391,US-2023-155173-CHO-MIL-31000,2025-06-03,2025-08-30,Standard Class,155173,United States,Philadelphia,Pennsylvania,19120,Chocolate,Atlantic,CHO-MIL-31000,Wonka Bar - Milk Chocolate,9.75,3,6.33,3.42,Wicked Choccy's,88.0
4392,US-2023-155173-CHO-TRI-54000,2025-06-03,2025-08-30,Standard Class,155173,United States,Philadelphia,Pennsylvania,19120,Chocolate,Atlantic,CHO-TRI-54000,Wonka Bar - Triple Dazzle Caramel,7.5,2,4.9,2.6,Wicked Choccy's,88.0
4393,US-2023-137547-CHO-TRI-54000,2025-07-03,2025-09-01,Standard Class,137547,United States,Fort Worth,Texas,76106,Chocolate,Interior,CHO-TRI-54000,Wonka Bar - Triple Dazzle Caramel,11.25,3,7.35,3.9,Wicked Choccy's,60.0
4394,US-2023-137337-CHO-TRI-54000,2025-08-03,2025-09-01,Standard Class,137337,United States,New York City,New York,10011,Chocolate,Atlantic,CHO-TRI-54000,Wonka Bar - Triple Dazzle Caramel,30.0,8,19.6,10.4,Wicked Choccy's,29.0
4395,US-2023-169103-CHO-SCR-58000,2025-08-03,2025-09-02,Standard Class,169103,United States,Miami,Florida,33142,Chocolate,Gulf,CHO-SCR-58000,Wonka Bar -Scrumdiddlyumptious,10.8,3,7.5,3.3,Lot's O' Nuts,30.0
4396,US-2023-140172-OTH-GUM-21000,2025-08-03,2025-09-02,Standard Class,140172,United States,Jackson,Michigan,49201,Other,Interior,OTH-GUM-21000,Wonka Gum,3.75,3,1.95,1.8,Secret Factory,30.0
4397,US-2023-140172-CHO-SCR-58000,2025-08-03,2025-09-02,Standard Class,140172,United States,Jackson,Michigan,49201,Chocolate,Interior,CHO-SCR-58000,Wonka Bar -Scrumdiddlyumptious,18.0,5,12.5,5.5,Lot's O' Nuts,30.0
4398,US-2023-137337-CHO-MIL-31000,2025-08-03,2025-09-01,Standard Class,137337,United States,New York City,New York,10011,Chocolate,Atlantic,CHO-MIL-31000,Wonka Bar - Milk Chocolate,6.5,2,4.22,2.28,Wicked Choccy's,29.0
4399,US-2023-130400-CHO-NUT-13000,2025-08-03,2025-09-01,Standard Class,130400,United States,Dallas,Texas,75217,Chocolate,Interior,CHO-NUT-13000,Wonka Bar - Nutty Crunch Surprise,31.41,9,22.41,9.0,Lot's O' Nuts,29.0
4400,US-2023-106306-CHO-FUD-51000,2025-08-03,2025-08-28,Same Day,106306,United States,Glendale,Arizona,85301,Chocolate,Pacific,CHO-FUD-51000,Wonka Bar - Fudge Mallows,10.8,3,7.2,3.6,Lot's O' Nuts,25.0
4401,US-2023-130400-CHO-SCR-58000,2025-08-03,2025-09-01,Standard Class,130400,United States,Dallas,Texas,75217,Chocolate,Interior,CHO-SCR-58000,Wonka Bar -Scrumdiddlyumptious,10.8,3,7.5,3.3,Lot's O' Nuts,29.0
4402,US-2023-111976-CHO-NUT-13000,2025-08-03,2025-09-01,Standard Class,111976,United States,Philadelphia,Pennsylvania,19120,Chocolate,Atlantic,CHO-NUT-13000,Wonka Bar - Nutty Crunch Surprise,6.98,2,4.98,2.0,Lot's O' Nuts,29.0
4403,US-2023-137337-CHO-NUT-13000,2025-08-03,2025-09-01,Standard Class,137337,United States,New York City,New York,10011,Chocolate,Atlantic,CHO-NUT-13000,Wonka Bar - Nutty Crunch Surprise,6.98,2,4.98,2.0,Lot's O' Nuts,29.0
4404,US-2023-130400-CHO-FUD-51000,2025-08-03,2025-09-01,Standard Class,130400,United States,Dallas,Texas,75217,Chocolate,Interior,CHO-FUD-51000,Wonka Bar - Fudge Mallows,18.0,5,12.0,6.0,Lot's O' Nuts,29.0
4405,US-2023-169103-CHO-NUT-13000,2025-08-03,2025-09-02,Standard Class,169103,United States,Miami,Florida,33142,Chocolate,Gulf,CHO-NUT-13000,Wonka Bar - Nutty Crunch Surprise,17.45,5,12.45,5.0,Lot's O' Nuts,30.0
4406,US-2023-111976-CHO-TRI-54000,2025-08-03,2025-09-01,Standard Class,111976,United States,Philadelphia,Pennsylvania,19120,Chocolate,Atlantic,CHO-TRI-54000,Wonka Bar - Triple Dazzle Caramel,15.0,4,9.8,5.2,Wicked Choccy's,29.0
4407,US-2023-153269-CHO-SCR-58000,2025-09-03,2026-09-01,First Class,153269,United States,Andover,Massachusetts,1810,Chocolate,Atlantic,CHO-SCR-58000,Wonka Bar -Scrumdiddlyumptious,18.0,5,12.5,5.5,Lot's O' Nuts,363.0
4408,US-2023-153269-CHO-NUT-13000,2025-09-03,2026-09-01,First Class,153269,United States,Andover,Massachusetts,1810,Chocolate,Atlantic,CHO-NUT-13000,Wonka Bar - Nutty Crunch Surprise,13.96,4,9.96,4.0,Lot's O' Nuts,363.0
4409,US-2023-153269-CHO-TRI-54000,2025-09-03,2026-09-01,First Class,153269,United States,Andover,Massachusetts,1810,Chocolate,Atlantic,CHO-TRI-54000,Wonka Bar - Triple Dazzle Caramel,11.25,3,7.35,3.9,Wicked Choccy's,363.0
4410,US-2023-153269-CHO-SCR-58000,2025-09-03,2026-09-01,First Class,153269,United States,Andover,Massachusetts,1810,Chocolate,Atlantic,CHO-SCR-58000,Wonka Bar -Scrumdiddlyumptious,3.6,1,2.5,1.1,Lot's O' Nuts,363.0
4411,US-2023-120803-CHO-MIL-31000,2025-09-03,2026-09-02,Standard Class,120803,United States,Milford,Connecticut,6460,Chocolate,Atlantic,CHO-MIL-31000,Wonka Bar - Milk Chocolate,16.25,5,10.55,5.7,Wicked Choccy's,364.0
4412,US-2023-112977-CHO-MIL-31000,2025-10-03,2026-09-05,Standard Class,112977,United States,Long Beach,New York,11561,Chocolate,Atlantic,CHO-MIL-31000,Wonka Bar - Milk Chocolate,3.25,1,2.11,1.14,Wicked Choccy's,337.0
4413,US-2023-159016-CHO-SCR-58000,2025-10-03,2026-08-31,First Class,159016,United States,Los Angeles,California,90008,Chocolate,Pacific,CHO-SCR-58000,Wonka Bar -Scrumdiddlyumptious,18.0,5,12.5,5.5,Lot's O' Nuts,332.0
4414,US-2023-108959-CHO-SCR-58000,2025-10-03,2026-09-03,Second Class,108959,United States,Glendale,Arizona,85301,Chocolate,Pacific,CHO-SCR-58000,Wonka Bar -Scrumdiddlyumptious,3.6,1,2.5,1.1,Lot's O' Nuts,335.0
4415,US-2023-122182-CHO-SCR-58000,2025-10-03,2026-09-03,Standard Class,122182,United States,Philadelphia,Pennsylvania,19143,Chocolate,Atlantic,CHO-SCR-58000,Wonka Bar -Scrumdiddlyumptious,3.6,1,2.5,1.1,Lot's O' Nuts,335.0
4416,US-2023-169663-CHO-NUT-13000,2025-10-03,2026-09-02,First Class,169663,United States,Los Angeles,California,90045,Chocolate,Pacific,CHO-NUT-13000,Wonka Bar - Nutty Crunch Surprise,10.47,3,7.47,3.0,Lot's O' Nuts,334.0
4417,US-2023-169663-CHO-TRI-54000,2025-10-03,2026-09-02,First Class,169663,United States,Los Angeles,California,90045,Chocolate,Pacific,CHO-TRI-54000,Wonka Bar - Triple Dazzle Caramel,11.25,3,7.35,3.9,Wicked Choccy's,334.0
4418,US-2023-159016-CHO-FUD-51000,2025-10-03,2026-08-31,First Class,159016,United States,Los Angeles,California,90008,Chocolate,Pacific,CHO-FUD-51000,Wonka Bar - Fudge Mallows,28.8,8,19.2,9.6,Lot's O' Nuts,332.0
4419,US-2023-122511-CHO-MIL-31000,2025-11-03,2026-08-31,Same Day,122511,United States,Philadelphia,Pennsylvania,19140,Chocolate,Atlantic,CHO-MIL-31000,Wonka Bar - Milk Chocolate,13.0,4,8.44,4.56,Wicked Choccy's,301.0
4420,US-2023-146171-CHO-NUT-13000,2025-11-03,2026-09-04,Standard Class,146171,United States,Columbus,Georgia,31907,Chocolate,Gulf,CHO-NUT-13000,Wonka Bar - Nutty Crunch Surprise,13.96,4,9.96,4.0,Lot's O' Nuts,305.0
4421,US-2023-128902-CHO-MIL-31000,2025-11-03,2026-09-04,Standard Class,128902,United States,Vineland,New Jersey,8360,Chocolate,Atlantic,CHO-MIL-31000,Wonka Bar - Milk Chocolate,6.5,2,4.22,2.28,Wicked Choccy's,305.0
4422,US-2023-118255-CHO-MIL-31000,2025-11-03,2026-09-02,First Class,118255,United States,Eagan,Minnesota,55122,Chocolate,Interior,CHO-MIL-31000,Wonka Bar - Milk Chocolate,6.5,2,4.22,2.28,Wicked Choccy's,303.0
4423,US-2023-146171-CHO-SCR-58000,2025-11-03,2026-09-04,Standard Class,146171,United States,Columbus,Georgia,31907,Chocolate,Gulf,CHO-SCR-58000,Wonka Bar -Scrumdiddlyumptious,14.4,4,10.0,4.4,Lot's O' Nuts,305.0
4424,US-2023-118255-CHO-FUD-51000,2025-11-03,2026-09-02,First Class,118255,United States,Eagan,Minnesota,55122,Chocolate,Interior,CHO-FUD-51000,Wonka Bar - Fudge Mallows,7.2,2,4.8,2.4,Lot's O' Nuts,303.0
4425,US-2023-127138-CHO-NUT-13000,2025-12-03,2026-09-04,Second Class,127138,United States,San Francisco,California,94109,Chocolate,Pacific,CHO-NUT-13000,Wonka Bar - Nutty Crunch Surprise,10.47,3,7.47,3.0,Lot's O' Nuts,275.0
4426,US-2023-127138-CHO-SCR-58000,2025-12-03,2026-09-04,Second Class,127138,United States,San Francisco,California,94109,Chocolate,Pacific,CHO-SCR-58000,Wonka Bar -Scrumdiddlyumptious,18.0,5,12.5,5.5,Lot's O' Nuts,275.0
4427,US-2023-119683-CHO-SCR-58000,2025-12-03,2026-09-05,Second Class,119683,United States,New York City,New York,10024,Chocolate,Atlantic,CHO-SCR-58000,Wonka Bar -Scrumdiddlyumptious,10.8,3,7.5,3.3,Lot's O' Nuts,276.0
4428,US-2023-127138-CHO-MIL-31000,2025-12-03,2026-09-04,Second Class,127138,United States,San Francisco,California,94109,Chocolate,Pacific,CHO-MIL-31000,Wonka Bar - Milk Chocolate,13.0,4,8.44,4.56,Wicked Choccy's,275.0
4429,US-2023-115504-CHO-SCR-58000,2025-12-03,2026-09-06,Standard Class,115504,United States,Monroe,Louisiana,71203,Chocolate,Gulf,CHO-SCR-58000,Wonka Bar -Scrumdiddlyumptious,7.2,2,5.0,2.2,Lot's O' Nuts,277.0
4430,US-2023-119270-CHO-SCR-58000,2025-12-03,2026-09-05,Standard Class,119270,United States,Los Angeles,California,90036,Chocolate,Pacific,CHO-SCR-58000,Wonka Bar -Scrumdiddlyumptious,7.2,2,5.0,2.2,Lot's O' Nuts,276.0
4431,US-2023-127138-CHO-FUD-51000,2025-12-03,2026-09-04,Second Class,127138,United States,San Francisco,California,94109,Chocolate,Pacific,CHO-FUD-51000,Wonka Bar - Fudge Mallows,18.0,5,12.0,6.0,Lot's O' Nuts,275.0
4526,US-2023-111213-CHO-FUD-51000,2025-01-04,2025-09-25,Standard Class,111213,United States,New York City,New York,10009,Chocolate,Atlantic,CHO-FUD-51000,Wonka Bar - Fudge Mallows,21.6,6,14.4,7.2,Lot's O' Nuts,264.0
4527,US-2023-127985-CHO-NUT-13000,2025-01-04,2025-09-25,Second Class,127985,United States,Columbus,Georgia,31907,Chocolate,Gulf,CHO-NUT-13000,Wonka Bar - Nutty Crunch Surprise,13.96,4,9.96,4.0,Lot's O' Nuts,264.0
4528,US-2023-103947-CHO-SCR-58000,2025-01-04,2025-09-28,Standard Class,103947,United States,Sierra Vista,Arizona,85635,Chocolate,Pacific,CHO-SCR-58000,Wonka Bar -Scrumdiddlyumptious,7.2,2,5.0,2.2,Lot's O' Nuts,267.0
4529,US-2023-166674-CHO-TRI-54000,2025-01-04,2025-09-23,Second Class,166674,United States,Auburn,New York,13021,Chocolate,Atlantic,CHO-TRI-54000,Wonka Bar - Triple Dazzle Caramel,11.25,3,7.35,3.9,Wicked Choccy's,262.0
4530,US-2023-166674-CHO-SCR-58000,2025-01-04,2025-09-23,Second Class,166674,United States,Auburn,New York,13021,Chocolate,Atlantic,CHO-SCR-58000,Wonka Bar -Scrumdiddlyumptious,21.6,6,15.0,6.6,Lot's O' Nuts,262.0
4531,US-2023-149902-CHO-TRI-54000,2025-01-04,2025-09-26,Standard Class,149902,United States,New York City,New York,10024,Chocolate,Atlantic,CHO-TRI-54000,Wonka Bar - Triple Dazzle Caramel,15.0,4,9.8,5.2,Wicked Choccy's,265.0
4532,US-2023-166674-CHO-NUT-13000,2025-01-04,2025-09-23,Second Class,166674,United States,Auburn,New York,13021,Chocolate,Atlantic,CHO-NUT-13000,Wonka Bar - Nutty Crunch Surprise,10.47,3,7.47,3.0,Lot's O' Nuts,262.0
4533,US-2023-166674-CHO-TRI-54000,2025-01-04,2025-09-23,Second Class,166674,United States,Auburn,New York,13021,Chocolate,Atlantic,CHO-TRI-54000,Wonka Bar - Triple Dazzle Caramel,11.25,3,7.35,3.9,Wicked Choccy's,262.0
4534,US-2023-161473-CHO-NUT-13000,2025-01-04,2025-09-25,Standard Class,161473,United States,New York City,New York,10035,Chocolate,Atlantic,CHO-NUT-13000,Wonka Bar - Nutty Crunch Surprise,10.47,3,7.47,3.0,Lot's O' Nuts,264.0
4535,US-2023-111213-CHO-SCR-58000,2025-01-04,2025-09-25,Standard Class,111213,United States,New York City,New York,10009,Chocolate,Atlantic,CHO-SCR-58000,Wonka Bar -Scrumdiddlyumptious,3.6,1,2.5,1.1,Lot's O' Nuts,264.0
4536,US-2023-103947-CHO-FUD-51000,2025-01-04,2025-09-28,Standard Class,103947,United States,Sierra Vista,Arizona,85635,Chocolate,Pacific,CHO-FUD-51000,Wonka Bar - Fudge Mallows,18.0,5,12.0,6.0,Lot's O' Nuts,267.0
4537,US-2023-161473-CHO-TRI-54000,2025-01-04,2025-09-25,Standard Class,161473,United States,New York City,New York,10035,Chocolate,Atlantic,CHO-TRI-54000,Wonka Bar - Triple Dazzle Caramel,7.5,2,4.9,2.6,Wicked Choccy's,264.0
4538,US-2023-166674-CHO-TRI-54000,2025-01-04,2025-09-23,Second Class,166674,United States,Auburn,New York,13021,Chocolate,Atlantic,CHO-TRI-54000,Wonka Bar - Triple Dazzle Caramel,11.25,3,7.35,3.9,Wicked Choccy's,262.0
4539,US-2023-111213-CHO-MIL-31000,2025-01-04,2025-09-25,Standard Class,111213,United States,New York City,New York,10009,Chocolate,Atlantic,CHO-MIL-31000,Wonka Bar - Milk Chocolate,26.0,8,16.88,9.12,Wicked Choccy's,264.0
4540,US-2023-161473-CHO-MIL-31000,2025-01-04,2025-09-25,Standard Class,161473,United States,New York City,New York,10035,Chocolate,Atlantic,CHO-MIL-31000,Wonka Bar - Milk Chocolate,9.75,3,6.33,3.42,Wicked Choccy's,264.0
4541,US-2023-160206-CHO-SCR-58000,2025-01-04,2025-09-27,Standard Class,160206,United States,Milwaukee,Wisconsin,53209,Chocolate,Interior,CHO-SCR-58000,Wonka Bar -Scrumdiddlyumptious,3.6,1,2.5,1.1,Lot's O' Nuts,266.0
4542,US-2023-166674-CHO-TRI-54000,2025-01-04,2025-09-23,Second Class,166674,United States,Auburn,New York,13021,Chocolate,Atlantic,CHO-TRI-54000,Wonka Bar - Triple Dazzle Caramel,15.0,4,9.8,5.2,Wicked Choccy's,262.0
4543,US-2023-123540-CHO-SCR-58000,2025-02-04,2025-09-26,Second Class,123540,United States,Milwaukee,Wisconsin,53209,Chocolate,Interior,CHO-SCR-58000,Wonka Bar -Scrumdiddlyumptious,18.0,5,12.5,5.5,Lot's O' Nuts,234.0
4544,US-2023-167682-CHO-MIL-31000,2025-03-04,2025-09-29,Standard Class,167682,United States,Richmond,Indiana,47374,Chocolate,Interior,CHO-MIL-31000,Wonka Bar - Milk Chocolate,13.0,4,8.44,4.56,Wicked Choccy's,209.0
4545,US-2023-120796-CHO-TRI-54000,2025-03-04,2025-09-27,Standard Class,120796,United States,Philadelphia,Pennsylvania,19140,Chocolate,Atlantic,CHO-TRI-54000,Wonka Bar - Triple Dazzle Caramel,33.75,9,22.05,11.7,Wicked Choccy's,207.0
4546,US-2023-162222-CHO-SCR-58000,2025-03-04,2025-09-23,Same Day,162222,United States,Dallas,Texas,75081,Chocolate,Interior,CHO-SCR-58000,Wonka Bar -Scrumdiddlyumptious,10.8,3,7.5,3.3,Lot's O' Nuts,203.0
4547,US-2023-167682-CHO-SCR-58000,2025-03-04,2025-09-29,Standard Class,167682,United States,Richmond,Indiana,47374,Chocolate,Interior,CHO-SCR-58000,Wonka Bar -Scrumdiddlyumptious,14.4,4,10.0,4.4,Lot's O' Nuts,209.0
4548,US-2023-123050-CHO-FUD-51000,2025-04-04,2025-09-28,Second Class,123050,United States,Troy,New York,12180,Chocolate,Atlantic,CHO-FUD-51000,Wonka Bar - Fudge Mallows,7.2,2,4.8,2.4,Lot's O' Nuts,177.0
4549,US-2023-167115-CHO-NUT-13000,2025-04-04,2025-09-29,Standard Class,167115,United States,New York City,New York,10035,Chocolate,Atlantic,CHO-NUT-13000,Wonka Bar - Nutty Crunch Surprise,6.98,2,4.98,2.0,Lot's O' Nuts,178.0
4550,US-2023-159142-CHO-MIL-31000,2025-04-04,2025-09-25,First Class,159142,United States,Springfield,Virginia,22153,Chocolate,Gulf,CHO-MIL-31000,Wonka Bar - Milk Chocolate,9.75,3,6.33,3.42,Wicked Choccy's,174.0
4551,US-2023-123050-CHO-SCR-58000,2025-04-04,2025-09-28,Second Class,123050,United States,Troy,New York,12180,Chocolate,Atlantic,CHO-SCR-58000,Wonka Bar -Scrumdiddlyumptious,7.2,2,5.0,2.2,Lot's O' Nuts,177.0
4552,US-2023-123050-CHO-NUT-13000,2025-04-04,2025-09-28,Second Class,123050,United States,Troy,New York,12180,Chocolate,Atlantic,CHO-NUT-13000,Wonka Bar - Nutty Crunch Surprise,10.47,3,7.47,3.0,Lot's O' Nuts,177.0
4553,US-2023-159142-CHO-FUD-51000,2025-04-04,2025-09-25,First Class,159142,United States,Springfield,Virginia,22153,Chocolate,Gulf,CHO-FUD-51000,Wonka Bar - Fudge Mallows,10.8,3,7.2,3.6,Lot's O' Nuts,174.0
4554,US-2023-159695-CHO-MIL-31000,2025-05-04,2025-09-30,Second Class,159695,United States,Houston,Texas,77095,Chocolate,Interior,CHO-MIL-31000,Wonka Bar - Milk Chocolate,22.75,7,14.77,7.98,Wicked Choccy's,149.0
4555,US-2023-161907-CHO-SCR-58000,2025-05-04,2025-09-29,Standard Class,161907,United States,Philadelphia,Pennsylvania,19140,Chocolate,Atlantic,CHO-SCR-58000,Wonka Bar -Scrumdiddlyumptious,14.4,4,10.0,4.4,Lot's O' Nuts,148.0
4556,US-2023-161907-CHO-TRI-54000,2025-05-04,2025-09-29,Standard Class,161907,United States,Philadelphia,Pennsylvania,19140,Chocolate,Atlantic,CHO-TRI-54000,Wonka Bar - Triple Dazzle Caramel,11.25,3,7.35,3.9,Wicked Choccy's,148.0
4557,US-2023-150140-CHO-MIL-31000,2025-06-04,2025-09-30,Standard Class,150140,United States,Burlington,Vermont,5401,Chocolate,Atlantic,CHO-MIL-31000,Wonka Bar - Milk Chocolate,16.25,5,10.55,5.7,Wicked Choccy's,118.0
4558,US-2023-120530-CHO-FUD-51000,2025-07-04,2025-10-02,Standard Class,120530,United States,New York City,New York,10035,Chocolate,Atlantic,CHO-FUD-51000,Wonka Bar - Fudge Mallows,10.8,3,7.2,3.6,Lot's O' Nuts,90.0
4559,US-2023-114405-CHO-NUT-13000,2025-07-04,2025-10-02,Standard Class,114405,United States,Philadelphia,Pennsylvania,19120,Chocolate,Atlantic,CHO-NUT-13000,Wonka Bar - Nutty Crunch Surprise,10.47,3,7.47,3.0,Lot's O' Nuts,90.0
4560,US-2023-132899-CHO-FUD-51000,2025-07-04,2025-10-01,Standard Class,132899,United States,New York City,New York,10009,Chocolate,Atlantic,CHO-FUD-51000,Wonka Bar - Fudge Mallows,7.2,2,4.8,2.4,Lot's O' Nuts,89.0
4561,US-2023-154998-CHO-TRI-54000,2025-07-04,2025-09-29,First Class,154998,United States,Lakewood,New Jersey,8701,Chocolate,Atlantic,CHO-TRI-54000,Wonka Bar - Triple Dazzle Caramel,7.5,2,4.9,2.6,Wicked Choccy's,87.0
4562,US-2023-114405-CHO-MIL-31000,2025-07-04,2025-10-02,Standard Class,114405,United States,Philadelphia,Pennsylvania,19120,Chocolate,Atlantic,CHO-MIL-31000,Wonka Bar - Milk Chocolate,9.75,3,6.33,3.42,Wicked Choccy's,90.0
4563,US-2023-110499-CHO-FUD-51000,2025-07-04,2025-09-29,First Class,110499,United States,San Francisco,California,94110,Chocolate,Pacific,CHO-FUD-51000,Wonka Bar - Fudge Mallows,10.8,3,7.2,3.6,Lot's O' Nuts,87.0
4564,US-2023-106600-CHO-MIL-31000,2025-08-04,2025-10-01,First Class,106600,United States,Columbus,Georgia,31907,Chocolate,Gulf,CHO-MIL-31000,Wonka Bar - Milk Chocolate,16.25,5,10.55,5.7,Wicked Choccy's,58.0
4565,US-2023-138520-CHO-SCR-58000,2025-08-04,2025-10-03,Standard Class,138520,United States,New York City,New York,10035,Chocolate,Atlantic,CHO-SCR-58000,Wonka Bar -Scrumdiddlyumptious,21.6,6,15.0,6.6,Lot's O' Nuts,60.0
4566,US-2023-130946-CHO-SCR-58000,2025-08-04,2025-10-02,Standard Class,130946,United States,Houston,Texas,77041,Chocolate,Interior,CHO-SCR-58000,Wonka Bar -Scrumdiddlyumptious,14.4,4,10.0,4.4,Lot's O' Nuts,59.0
4567,US-2023-124233-CHO-FUD-51000,2025-08-04,2025-10-04,Standard Class,124233,United States,Los Angeles,California,90032,Chocolate,Pacific,CHO-FUD-51000,Wonka Bar - Fudge Mallows,18.0,5,12.0,6.0,Lot's O' Nuts,61.0
4568,US-2023-134789-CHO-SCR-58000,2025-08-04,2025-10-05,Standard Class,134789,United States,Hot Springs,Arkansas,71901,Chocolate,Gulf,CHO-SCR-58000,Wonka Bar -Scrumdiddlyumptious,14.4,4,10.0,4.4,Lot's O' Nuts,62.0
4569,US-2023-138520-CHO-MIL-31000,2025-08-04,2025-10-03,Standard Class,138520,United States,New York City,New York,10035,Chocolate,Atlantic,CHO-MIL-31000,Wonka Bar - Milk Chocolate,13.0,4,8.44,4.56,Wicked Choccy's,60.0
4570,US-2023-104969-CHO-FUD-51000,2025-08-04,2025-10-04,Standard Class,104969,United States,Troy,Ohio,45373,Chocolate,Atlantic,CHO-FUD-51000,Wonka Bar - Fudge Mallows,21.6,6,14.4,7.2,Lot's O' Nuts,61.0
4571,US-2023-130946-CHO-FUD-51000,2025-08-04,2025-10-02,Standard Class,130946,United States,Houston,Texas,77041,Chocolate,Interior,CHO-FUD-51000,Wonka Bar - Fudge Mallows,14.4,4,9.6,4.8,Lot's O' Nuts,59.0
4572,US-2023-138520-CHO-SCR-58000,2025-08-04,2025-10-03,Standard Class,138520,United States,New York City,New York,10035,Chocolate,Atlantic,CHO-SCR-58000,Wonka Bar -Scrumdiddlyumptious,7.2,2,5.0,2.2,Lot's O' Nuts,60.0
4573,US-2023-104969-CHO-NUT-13000,2025-08-04,2025-10-04,Standard Class,104969,United States,Troy,Ohio,45373,Chocolate,Atlantic,CHO-NUT-13000,Wonka Bar - Nutty Crunch Surprise,3.49,1,2.49,1.0,Lot's O' Nuts,61.0
4574,US-2023-150000-CHO-SCR-58000,2025-08-04,2025-10-04,Standard Class,150000,United States,Smyrna,Georgia,30080,Chocolate,Gulf,CHO-SCR-58000,Wonka Bar -Scrumdiddlyumptious,14.4,4,10.0,4.4,Lot's O' Nuts,61.0
4575,US-2023-134789-CHO-TRI-54000,2025-08-04,2025-10-05,Standard Class,134789,United States,Hot Springs,Arkansas,71901,Chocolate,Gulf,CHO-TRI-54000,Wonka Bar - Triple Dazzle Caramel,22.5,6,14.7,7.8,Wicked Choccy's,62.0
4576,US-2023-130477-CHO-MIL-31000,2025-08-04,2025-10-02,Standard Class,130477,United States,Los Angeles,California,90032,Chocolate,Pacific,CHO-MIL-31000,Wonka Bar - Milk Chocolate,6.5,2,4.22,2.28,Wicked Choccy's,59.0
4577,US-2023-134789-CHO-NUT-13000,2025-08-04,2025-10-05,Standard Class,134789,United States,Hot Springs,Arkansas,71901,Chocolate,Gulf,CHO-NUT-13000,Wonka Bar - Nutty Crunch Surprise,13.96,4,9.96,4.0,Lot's O' Nuts,62.0
4578,US-2023-138520-CHO-TRI-54000,2025-08-04,2025-10-03,Standard Class,138520,United States,New York City,New York,10035,Chocolate,Atlantic,CHO-TRI-54000,Wonka Bar - Triple Dazzle Caramel,18.75,5,12.25,6.5,Wicked Choccy's,60.0
4579,US-2023-130477-CHO-SCR-58000,2025-08-04,2025-10-02,Standard Class,130477,United States,Los Angeles,California,90032,Chocolate,Pacific,CHO-SCR-58000,Wonka Bar -Scrumdiddlyumptious,10.8,3,7.5,3.3,Lot's O' Nuts,59.0
4580,US-2023-130477-CHO-TRI-54000,2025-08-04,2025-10-02,Standard Class,130477,United States,Los Angeles,California,90032,Chocolate,Pacific,CHO-TRI-54000,Wonka Bar - Triple Dazzle Caramel,7.5,2,4.9,2.6,Wicked Choccy's,59.0
4581,US-2023-130946-CHO-FUD-51000,2025-08-04,2025-10-02,Standard Class,130946,United States,Houston,Texas,77041,Chocolate,Interior,CHO-FUD-51000,Wonka Bar - Fudge Mallows,32.4,9,21.6,10.8,Lot's O' Nuts,59.0
4582,US-2023-117681-CHO-SCR-58000,2025-09-04,2025-10-04,Standard Class,117681,United States,Los Angeles,California,90004,Chocolate,Pacific,CHO-SCR-58000,Wonka Bar -Scrumdiddlyumptious,18.0,5,12.5,5.5,Lot's O' Nuts,30.0
4583,US-2023-128517-CHO-NUT-13000,2025-09-04,2025-10-04,Second Class,128517,United States,Detroit,Michigan,48227,Chocolate,Interior,CHO-NUT-13000,Wonka Bar - Nutty Crunch Surprise,6.98,2,4.98,2.0,Lot's O' Nuts,30.0
4584,US-2023-126809-CHO-SCR-58000,2025-09-04,2025-10-03,Standard Class,126809,United States,Seattle,Washington,98103,Chocolate,Pacific,CHO-SCR-58000,Wonka Bar -Scrumdiddlyumptious,32.4,9,22.5,9.9,Lot's O' Nuts,29.0
4585,US-2023-128517-CHO-MIL-31000,2025-09-04,2025-10-04,Second Class,128517,United States,Detroit,Michigan,48227,Chocolate,Interior,CHO-MIL-31000,Wonka Bar - Milk Chocolate,6.5,2,4.22,2.28,Wicked Choccy's,30.0
4586,US-2023-123358-CHO-TRI-54000,2025-10-04,2025-10-07,Standard Class,123358,United States,San Francisco,California,94122,Chocolate,Pacific,CHO-TRI-54000,Wonka Bar - Triple Dazzle Caramel,11.25,3,7.35,3.9,Wicked Choccy's,3.0
4587,US-2023-109652-CHO-FUD-51000,2025-10-04,2025-10-05,Standard Class,109652,United States,Chicago,Illinois,60653,Chocolate,Interior,CHO-FUD-51000,Wonka Bar - Fudge Mallows,14.4,4,9.6,4.8,Lot's O' Nuts,1.0
4588,US-2023-123358-CHO-FUD-51000,2025-10-04,2025-10-07,Standard Class,123358,United States,San Francisco,California,94122,Chocolate,Pacific,CHO-FUD-51000,Wonka Bar - Fudge Mallows,14.4,4,9.6,4.8,Lot's O' Nuts,3.0
4589,US-2023-124814-CHO-MIL-31000,2025-10-04,2025-10-06,Standard Class,124814,United States,Bakersfield,California,93309,Chocolate,Pacific,CHO-MIL-31000,Wonka Bar - Milk Chocolate,16.25,5,10.55,5.7,Wicked Choccy's,2.0
4590,US-2023-114622-CHO-FUD-51000,2025-10-04,2026-10-02,First Class,114622,United States,Springfield,Ohio,45503,Chocolate,Atlantic,CHO-FUD-51000,Wonka Bar - Fudge Mallows,7.2,2,4.8,2.4,Lot's O' Nuts,363.0
4591,US-2023-124814-CHO-NUT-13000,2025-10-04,2025-10-06,Standard Class,124814,United States,Bakersfield,California,93309,Chocolate,Pacific,CHO-NUT-13000,Wonka Bar - Nutty Crunch Surprise,6.98,2,4.98,2.0,Lot's O' Nuts,2.0
4592,US-2023-123358-CHO-SCR-58000,2025-10-04,2025-10-07,Standard Class,123358,United States,San Francisco,California,94122,Chocolate,Pacific,CHO-SCR-58000,Wonka Bar -Scrumdiddlyumptious,32.4,9,22.5,9.9,Lot's O' Nuts,3.0
4593,US-2023-123358-CHO-FUD-51000,2025-10-04,2025-10-07,Standard Class,123358,United States,San Francisco,California,94122,Chocolate,Pacific,CHO-FUD-51000,Wonka Bar - Fudge Mallows,10.8,3,7.2,3.6,Lot's O' Nuts,3.0
4594,US-2023-163594-CHO-SCR-58000,2025-12-04,2026-10-04,First Class,163594,United States,Los Angeles,California,90036,Chocolate,Pacific,CHO-SCR-58000,Wonka Bar -Scrumdiddlyumptious,10.8,3,7.5,3.3,Lot's O' Nuts,304.0
4595,US-2023-142398-CHO-MIL-31000,2025-12-04,2026-10-06,Standard Class,142398,United States,Los Angeles,California,90036,Chocolate,Pacific,CHO-MIL-31000,Wonka Bar - Milk Chocolate,22.75,7,14.77,7.98,Wicked Choccy's,306.0
4596,US-2023-112102-CHO-SCR-58000,2025-12-04,2026-10-06,Standard Class,112102,United States,Springfield,Virginia,22153,Chocolate,Gulf,CHO-SCR-58000,Wonka Bar -Scrumdiddlyumptious,14.4,4,10.0,4.4,Lot's O' Nuts,306.0
4597,US-2023-163594-CHO-FUD-51000,2025-12-04,2026-10-04,First Class,163594,United States,Los Angeles,California,90036,Chocolate,Pacific,CHO-FUD-51000,Wonka Bar - Fudge Mallows,10.8,3,7.2,3.6,Lot's O' Nuts,304.0
4598,US-2023-142398-CHO-MIL-31000,2025-12-04,2026-10-06,Standard Class,142398,United States,Los Angeles,California,90036,Chocolate,Pacific,CHO-MIL-31000,Wonka Bar - Milk Chocolate,3.25,1,2.11,1.14,Wicked Choccy's,306.0
4599,US-2023-112102-CHO-FUD-51000,2025-12-04,2026-10-06,Standard Class,112102,United States,Springfield,Virginia,22153,Chocolate,Gulf,CHO-FUD-51000,Wonka Bar - Fudge Mallows,18.0,5,12.0,6.0,Lot's O' Nuts,306.0
4600,US-2023-112102-CHO-TRI-54000,2025-12-04,2026-10-06,Standard Class,112102,United States,Springfield,Virginia,22153,Chocolate,Gulf,CHO-TRI-54000,Wonka Bar - Triple Dazzle Caramel,3.75,1,2.45,1.3,Wicked Choccy's,306.0
4601,US-2023-124254-CHO-SCR-58000,2025-12-04,2026-10-07,Standard Class,124254,United States,Wilson,North Carolina,27893,Chocolate,Gulf,CHO-SCR-58000,Wonka Bar -Scrumdiddlyumptious,10.8,3,7.5,3.3,Lot's O' Nuts,307.0
4602,US-2023-163594-CHO-TRI-54000,2025-12-04,2026-10-04,First Class,163594,United States,Los Angeles,California,90036,Chocolate,Pacific,CHO-TRI-54000,Wonka Bar - Triple Dazzle Caramel,11.25,3,7.35,3.9,Wicked Choccy's,304.0
4603,US-2023-124254-CHO-TRI-54000,2025-12-04,2026-10-07,Standard Class,124254,United States,Wilson,North Carolina,27893,Chocolate,Gulf,CHO-TRI-54000,Wonka Bar - Triple Dazzle Caramel,3.75,1,2.45,1.3,Wicked Choccy's,307.0
4604,US-2023-124254-CHO-TRI-54000,2025-12-04,2026-10-07,Standard Class,124254,United States,Wilson,North Carolina,27893,Chocolate,Gulf,CHO-TRI-54000,Wonka Bar - Triple Dazzle Caramel,11.25,3,7.35,3.9,Wicked Choccy's,307.0
4697,US-2023-164784-CHO-SCR-58000,2025-01-05,2025-10-24,First Class,164784,United States,Memphis,Tennessee,38109,Chocolate,Gulf,CHO-SCR-58000,Wonka Bar -Scrumdiddlyumptious,10.8,3,7.5,3.3,Lot's O' Nuts,292.0
4698,US-2023-101525-CHO-SCR-58000,2025-01-05,2025-10-24,Second Class,101525,United States,Little Rock,Arkansas,72209,Chocolate,Gulf,CHO-SCR-58000,Wonka Bar -Scrumdiddlyumptious,7.2,2,5.0,2.2,Lot's O' Nuts,292.0
4699,US-2023-164784-CHO-MIL-31000,2025-01-05,2025-10-24,First Class,164784,United States,Memphis,Tennessee,38109,Chocolate,Gulf,CHO-MIL-31000,Wonka Bar - Milk Chocolate,6.5,2,4.22,2.28,Wicked Choccy's,292.0
4700,US-2023-164784-CHO-TRI-54000,2025-01-05,2025-10-24,First Class,164784,United States,Memphis,Tennessee,38109,Chocolate,Gulf,CHO-TRI-54000,Wonka Bar - Triple Dazzle Caramel,3.75,1,2.45,1.3,Wicked Choccy's,292.0
4701,US-2023-101525-CHO-SCR-58000,2025-01-05,2025-10-24,Second Class,101525,United States,Little Rock,Arkansas,72209,Chocolate,Gulf,CHO-SCR-58000,Wonka Bar -Scrumdiddlyumptious,7.2,2,5.0,2.2,Lot's O' Nuts,292.0
4702,US-2023-101525-CHO-TRI-54000,2025-01-05,2025-10-24,Second Class,101525,United States,Little Rock,Arkansas,72209,Chocolate,Gulf,CHO-TRI-54000,Wonka Bar - Triple Dazzle Caramel,11.25,3,7.35,3.9,Wicked Choccy's,292.0
4703,US-2023-154060-CHO-MIL-31000,2025-02-05,2025-10-28,Standard Class,154060,United States,Greensboro,North Carolina,27405,Chocolate,Gulf,CHO-MIL-31000,Wonka Bar - Milk Chocolate,29.25,9,18.99,10.26,Wicked Choccy's,265.0
4704,US-2023-109400-CHO-SCR-58000,2025-02-05,2025-10-26,Standard Class,109400,United States,Amarillo,Texas,79109,Chocolate,Interior,CHO-SCR-58000,Wonka Bar -Scrumdiddlyumptious,14.4,4,10.0,4.4,Lot's O' Nuts,263.0
4705,US-2023-158155-CHO-FUD-51000,2025-02-05,2025-10-26,Standard Class,158155,United States,New York City,New York,10009,Chocolate,Atlantic,CHO-FUD-51000,Wonka Bar - Fudge Mallows,7.2,2,4.8,2.4,Lot's O' Nuts,263.0
4706,US-2023-158155-CHO-TRI-54000,2025-02-05,2025-10-26,Standard Class,158155,United States,New York City,New York,10009,Chocolate,Atlantic,CHO-TRI-54000,Wonka Bar - Triple Dazzle Caramel,18.75,5,12.25,6.5,Wicked Choccy's,263.0
4707,US-2023-148698-CHO-SCR-58000,2025-02-05,2025-10-27,Standard Class,148698,United States,Houston,Texas,77070,Chocolate,Interior,CHO-SCR-58000,Wonka Bar -Scrumdiddlyumptious,10.8,3,7.5,3.3,Lot's O' Nuts,264.0
4708,US-2023-146836-CHO-MIL-31000,2025-02-05,2025-10-22,Same Day,146836,United States,New York City,New York,10024,Chocolate,Atlantic,CHO-MIL-31000,Wonka Bar - Milk Chocolate,9.75,3,6.33,3.42,Wicked Choccy's,259.0
4709,US-2023-158155-CHO-TRI-54000,2025-02-05,2025-10-26,Standard Class,158155,United States,New York City,New York,10009,Chocolate,Atlantic,CHO-TRI-54000,Wonka Bar - Triple Dazzle Caramel,11.25,3,7.35,3.9,Wicked Choccy's,263.0
4710,US-2023-104311-CHO-TRI-54000,2025-02-05,2025-10-26,Standard Class,104311,United States,Irving,Texas,75061,Chocolate,Interior,CHO-TRI-54000,Wonka Bar - Triple Dazzle Caramel,7.5,2,4.9,2.6,Wicked Choccy's,263.0
4711,US-2023-158155-CHO-FUD-51000,2025-02-05,2025-10-26,Standard Class,158155,United States,New York City,New York,10009,Chocolate,Atlantic,CHO-FUD-51000,Wonka Bar - Fudge Mallows,7.2,2,4.8,2.4,Lot's O' Nuts,263.0
4712,US-2023-104311-CHO-FUD-51000,2025-02-05,2025-10-26,Standard Class,104311,United States,Irving,Texas,75061,Chocolate,Interior,CHO-FUD-51000,Wonka Bar - Fudge Mallows,10.8,3,7.2,3.6,Lot's O' Nuts,263.0
4713,US-2023-146836-CHO-NUT-13000,2025-02-05,2025-10-22,Same Day,146836,United States,New York City,New York,10024,Chocolate,Atlantic,CHO-NUT-13000,Wonka Bar - Nutty Crunch Surprise,10.47,3,7.47,3.0,Lot's O' Nuts,259.0
4714,US-2023-104311-CHO-SCR-58000,2025-02-05,2025-10-26,Standard Class,104311,United States,Irving,Texas,75061,Chocolate,Interior,CHO-SCR-58000,Wonka Bar -Scrumdiddlyumptious,10.8,3,7.5,3.3,Lot's O' Nuts,263.0
4715,US-2023-129280-CHO-MIL-31000,2025-03-05,2025-10-25,First Class,129280,United States,Newark,Ohio,43055,Chocolate,Atlantic,CHO-MIL-31000,Wonka Bar - Milk Chocolate,6.5,2,4.22,2.28,Wicked Choccy's,234.0
4716,US-2023-163398-CHO-NUT-13000,2025-03-05,2025-10-28,Standard Class,163398,United States,Chicago,Illinois,60653,Chocolate,Interior,CHO-NUT-13000,Wonka Bar - Nutty Crunch Surprise,10.47,3,7.47,3.0,Lot's O' Nuts,237.0
4717,US-2023-163398-CHO-NUT-13000,2025-03-05,2025-10-28,Standard Class,163398,United States,Chicago,Illinois,60653,Chocolate,Interior,CHO-NUT-13000,Wonka Bar - Nutty Crunch Surprise,24.43,7,17.43,7.0,Lot's O' Nuts,237.0
4718,US-2023-163398-CHO-TRI-54000,2025-03-05,2025-10-28,Standard Class,163398,United States,Chicago,Illinois,60653,Chocolate,Interior,CHO-TRI-54000,Wonka Bar - Triple Dazzle Caramel,3.75,1,2.45,1.3,Wicked Choccy's,237.0
4719,US-2023-129280-CHO-MIL-31000,2025-03-05,2025-10-25,First Class,129280,United States,Newark,Ohio,43055,Chocolate,Atlantic,CHO-MIL-31000,Wonka Bar - Milk Chocolate,6.5,2,4.22,2.28,Wicked Choccy's,234.0
4720,US-2023-129280-CHO-SCR-58000,2025-03-05,2025-10-25,First Class,129280,United States,Newark,Ohio,43055,Chocolate,Atlantic,CHO-SCR-58000,Wonka Bar -Scrumdiddlyumptious,18.0,5,12.5,5.5,Lot's O' Nuts,234.0
4721,US-2023-129280-CHO-NUT-13000,2025-03-05,2025-10-25,First Class,129280,United States,Newark,Ohio,43055,Chocolate,Atlantic,CHO-NUT-13000,Wonka Bar - Nutty Crunch Surprise,10.47,3,7.47,3.0,Lot's O' Nuts,234.0
4722,US-2023-129280-CHO-FUD-51000,2025-03-05,2025-10-25,First Class,129280,United States,Newark,Ohio,43055,Chocolate,Atlantic,CHO-FUD-51000,Wonka Bar - Fudge Mallows,18.0,5,12.0,6.0,Lot's O' Nuts,234.0
4723,US-2023-129280-CHO-FUD-51000,2025-03-05,2025-10-25,First Class,129280,United States,Newark,Ohio,43055,Chocolate,Atlantic,CHO-FUD-51000,Wonka Bar - Fudge Mallows,10.8,3,7.2,3.6,Lot's O' Nuts,234.0
4724,US-2023-147991-CHO-NUT-13000,2025-05-05,2025-10-29,Standard Class,147991,United States,Chattanooga,Tennessee,37421,Chocolate,Gulf,CHO-NUT-13000,Wonka Bar - Nutty Crunch Surprise,17.45,5,12.45,5.0,Lot's O' Nuts,177.0
4725,US-2023-126165-CHO-SCR-58000,2025-05-05,2025-10-27,Second Class,126165,United States,San Francisco,California,94109,Chocolate,Pacific,CHO-SCR-58000,Wonka Bar -Scrumdiddlyumptious,7.2,2,5.0,2.2,Lot's O' Nuts,175.0
4726,US-2023-102239-CHO-TRI-54000,2025-05-05,2025-10-26,First Class,102239,United States,Henderson,Nevada,89015,Chocolate,Pacific,CHO-TRI-54000,Wonka Bar - Triple Dazzle Caramel,22.5,6,14.7,7.8,Wicked Choccy's,174.0
4727,US-2023-160500-CHO-TRI-54000,2025-05-05,2025-10-28,First Class,160500,United States,Encinitas,California,92024,Chocolate,Pacific,CHO-TRI-54000,Wonka Bar - Triple Dazzle Caramel,11.25,3,7.35,3.9,Wicked Choccy's,176.0
4728,US-2023-102239-CHO-FUD-51000,2025-05-05,2025-10-26,First Class,102239,United States,Henderson,Nevada,89015,Chocolate,Pacific,CHO-FUD-51000,Wonka Bar - Fudge Mallows,7.2,2,4.8,2.4,Lot's O' Nuts,174.0
4729,US-2023-160500-CHO-SCR-58000,2025-05-05,2025-10-28,First Class,160500,United States,Encinitas,California,92024,Chocolate,Pacific,CHO-SCR-58000,Wonka Bar -Scrumdiddlyumptious,18.0,5,12.5,5.5,Lot's O' Nuts,176.0
4730,US-2023-105662-SUG-EVE-47000,2025-05-05,2025-10-29,Standard Class,105662,United States,Tallahassee,Florida,32303,Sugar,Gulf,SUG-EVE-47000,Everlasting Gobstopper,40.0,4,32.0,8.0,Secret Factory,177.0
4731,US-2023-145247-CHO-MIL-31000,2025-05-05,2025-10-27,First Class,145247,United States,Louisville,Kentucky,40214,Chocolate,Gulf,CHO-MIL-31000,Wonka Bar - Milk Chocolate,9.75,3,6.33,3.42,Wicked Choccy's,175.0
4732,US-2023-112676-CHO-MIL-31000,2025-05-05,2025-10-28,First Class,112676,United States,Murfreesboro,Tennessee,37130,Chocolate,Gulf,CHO-MIL-31000,Wonka Bar - Milk Chocolate,9.75,3,6.33,3.42,Wicked Choccy's,176.0
4733,US-2023-137729-CHO-MIL-31000,2025-05-05,2025-10-29,Standard Class,137729,United States,Los Angeles,California,90004,Chocolate,Pacific,CHO-MIL-31000,Wonka Bar - Milk Chocolate,3.25,1,2.11,1.14,Wicked Choccy's,177.0
4734,US-2023-105662-CHO-NUT-13000,2025-05-05,2025-10-29,Standard Class,105662,United States,Tallahassee,Florida,32303,Chocolate,Gulf,CHO-NUT-13000,Wonka Bar - Nutty Crunch Surprise,10.47,3,7.47,3.0,Lot's O' Nuts,177.0
4735,US-2023-137729-CHO-NUT-13000,2025-05-05,2025-10-29,Standard Class,137729,United States,Los Angeles,California,90004,Chocolate,Pacific,CHO-NUT-13000,Wonka Bar - Nutty Crunch Surprise,10.47,3,7.47,3.0,Lot's O' Nuts,177.0
4736,US-2023-137393-CHO-NUT-13000,2025-06-05,2025-10-30,Standard Class,137393,United States,Bakersfield,California,93309,Chocolate,Pacific,CHO-NUT-13000,Wonka Bar - Nutty Crunch Surprise,13.96,4,9.96,4.0,Lot's O' Nuts,147.0
4737,US-2023-118052-CHO-FUD-51000,2025-06-05,2025-10-30,Standard Class,118052,United States,Lorain,Ohio,44052,Chocolate,Atlantic,CHO-FUD-51000,Wonka Bar - Fudge Mallows,25.2,7,16.8,8.4,Lot's O' Nuts,147.0
4738,US-2023-146857-CHO-TRI-54000,2025-06-05,2025-10-28,Second Class,146857,United States,Springfield,Missouri,65807,Chocolate,Interior,CHO-TRI-54000,Wonka Bar - Triple Dazzle Caramel,3.75,1,2.45,1.3,Wicked Choccy's,145.0
4739,US-2023-139234-CHO-FUD-51000,2025-06-05,2025-10-30,Standard Class,139234,United States,Chicago,Illinois,60610,Chocolate,Interior,CHO-FUD-51000,Wonka Bar - Fudge Mallows,7.2,2,4.8,2.4,Lot's O' Nuts,147.0
4740,US-2023-118052-CHO-NUT-13000,2025-06-05,2025-10-30,Standard Class,118052,United States,Lorain,Ohio,44052,Chocolate,Atlantic,CHO-NUT-13000,Wonka Bar - Nutty Crunch Surprise,6.98,2,4.98,2.0,Lot's O' Nuts,147.0
4741,US-2023-118052-CHO-TRI-54000,2025-06-05,2025-10-30,Standard Class,118052,United States,Lorain,Ohio,44052,Chocolate,Atlantic,CHO-TRI-54000,Wonka Bar - Triple Dazzle Caramel,7.5,2,4.9,2.6,Wicked Choccy's,147.0
4742,US-2023-139234-CHO-NUT-13000,2025-06-05,2025-10-30,Standard Class,139234,United States,Chicago,Illinois,60610,Chocolate,Interior,CHO-NUT-13000,Wonka Bar - Nutty Crunch Surprise,6.98,2,4.98,2.0,Lot's O' Nuts,147.0
4743,US-2023-128818-CHO-MIL-31000,2025-07-05,2025-10-31,Standard Class,128818,United States,New York City,New York,10009,Chocolate,Atlantic,CHO-MIL-31000,Wonka Bar - Milk Chocolate,13.0,4,8.44,4.56,Wicked Choccy's,118.0
4744,US-2023-128818-CHO-FUD-51000,2025-07-05,2025-10-31,Standard Class,128818,United States,New York City,New York,10009,Chocolate,Atlantic,CHO-FUD-51000,Wonka Bar - Fudge Mallows,28.8,8,19.2,9.6,Lot's O' Nuts,118.0
4745,US-2023-128818-CHO-MIL-31000,2025-07-05,2025-10-31,Standard Class,128818,United States,New York City,New York,10009,Chocolate,Atlantic,CHO-MIL-31000,Wonka Bar - Milk Chocolate,22.75,7,14.77,7.98,Wicked Choccy's,118.0
4746,US-2023-128818-CHO-FUD-51000,2025-07-05,2025-10-31,Standard Class,128818,United States,New York City,New York,10009,Chocolate,Atlantic,CHO-FUD-51000,Wonka Bar - Fudge Mallows,10.8,3,7.2,3.6,Lot's O' Nuts,118.0
4747,US-2023-128818-CHO-TRI-54000,2025-07-05,2025-10-31,Standard Class,128818,United States,New York City,New York,10009,Chocolate,Atlantic,CHO-TRI-54000,Wonka Bar - Triple Dazzle Caramel,18.75,5,12.25,6.5,Wicked Choccy's,118.0
4748,US-2023-128818-CHO-TRI-54000,2025-07-05,2025-10-31,Standard Class,128818,United States,New York City,New York,10009,Chocolate,Atlantic,CHO-TRI-54000,Wonka Bar - Triple Dazzle Caramel,18.75,5,12.25,6.5,Wicked Choccy's,118.0
4749,CA-2023-169856-CHO-MIL-31000,2025-07-05,2025-11-01,Standard Class,169856,Canada,Toronto,Ontario,M3C,Chocolate,Atlantic,CHO-MIL-31000,Wonka Bar - Milk Chocolate,19.5,6,12.66,6.84,Wicked Choccy's,119.0
4750,CA-2023-169856-CHO-NUT-13000,2025-07-05,2025-11-01,Standard Class,169856,Canada,Toronto,Ontario,M3C,Chocolate,Atlantic,CHO-NUT-13000,Wonka Bar - Nutty Crunch Surprise,3.49,1,2.49,1.0,Lot's O' Nuts,119.0
4751,CA-2023-169856-CHO-SCR-58000,2025-07-05,2025-11-01,Standard Class,169856,Canada,Toronto,Ontario,M3C,Chocolate,Atlantic,CHO-SCR-58000,Wonka Bar -Scrumdiddlyumptious,3.6,1,2.5,1.1,Lot's O' Nuts,119.0
4752,CA-2023-169856-CHO-MIL-31000,2025-07-05,2025-11-01,Standard Class,169856,Canada,Toronto,Ontario,M3C,Chocolate,Atlantic,CHO-MIL-31000,Wonka Bar - Milk Chocolate,13.0,4,8.44,4.56,Wicked Choccy's,119.0
4753,US-2023-164672-CHO-MIL-31000,2025-08-05,2025-11-02,Second Class,164672,United States,Dover,Delaware,19901,Chocolate,Atlantic,CHO-MIL-31000,Wonka Bar - Milk Chocolate,6.5,2,4.22,2.28,Wicked Choccy's,89.0
4754,US-2023-111696-CHO-MIL-31000,2025-08-05,2025-10-30,First Class,111696,United States,Los Angeles,California,90004,Chocolate,Pacific,CHO-MIL-31000,Wonka Bar - Milk Chocolate,9.75,3,6.33,3.42,Wicked Choccy's,86.0
4755,US-2023-106530-CHO-MIL-31000,2025-08-05,2025-10-28,Same Day,106530,United States,Cleveland,Ohio,44105,Chocolate,Atlantic,CHO-MIL-31000,Wonka Bar - Milk Chocolate,6.5,2,4.22,2.28,Wicked Choccy's,84.0
4756,US-2023-106530-CHO-FUD-51000,2025-08-05,2025-10-28,Same Day,106530,United States,Cleveland,Ohio,44105,Chocolate,Atlantic,CHO-FUD-51000,Wonka Bar - Fudge Mallows,7.2,2,4.8,2.4,Lot's O' Nuts,84.0
4757,US-2023-106530-CHO-FUD-51000,2025-08-05,2025-10-28,Same Day,106530,United States,Cleveland,Ohio,44105,Chocolate,Atlantic,CHO-FUD-51000,Wonka Bar - Fudge Mallows,7.2,2,4.8,2.4,Lot's O' Nuts,84.0
4758,US-2023-106530-CHO-SCR-58000,2025-08-05,2025-10-28,Same Day,106530,United States,Cleveland,Ohio,44105,Chocolate,Atlantic,CHO-SCR-58000,Wonka Bar -Scrumdiddlyumptious,10.8,3,7.5,3.3,Lot's O' Nuts,84.0
4759,US-2023-106530-CHO-MIL-31000,2025-08-05,2025-10-28,Same Day,106530,United States,Cleveland,Ohio,44105,Chocolate,Atlantic,CHO-MIL-31000,Wonka Bar - Milk Chocolate,6.5,2,4.22,2.28,Wicked Choccy's,84.0
4760,US-2023-144057-CHO-TRI-54000,2025-09-05,2025-11-02,Standard Class,144057,United States,Austin,Texas,78745,Chocolate,Interior,CHO-TRI-54000,Wonka Bar - Triple Dazzle Caramel,15.0,4,9.8,5.2,Wicked Choccy's,58.0
4761,US-2023-161158-CHO-FUD-51000,2025-09-05,2025-11-02,Standard Class,161158,United States,New York City,New York,10024,Chocolate,Atlantic,CHO-FUD-51000,Wonka Bar - Fudge Mallows,18.0,5,12.0,6.0,Lot's O' Nuts,58.0
4762,US-2023-109176-CHO-SCR-58000,2025-09-05,2025-11-04,Standard Class,109176,United States,Philadelphia,Pennsylvania,19140,Chocolate,Atlantic,CHO-SCR-58000,Wonka Bar -Scrumdiddlyumptious,18.0,5,12.5,5.5,Lot's O' Nuts,60.0
4763,US-2023-159765-CHO-MIL-31000,2025-09-05,2025-11-01,Second Class,159765,United States,Salem,Virginia,24153,Chocolate,Gulf,CHO-MIL-31000,Wonka Bar - Milk Chocolate,22.75,7,14.77,7.98,Wicked Choccy's,57.0
4764,US-2023-144057-CHO-NUT-13000,2025-09-05,2025-11-02,Standard Class,144057,United States,Austin,Texas,78745,Chocolate,Interior,CHO-NUT-13000,Wonka Bar - Nutty Crunch Surprise,20.94,6,14.94,6.0,Lot's O' Nuts,58.0
4765,US-2023-144057-CHO-TRI-54000,2025-09-05,2025-11-02,Standard Class,144057,United States,Austin,Texas,78745,Chocolate,Interior,CHO-TRI-54000,Wonka Bar - Triple Dazzle Caramel,15.0,4,9.8,5.2,Wicked Choccy's,58.0
4766,US-2023-109176-CHO-SCR-58000,2025-09-05,2025-11-04,Standard Class,109176,United States,Philadelphia,Pennsylvania,19140,Chocolate,Atlantic,CHO-SCR-58000,Wonka Bar -Scrumdiddlyumptious,3.6,1,2.5,1.1,Lot's O' Nuts,60.0
4767,US-2023-159093-CHO-TRI-54000,2025-09-05,2025-11-03,Standard Class,159093,United States,Los Angeles,California,90036,Chocolate,Pacific,CHO-TRI-54000,Wonka Bar - Triple Dazzle Caramel,15.0,4,9.8,5.2,Wicked Choccy's,59.0
4768,US-2023-144057-OTH-KAZ-38000,2025-09-05,2025-11-02,Standard Class,144057,United States,Austin,Texas,78745,Other,Interior,OTH-KAZ-38000,Kazookles,6.5,2,0.5,6.0,Secret Factory,58.0
4769,US-2023-144057-CHO-FUD-51000,2025-09-05,2025-11-02,Standard Class,144057,United States,Austin,Texas,78745,Chocolate,Interior,CHO-FUD-51000,Wonka Bar - Fudge Mallows,21.6,6,14.4,7.2,Lot's O' Nuts,58.0
4770,US-2023-169166-CHO-SCR-58000,2025-09-05,2025-11-03,Standard Class,169166,United States,Seattle,Washington,98115,Chocolate,Pacific,CHO-SCR-58000,Wonka Bar -Scrumdiddlyumptious,7.2,2,5.0,2.2,Lot's O' Nuts,59.0
4771,US-2023-112382-CHO-TRI-54000,2025-09-05,2025-11-02,Standard Class,112382,United States,Houston,Texas,77036,Chocolate,Interior,CHO-TRI-54000,Wonka Bar - Triple Dazzle Caramel,7.5,2,4.9,2.6,Wicked Choccy's,58.0
4772,US-2023-117625-CHO-NUT-13000,2025-10-05,2025-11-04,Standard Class,117625,United States,Chicago,Illinois,60610,Chocolate,Interior,CHO-NUT-13000,Wonka Bar - Nutty Crunch Surprise,6.98,2,4.98,2.0,Lot's O' Nuts,30.0
4773,US-2023-161543-CHO-MIL-31000,2025-10-05,2025-11-05,Standard Class,161543,United States,Seattle,Washington,98105,Chocolate,Pacific,CHO-MIL-31000,Wonka Bar - Milk Chocolate,6.5,2,4.22,2.28,Wicked Choccy's,31.0
4774,US-2023-133816-CHO-FUD-51000,2025-10-05,2025-11-02,Second Class,133816,United States,Philadelphia,Pennsylvania,19134,Chocolate,Atlantic,CHO-FUD-51000,Wonka Bar - Fudge Mallows,7.2,2,4.8,2.4,Lot's O' Nuts,28.0
4775,US-2023-162733-CHO-MIL-31000,2025-11-05,2026-11-01,First Class,162733,United States,Los Angeles,California,90045,Chocolate,Pacific,CHO-MIL-31000,Wonka Bar - Milk Chocolate,3.25,1,2.11,1.14,Wicked Choccy's,361.0
4776,US-2023-100510-CHO-SCR-58000,2025-12-05,2026-11-06,Standard Class,100510,United States,New York City,New York,10024,Chocolate,Atlantic,CHO-SCR-58000,Wonka Bar -Scrumdiddlyumptious,10.8,3,7.5,3.3,Lot's O' Nuts,336.0
4777,US-2023-123610-CHO-FUD-51000,2025-12-05,2026-11-05,Standard Class,123610,United States,Mission Viejo,California,92691,Chocolate,Pacific,CHO-FUD-51000,Wonka Bar - Fudge Mallows,3.6,1,2.4,1.2,Lot's O' Nuts,335.0
4778,US-2023-109911-CHO-TRI-54000,2025-12-05,2026-11-05,Standard Class,109911,United States,Virginia Beach,Virginia,23464,Chocolate,Gulf,CHO-TRI-54000,Wonka Bar - Triple Dazzle Caramel,15.0,4,9.8,5.2,Wicked Choccy's,335.0
4779,US-2023-167416-CHO-TRI-54000,2025-12-05,2026-11-06,Standard Class,167416,United States,Seattle,Washington,98105,Chocolate,Pacific,CHO-TRI-54000,Wonka Bar - Triple Dazzle Caramel,18.75,5,12.25,6.5,Wicked Choccy's,336.0
4780,US-2023-101196-CHO-SCR-58000,2025-12-05,2026-11-06,Standard Class,101196,United States,Philadelphia,Pennsylvania,19140,Chocolate,Atlantic,CHO-SCR-58000,Wonka Bar -Scrumdiddlyumptious,7.2,2,5.0,2.2,Lot's O' Nuts,336.0
4781,US-2023-123610-CHO-FUD-51000,2025-12-05,2026-11-05,Standard Class,123610,United States,Mission Viejo,California,92691,Chocolate,Pacific,CHO-FUD-51000,Wonka Bar - Fudge Mallows,21.6,6,14.4,7.2,Lot's O' Nuts,335.0
4782,US-2023-100510-CHO-NUT-13000,2025-12-05,2026-11-06,Standard Class,100510,United States,New York City,New York,10024,Chocolate,Atlantic,CHO-NUT-13000,Wonka Bar - Nutty Crunch Surprise,13.96,4,9.96,4.0,Lot's O' Nuts,336.0
4926,US-2023-119046-CHO-MIL-31000,2025-02-06,2025-11-26,Standard Class,119046,United States,Seattle,Washington,98115,Chocolate,Pacific,CHO-MIL-31000,Wonka Bar - Milk Chocolate,9.75,3,6.33,3.42,Wicked Choccy's,293.0
4927,US-2023-119046-CHO-MIL-31000,2025-02-06,2025-11-26,Standard Class,119046,United States,Seattle,Washington,98115,Chocolate,Pacific,CHO-MIL-31000,Wonka Bar - Milk Chocolate,39.0,12,25.32,13.68,Wicked Choccy's,293.0
4928,US-2023-119046-CHO-FUD-51000,2025-02-06,2025-11-26,Standard Class,119046,United States,Seattle,Washington,98115,Chocolate,Pacific,CHO-FUD-51000,Wonka Bar - Fudge Mallows,10.8,3,7.2,3.6,Lot's O' Nuts,293.0
4929,US-2023-128293-CHO-TRI-54000,2025-02-06,2025-11-25,First Class,128293,United States,Philadelphia,Pennsylvania,19120,Chocolate,Atlantic,CHO-TRI-54000,Wonka Bar - Triple Dazzle Caramel,3.75,1,2.45,1.3,Wicked Choccy's,292.0
4930,US-2023-164889-CHO-SCR-58000,2025-03-06,2025-11-26,Second Class,164889,United States,Los Angeles,California,90049,Chocolate,Pacific,CHO-SCR-58000,Wonka Bar -Scrumdiddlyumptious,7.2,2,5.0,2.2,Lot's O' Nuts,265.0
4931,US-2023-165848-CHO-SCR-58000,2025-04-06,2025-11-24,Same Day,165848,United States,New York City,New York,10035,Chocolate,Atlantic,CHO-SCR-58000,Wonka Bar -Scrumdiddlyumptious,3.6,1,2.5,1.1,Lot's O' Nuts,232.0
4932,US-2023-157749-CHO-NUT-13000,2025-04-06,2025-11-29,Second Class,157749,United States,Chicago,Illinois,60610,Chocolate,Interior,CHO-NUT-13000,Wonka Bar - Nutty Crunch Surprise,17.45,5,12.45,5.0,Lot's O' Nuts,237.0
4933,US-2023-157749-CHO-TRI-54000,2025-04-06,2025-11-29,Second Class,157749,United States,Chicago,Illinois,60610,Chocolate,Interior,CHO-TRI-54000,Wonka Bar - Triple Dazzle Caramel,11.25,3,7.35,3.9,Wicked Choccy's,237.0
4934,US-2023-165848-CHO-MIL-31000,2025-04-06,2025-11-24,Same Day,165848,United States,New York City,New York,10035,Chocolate,Atlantic,CHO-MIL-31000,Wonka Bar - Milk Chocolate,13.0,4,8.44,4.56,Wicked Choccy's,232.0
4935,US-2023-157749-CHO-TRI-54000,2025-04-06,2025-11-29,Second Class,157749,United States,Chicago,Illinois,60610,Chocolate,Interior,CHO-TRI-54000,Wonka Bar - Triple Dazzle Caramel,11.25,3,7.35,3.9,Wicked Choccy's,237.0
4936,US-2023-157749-CHO-SCR-58000,2025-04-06,2025-11-29,Second Class,157749,United States,Chicago,Illinois,60610,Chocolate,Interior,CHO-SCR-58000,Wonka Bar -Scrumdiddlyumptious,18.0,5,12.5,5.5,Lot's O' Nuts,237.0
4937,US-2023-157749-CHO-MIL-31000,2025-04-06,2025-11-29,Second Class,157749,United States,Chicago,Illinois,60610,Chocolate,Interior,CHO-MIL-31000,Wonka Bar - Milk Chocolate,6.5,2,4.22,2.28,Wicked Choccy's,237.0
4938,US-2023-165848-CHO-MIL-31000,2025-04-06,2025-11-24,Same Day,165848,United States,New York City,New York,10035,Chocolate,Atlantic,CHO-MIL-31000,Wonka Bar - Milk Chocolate,9.75,3,6.33,3.42,Wicked Choccy's,232.0
4939,US-2023-119823-CHO-NUT-13000,2025-04-06,2025-11-26,First Class,119823,United States,Springfield,Virginia,22153,Chocolate,Gulf,CHO-NUT-13000,Wonka Bar - Nutty Crunch Surprise,6.98,2,4.98,2.0,Lot's O' Nuts,234.0
4940,US-2023-157749-CHO-NUT-13000,2025-04-06,2025-11-29,Second Class,157749,United States,Chicago,Illinois,60610,Chocolate,Interior,CHO-NUT-13000,Wonka Bar - Nutty Crunch Surprise,17.45,5,12.45,5.0,Lot's O' Nuts,237.0
4941,US-2023-165848-CHO-NUT-13000,2025-04-06,2025-11-24,Same Day,165848,United States,New York City,New York,10035,Chocolate,Atlantic,CHO-NUT-13000,Wonka Bar - Nutty Crunch Surprise,10.47,3,7.47,3.0,Lot's O' Nuts,232.0
4942,US-2023-157749-CHO-FUD-51000,2025-04-06,2025-11-29,Second Class,157749,United States,Chicago,Illinois,60610,Chocolate,Interior,CHO-FUD-51000,Wonka Bar - Fudge Mallows,7.2,2,4.8,2.4,Lot's O' Nuts,237.0
4943,US-2023-110982-CHO-MIL-31000,2025-05-06,2025-11-27,First Class,110982,United States,Santa Clara,California,95051,Chocolate,Pacific,CHO-MIL-31000,Wonka Bar - Milk Chocolate,13.0,4,8.44,4.56,Wicked Choccy's,205.0
4944,US-2023-165169-CHO-MIL-31000,2025-05-06,2025-12-01,Standard Class,165169,United States,Newark,Delaware,19711,Chocolate,Atlantic,CHO-MIL-31000,Wonka Bar - Milk Chocolate,6.5,2,4.22,2.28,Wicked Choccy's,209.0
4945,US-2023-110982-CHO-FUD-51000,2025-05-06,2025-11-27,First Class,110982,United States,Santa Clara,California,95051,Chocolate,Pacific,CHO-FUD-51000,Wonka Bar - Fudge Mallows,21.6,6,14.4,7.2,Lot's O' Nuts,205.0
4946,US-2023-165169-CHO-MIL-31000,2025-05-06,2025-12-01,Standard Class,165169,United States,Newark,Delaware,19711,Chocolate,Atlantic,CHO-MIL-31000,Wonka Bar - Milk Chocolate,9.75,3,6.33,3.42,Wicked Choccy's,209.0
4947,US-2023-134908-CHO-TRI-54000,2025-05-06,2025-11-29,Standard Class,134908,United States,Philadelphia,Pennsylvania,19134,Chocolate,Atlantic,CHO-TRI-54000,Wonka Bar - Triple Dazzle Caramel,11.25,3,7.35,3.9,Wicked Choccy's,207.0
4948,US-2023-165169-CHO-MIL-31000,2025-05-06,2025-12-01,Standard Class,165169,United States,Newark,Delaware,19711,Chocolate,Atlantic,CHO-MIL-31000,Wonka Bar - Milk Chocolate,6.5,2,4.22,2.28,Wicked Choccy's,209.0
4949,US-2023-134908-CHO-SCR-58000,2025-05-06,2025-11-29,Standard Class,134908,United States,Philadelphia,Pennsylvania,19134,Chocolate,Atlantic,CHO-SCR-58000,Wonka Bar -Scrumdiddlyumptious,14.4,4,10.0,4.4,Lot's O' Nuts,207.0
4950,US-2023-149671-CHO-FUD-51000,2025-05-06,2025-11-29,Standard Class,149671,United States,Seattle,Washington,98105,Chocolate,Pacific,CHO-FUD-51000,Wonka Bar - Fudge Mallows,21.6,6,14.4,7.2,Lot's O' Nuts,207.0
4951,US-2023-112830-CHO-NUT-13000,2025-06-06,2025-11-30,Standard Class,112830,United States,Fairfield,Ohio,45014,Chocolate,Atlantic,CHO-NUT-13000,Wonka Bar - Nutty Crunch Surprise,10.47,3,7.47,3.0,Lot's O' Nuts,177.0
4952,US-2023-112830-CHO-TRI-54000,2025-06-06,2025-11-30,Standard Class,112830,United States,Fairfield,Ohio,45014,Chocolate,Atlantic,CHO-TRI-54000,Wonka Bar - Triple Dazzle Caramel,7.5,2,4.9,2.6,Wicked Choccy's,177.0
4953,US-2023-167472-CHO-NUT-13000,2025-06-06,2025-11-27,First Class,167472,United States,Little Rock,Arkansas,72209,Chocolate,Gulf,CHO-NUT-13000,Wonka Bar - Nutty Crunch Surprise,10.47,3,7.47,3.0,Lot's O' Nuts,174.0
4954,US-2023-167472-CHO-MIL-31000,2025-06-06,2025-11-27,First Class,167472,United States,Little Rock,Arkansas,72209,Chocolate,Gulf,CHO-MIL-31000,Wonka Bar - Milk Chocolate,9.75,3,6.33,3.42,Wicked Choccy's,174.0
4955,US-2023-155971-CHO-MIL-31000,2025-06-06,2025-12-02,Standard Class,155971,United States,Los Angeles,California,90036,Chocolate,Pacific,CHO-MIL-31000,Wonka Bar - Milk Chocolate,22.75,7,14.77,7.98,Wicked Choccy's,179.0
4956,US-2023-167472-CHO-MIL-31000,2025-06-06,2025-11-27,First Class,167472,United States,Little Rock,Arkansas,72209,Chocolate,Gulf,CHO-MIL-31000,Wonka Bar - Milk Chocolate,9.75,3,6.33,3.42,Wicked Choccy's,174.0
4957,US-2023-155971-SUG-HAI-55000,2025-06-06,2025-12-02,Standard Class,155971,United States,Los Angeles,California,90036,Sugar,Pacific,SUG-HAI-55000,Hair Toffee,22.5,5,17.5,5.0,The Other Factory,179.0
4958,US-2023-167472-CHO-MIL-31000,2025-06-06,2025-11-27,First Class,167472,United States,Little Rock,Arkansas,72209,Chocolate,Gulf,CHO-MIL-31000,Wonka Bar - Milk Chocolate,6.5,2,4.22,2.28,Wicked Choccy's,174.0
4959,US-2023-108350-OTH-KAZ-38000,2025-06-06,2025-11-29,Second Class,108350,United States,Lowell,Massachusetts,1852,Other,Atlantic,OTH-KAZ-38000,Kazookles,13.0,4,1.0,12.0,Secret Factory,176.0
4960,US-2023-127369-CHO-MIL-31000,2025-06-06,2025-11-27,First Class,127369,United States,Lowell,Massachusetts,1852,Chocolate,Atlantic,CHO-MIL-31000,Wonka Bar - Milk Chocolate,16.25,5,10.55,5.7,Wicked Choccy's,174.0
4961,US-2023-167472-CHO-NUT-13000,2025-06-06,2025-11-27,First Class,167472,United States,Little Rock,Arkansas,72209,Chocolate,Gulf,CHO-NUT-13000,Wonka Bar - Nutty Crunch Surprise,20.94,6,14.94,6.0,Lot's O' Nuts,174.0
4962,US-2023-160717-CHO-FUD-51000,2025-06-06,2025-12-01,Standard Class,160717,United States,Santa Barbara,California,93101,Chocolate,Pacific,CHO-FUD-51000,Wonka Bar - Fudge Mallows,7.2,2,4.8,2.4,Lot's O' Nuts,178.0
4963,US-2023-167472-CHO-NUT-13000,2025-06-06,2025-11-27,First Class,167472,United States,Little Rock,Arkansas,72209,Chocolate,Gulf,CHO-NUT-13000,Wonka Bar - Nutty Crunch Surprise,10.47,3,7.47,3.0,Lot's O' Nuts,174.0
4964,US-2023-167472-CHO-SCR-58000,2025-06-06,2025-11-27,First Class,167472,United States,Little Rock,Arkansas,72209,Chocolate,Gulf,CHO-SCR-58000,Wonka Bar -Scrumdiddlyumptious,10.8,3,7.5,3.3,Lot's O' Nuts,174.0
4965,US-2023-125318-CHO-NUT-13000,2025-06-06,2025-12-03,Standard Class,125318,United States,Chicago,Illinois,60610,Chocolate,Interior,CHO-NUT-13000,Wonka Bar - Nutty Crunch Surprise,13.96,4,9.96,4.0,Lot's O' Nuts,180.0
4966,US-2023-160717-CHO-MIL-31000,2025-06-06,2025-12-01,Standard Class,160717,United States,Santa Barbara,California,93101,Chocolate,Pacific,CHO-MIL-31000,Wonka Bar - Milk Chocolate,29.25,9,18.99,10.26,Wicked Choccy's,178.0
4967,US-2023-160717-CHO-TRI-54000,2025-06-06,2025-12-01,Standard Class,160717,United States,Santa Barbara,California,93101,Chocolate,Pacific,CHO-TRI-54000,Wonka Bar - Triple Dazzle Caramel,11.25,3,7.35,3.9,Wicked Choccy's,178.0
4968,US-2023-103163-CHO-NUT-13000,2025-07-06,2025-12-01,Standard Class,103163,United States,Bakersfield,California,93309,Chocolate,Pacific,CHO-NUT-13000,Wonka Bar - Nutty Crunch Surprise,3.49,1,2.49,1.0,Lot's O' Nuts,148.0
4969,US-2023-107475-CHO-FUD-51000,2025-07-06,2025-12-01,Standard Class,107475,United States,Philadelphia,Pennsylvania,19120,Chocolate,Atlantic,CHO-FUD-51000,Wonka Bar - Fudge Mallows,21.6,6,14.4,7.2,Lot's O' Nuts,148.0
4970,US-2023-120558-CHO-MIL-31000,2025-07-06,2025-11-30,First Class,120558,United States,New York City,New York,10035,Chocolate,Atlantic,CHO-MIL-31000,Wonka Bar - Milk Chocolate,16.25,5,10.55,5.7,Wicked Choccy's,147.0
4971,US-2023-103163-CHO-NUT-13000,2025-07-06,2025-12-01,Standard Class,103163,United States,Bakersfield,California,93309,Chocolate,Pacific,CHO-NUT-13000,Wonka Bar - Nutty Crunch Surprise,3.49,1,2.49,1.0,Lot's O' Nuts,148.0
4972,US-2023-122448-CHO-SCR-58000,2025-09-06,2025-12-04,Standard Class,122448,United States,San Francisco,California,94109,Chocolate,Pacific,CHO-SCR-58000,Wonka Bar -Scrumdiddlyumptious,10.8,3,7.5,3.3,Lot's O' Nuts,89.0
4973,US-2023-154662-CHO-SCR-58000,2025-09-06,2025-12-06,Standard Class,154662,United States,Minneapolis,Minnesota,55407,Chocolate,Interior,CHO-SCR-58000,Wonka Bar -Scrumdiddlyumptious,10.8,3,7.5,3.3,Lot's O' Nuts,91.0
4974,US-2023-147368-CHO-NUT-13000,2025-09-06,2025-12-02,First Class,147368,United States,Tallahassee,Florida,32303,Chocolate,Gulf,CHO-NUT-13000,Wonka Bar - Nutty Crunch Surprise,6.98,2,4.98,2.0,Lot's O' Nuts,87.0
4975,US-2023-139710-CHO-NUT-13000,2025-09-06,2025-12-05,Standard Class,139710,United States,Los Angeles,California,90045,Chocolate,Pacific,CHO-NUT-13000,Wonka Bar - Nutty Crunch Surprise,10.47,3,7.47,3.0,Lot's O' Nuts,90.0
4976,US-2023-113243-CHO-TRI-54000,2025-10-06,2025-12-05,Standard Class,113243,United States,Los Angeles,California,90045,Chocolate,Pacific,CHO-TRI-54000,Wonka Bar - Triple Dazzle Caramel,15.0,4,9.8,5.2,Wicked Choccy's,60.0
4977,US-2023-113243-CHO-TRI-54000,2025-10-06,2025-12-05,Standard Class,113243,United States,Los Angeles,California,90045,Chocolate,Pacific,CHO-TRI-54000,Wonka Bar - Triple Dazzle Caramel,7.5,2,4.9,2.6,Wicked Choccy's,60.0
4978,US-2023-121993-CHO-FUD-51000,2025-10-06,2025-12-02,First Class,121993,United States,Philadelphia,Pennsylvania,19140,Chocolate,Atlantic,CHO-FUD-51000,Wonka Bar - Fudge Mallows,28.8,8,19.2,9.6,Lot's O' Nuts,57.0
4979,US-2023-113243-CHO-MIL-31000,2025-10-06,2025-12-05,Standard Class,113243,United States,Los Angeles,California,90045,Chocolate,Pacific,CHO-MIL-31000,Wonka Bar - Milk Chocolate,16.25,5,10.55,5.7,Wicked Choccy's,60.0
4980,US-2023-169922-CHO-MIL-31000,2025-11-06,2025-12-07,Standard Class,169922,United States,Arlington,Texas,76017,Chocolate,Interior,CHO-MIL-31000,Wonka Bar - Milk Chocolate,22.75,7,14.77,7.98,Wicked Choccy's,31.0
4981,US-2023-118745-CHO-MIL-31000,2025-11-06,2025-12-06,Standard Class,118745,United States,Los Angeles,California,90049,Chocolate,Pacific,CHO-MIL-31000,Wonka Bar - Milk Chocolate,9.75,3,6.33,3.42,Wicked Choccy's,30.0
4982,US-2023-169922-CHO-NUT-13000,2025-11-06,2025-12-07,Standard Class,169922,United States,Arlington,Texas,76017,Chocolate,Interior,CHO-NUT-13000,Wonka Bar - Nutty Crunch Surprise,13.96,4,9.96,4.0,Lot's O' Nuts,31.0
4983,US-2023-169922-CHO-SCR-58000,2025-11-06,2025-12-07,Standard Class,169922,United States,Arlington,Texas,76017,Chocolate,Interior,CHO-SCR-58000,Wonka Bar -Scrumdiddlyumptious,14.4,4,10.0,4.4,Lot's O' Nuts,31.0
4984,US-2023-142405-CHO-SCR-58000,2025-11-06,2025-12-05,Standard Class,142405,United States,Seattle,Washington,98103,Chocolate,Pacific,CHO-SCR-58000,Wonka Bar -Scrumdiddlyumptious,50.4,14,35.0,15.4,Lot's O' Nuts,29.0
4985,US-2023-142405-CHO-SCR-58000,2025-11-06,2025-12-05,Standard Class,142405,United States,Seattle,Washington,98103,Chocolate,Pacific,CHO-SCR-58000,Wonka Bar -Scrumdiddlyumptious,7.2,2,5.0,2.2,Lot's O' Nuts,29.0
4986,US-2023-127775-CHO-FUD-51000,2025-11-06,2025-12-03,Second Class,127775,United States,New York City,New York,10035,Chocolate,Atlantic,CHO-FUD-51000,Wonka Bar - Fudge Mallows,10.8,3,7.2,3.6,Lot's O' Nuts,27.0
4987,US-2023-142405-CHO-FUD-51000,2025-11-06,2025-12-05,Standard Class,142405,United States,Seattle,Washington,98103,Chocolate,Pacific,CHO-FUD-51000,Wonka Bar - Fudge Mallows,10.8,3,7.2,3.6,Lot's O' Nuts,29.0
4988,US-2023-120824-CHO-NUT-13000,2025-12-06,2025-12-06,Second Class,120824,United States,Houston,Texas,77070,Chocolate,Interior,CHO-NUT-13000,Wonka Bar - Nutty Crunch Surprise,6.98,2,4.98,2.0,Lot's O' Nuts,0.0
4989,US-2023-120824-CHO-SCR-58000,2025-12-06,2025-12-06,Second Class,120824,United States,Houston,Texas,77070,Chocolate,Interior,CHO-SCR-58000,Wonka Bar -Scrumdiddlyumptious,7.2,2,5.0,2.2,Lot's O' Nuts,0.0
4990,US-2023-103730-CHO-MIL-31000,2025-12-06,2026-12-05,First Class,103730,United States,Wilmington,Delaware,19805,Chocolate,Atlantic,CHO-MIL-31000,Wonka Bar - Milk Chocolate,9.75,3,6.33,3.42,Wicked Choccy's,364.0
4991,US-2023-120824-CHO-TRI-54000,2025-12-06,2025-12-06,Second Class,120824,United States,Houston,Texas,77070,Chocolate,Interior,CHO-TRI-54000,Wonka Bar - Triple Dazzle Caramel,15.0,4,9.8,5.2,Wicked Choccy's,0.0
4992,US-2023-127208-CHO-NUT-13000,2025-12-06,2026-12-05,First Class,127208,United States,Decatur,Alabama,35601,Chocolate,Gulf,CHO-NUT-13000,Wonka Bar - Nutty Crunch Surprise,3.49,1,2.49,1.0,Lot's O' Nuts,364.0
4993,US-2023-139941-CHO-FUD-51000,2025-12-06,2025-12-07,Standard Class,139941,United States,Long Beach,New York,11561,Chocolate,Atlantic,CHO-FUD-51000,Wonka Bar - Fudge Mallows,10.8,3,7.2,3.6,Lot's O' Nuts,1.0
4994,US-2023-120824-CHO-SCR-58000,2025-12-06,2025-12-06,Second Class,120824,United States,Houston,Texas,77070,Chocolate,Interior,CHO-SCR-58000,Wonka Bar -Scrumdiddlyumptious,28.8,8,20.0,8.8,Lot's O' Nuts,0.0
4995,US-2023-120824-CHO-SCR-58000,2025-12-06,2025-12-06,Second Class,120824,United States,Houston,Texas,77070,Chocolate,Interior,CHO-SCR-58000,Wonka Bar -Scrumdiddlyumptious,7.2,2,5.0,2.2,Lot's O' Nuts,0.0
4996,US-2023-127208-CHO-MIL-31000,2025-12-06,2026-12-05,First Class,127208,United States,Decatur,Alabama,35601,Chocolate,Gulf,CHO-MIL-31000,Wonka Bar - Milk Chocolate,9.75,3,6.33,3.42,Wicked Choccy's,364.0
4997,US-2023-103730-CHO-TRI-54000,2025-12-06,2026-12-05,First Class,103730,United States,Wilmington,Delaware,19805,Chocolate,Atlantic,CHO-TRI-54000,Wonka Bar - Triple Dazzle Caramel,15.0,4,9.8,5.2,Wicked Choccy's,364.0
4998,US-2023-103730-CHO-FUD-51000,2025-12-06,2026-12-05,First Class,103730,United States,Wilmington,Delaware,19805,Chocolate,Atlantic,CHO-FUD-51000,Wonka Bar - Fudge Mallows,32.4,9,21.6,10.8,Lot's O' Nuts,364.0
4999,US-2023-138688-CHO-SCR-58000,2025-12-06,2025-12-06,Second Class,138688,United States,Los Angeles,California,90036,Chocolate,Pacific,CHO-SCR-58000,Wonka Bar -Scrumdiddlyumptious,7.2,2,5.0,2.2,Lot's O' Nuts,0.0
5000,US-2023-120824-CHO-TRI-54000,2025-12-06,2025-12-06,Second Class,120824,United States,Houston,Texas,77070,Chocolate,Interior,CHO-TRI-54000,Wonka Bar - Triple Dazzle Caramel,11.25,3,7.35,3.9,Wicked Choccy's,0.0
5001,US-2023-139941-CHO-FUD-51000,2025-12-06,2025-12-07,Standard Class,139941,United States,Long Beach,New York,11561,Chocolate,Atlantic,CHO-FUD-51000,Wonka Bar - Fudge Mallows,10.8,3,7.2,3.6,Lot's O' Nuts,1.0
5002,US-2023-104633-CHO-FUD-51000,2025-12-06,2025-12-06,Standard Class,104633,United States,Pasadena,California,91104,Chocolate,Pacific,CHO-FUD-51000,Wonka Bar - Fudge Mallows,21.6,6,14.4,7.2,Lot's O' Nuts,0.0
5003,US-2023-147375-CHO-NUT-13000,2025-12-06,2026-12-04,Second Class,147375,United States,Chicago,Illinois,60623,Chocolate,Interior,CHO-NUT-13000,Wonka Bar - Nutty Crunch Surprise,24.43,7,17.43,7.0,Lot's O' Nuts,363.0
5004,US-2023-164035-CHO-SCR-58000,2025-12-06,2025-12-07,Standard Class,164035,United States,Chicago,Illinois,60610,Chocolate,Interior,CHO-SCR-58000,Wonka Bar -Scrumdiddlyumptious,18.0,5,12.5,5.5,Lot's O' Nuts,1.0
5005,US-2023-104633-CHO-MIL-31000,2025-12-06,2025-12-06,Standard Class,104633,United States,Pasadena,California,91104,Chocolate,Pacific,CHO-MIL-31000,Wonka Bar - Milk Chocolate,6.5,2,4.22,2.28,Wicked Choccy's,0.0
5006,US-2023-103730-CHO-FUD-51000,2025-12-06,2026-12-05,First Class,103730,United States,Wilmington,Delaware,19805,Chocolate,Atlantic,CHO-FUD-51000,Wonka Bar - Fudge Mallows,21.6,6,14.4,7.2,Lot's O' Nuts,364.0
5007,US-2023-120824-CHO-MIL-31000,2025-12-06,2025-12-06,Second Class,120824,United States,Houston,Texas,77070,Chocolate,Interior,CHO-MIL-31000,Wonka Bar - Milk Chocolate,29.25,9,18.99,10.26,Wicked Choccy's,0.0
5008,US-2023-147375-SUG-FUN-75000,2025-12-06,2026-12-04,Second Class,147375,United States,Chicago,Illinois,60623,Sugar,Interior,SUG-FUN-75000,Fun Dip,4.5,3,1.8,2.7,Sugar Shack,363.0
5009,US-2023-103730-CHO-NUT-13000,2025-12-06,2026-12-05,First Class,103730,United States,Wilmington,Delaware,19805,Chocolate,Atlantic,CHO-NUT-13000,Wonka Bar - Nutty Crunch Surprise,24.43,7,17.43,7.0,Lot's O' Nuts,364.0
5010,CA-2023-121465-CHO-SCR-58000,2025-12-06,2025-12-07,Standard Class,121465,Canada,Charlottetown,Prince Edward Island,C0A,Chocolate,Atlantic,CHO-SCR-58000,Wonka Bar -Scrumdiddlyumptious,10.8,3,7.5,3.3,Lot's O' Nuts,1.0
5011,CA-2023-121465-CHO-NUT-13000,2025-12-06,2025-12-07,Standard Class,121465,Canada,Charlottetown,Prince Edward Island,C0A,Chocolate,Atlantic,CHO-NUT-13000,Wonka Bar - Nutty Crunch Surprise,17.45,5,12.45,5.0,Lot's O' Nuts,1.0
5012,CA-2023-121465-CHO-MIL-31000,2025-12-06,2025-12-07,Standard Class,121465,Canada,Charlottetown,Prince Edward Island,C0A,Chocolate,Atlantic,CHO-MIL-31000,Wonka Bar - Milk Chocolate,19.5,6,12.66,6.84,Wicked Choccy's,1.0
5013,CA-2023-121465-CHO-MIL-31000,2025-12-06,2025-12-07,Standard Class,121465,Canada,Charlottetown,Prince Edward Island,C0A,Chocolate,Atlantic,CHO-MIL-31000,Wonka Bar - Milk Chocolate,6.5,2,4.22,2.28,Wicked Choccy's,1.0
5131,US-2023-158680-CHO-MIL-31000,2025-01-07,2025-12-22,First Class,158680,United States,Seattle,Washington,98115,Chocolate,Pacific,CHO-MIL-31000,Wonka Bar - Milk Chocolate,3.25,1,2.11,1.14,Wicked Choccy's,349.0
5132,US-2023-152163-CHO-TRI-54000,2025-01-07,2025-12-21,Same Day,152163,United States,Columbia,South Carolina,29203,Chocolate,Gulf,CHO-TRI-54000,Wonka Bar - Triple Dazzle Caramel,7.5,2,4.9,2.6,Wicked Choccy's,348.0
5133,US-2023-152163-CHO-FUD-51000,2025-01-07,2025-12-21,Same Day,152163,United States,Columbia,South Carolina,29203,Chocolate,Gulf,CHO-FUD-51000,Wonka Bar - Fudge Mallows,7.2,2,4.8,2.4,Lot's O' Nuts,348.0
5134,US-2023-126431-CHO-FUD-51000,2025-01-07,2025-12-21,Same Day,126431,United States,New York City,New York,10009,Chocolate,Atlantic,CHO-FUD-51000,Wonka Bar - Fudge Mallows,3.6,1,2.4,1.2,Lot's O' Nuts,348.0
5135,US-2023-152163-CHO-TRI-54000,2025-01-07,2025-12-21,Same Day,152163,United States,Columbia,South Carolina,29203,Chocolate,Gulf,CHO-TRI-54000,Wonka Bar - Triple Dazzle Caramel,7.5,2,4.9,2.6,Wicked Choccy's,348.0
5136,US-2023-126431-CHO-MIL-31000,2025-01-07,2025-12-21,Same Day,126431,United States,New York City,New York,10009,Chocolate,Atlantic,CHO-MIL-31000,Wonka Bar - Milk Chocolate,29.25,9,18.99,10.26,Wicked Choccy's,348.0
5137,US-2023-126431-CHO-FUD-51000,2025-01-07,2025-12-21,Same Day,126431,United States,New York City,New York,10009,Chocolate,Atlantic,CHO-FUD-51000,Wonka Bar - Fudge Mallows,10.8,3,7.2,3.6,Lot's O' Nuts,348.0
5138,US-2023-139997-CHO-MIL-31000,2025-01-07,2025-12-23,First Class,139997,United States,Lehi,Utah,84043,Chocolate,Pacific,CHO-MIL-31000,Wonka Bar - Milk Chocolate,16.25,5,10.55,5.7,Wicked Choccy's,350.0
5139,US-2023-102813-CHO-NUT-13000,2025-02-07,2025-12-23,First Class,102813,United States,Huntsville,Texas,77340,Chocolate,Interior,CHO-NUT-13000,Wonka Bar - Nutty Crunch Surprise,17.45,5,12.45,5.0,Lot's O' Nuts,319.0
5140,US-2023-149314-CHO-SCR-58000,2025-02-07,2025-12-27,Second Class,149314,United States,Los Angeles,California,90004,Chocolate,Pacific,CHO-SCR-58000,Wonka Bar -Scrumdiddlyumptious,3.6,1,2.5,1.1,Lot's O' Nuts,323.0
5141,US-2023-101469-CHO-MIL-31000,2025-02-07,2025-12-28,Standard Class,101469,United States,Arlington,Virginia,22204,Chocolate,Gulf,CHO-MIL-31000,Wonka Bar - Milk Chocolate,6.5,2,4.22,2.28,Wicked Choccy's,324.0
5142,US-2023-102813-CHO-SCR-58000,2025-02-07,2025-12-23,First Class,102813,United States,Huntsville,Texas,77340,Chocolate,Interior,CHO-SCR-58000,Wonka Bar -Scrumdiddlyumptious,28.8,8,20.0,8.8,Lot's O' Nuts,319.0
5143,US-2023-168543-CHO-MIL-31000,2025-03-07,2025-12-27,Standard Class,168543,United States,New York City,New York,10035,Chocolate,Atlantic,CHO-MIL-31000,Wonka Bar - Milk Chocolate,22.75,7,14.77,7.98,Wicked Choccy's,295.0
5144,US-2023-130029-CHO-TRI-54000,2025-03-07,2025-12-26,First Class,130029,United States,Los Angeles,California,90049,Chocolate,Pacific,CHO-TRI-54000,Wonka Bar - Triple Dazzle Caramel,7.5,2,4.9,2.6,Wicked Choccy's,294.0
5145,US-2023-104983-CHO-TRI-54000,2025-03-07,2025-12-23,Same Day,104983,United States,Philadelphia,Pennsylvania,19143,Chocolate,Atlantic,CHO-TRI-54000,Wonka Bar - Triple Dazzle Caramel,18.75,5,12.25,6.5,Wicked Choccy's,291.0
5146,US-2023-130029-CHO-NUT-13000,2025-03-07,2025-12-26,First Class,130029,United States,Los Angeles,California,90049,Chocolate,Pacific,CHO-NUT-13000,Wonka Bar - Nutty Crunch Surprise,6.98,2,4.98,2.0,Lot's O' Nuts,294.0
5147,US-2023-147137-CHO-FUD-51000,2025-04-07,2025-12-26,First Class,147137,United States,San Francisco,California,94109,Chocolate,Pacific,CHO-FUD-51000,Wonka Bar - Fudge Mallows,18.0,5,12.0,6.0,Lot's O' Nuts,263.0
5148,US-2023-147137-CHO-MIL-31000,2025-04-07,2025-12-26,First Class,147137,United States,San Francisco,California,94109,Chocolate,Pacific,CHO-MIL-31000,Wonka Bar - Milk Chocolate,16.25,5,10.55,5.7,Wicked Choccy's,263.0
5149,US-2023-103107-CHO-MIL-31000,2025-04-07,2025-12-24,Same Day,103107,United States,Seattle,Washington,98103,Chocolate,Pacific,CHO-MIL-31000,Wonka Bar - Milk Chocolate,16.25,5,10.55,5.7,Wicked Choccy's,261.0
5150,US-2023-147137-CHO-FUD-51000,2025-04-07,2025-12-26,First Class,147137,United States,San Francisco,California,94109,Chocolate,Pacific,CHO-FUD-51000,Wonka Bar - Fudge Mallows,7.2,2,4.8,2.4,Lot's O' Nuts,263.0
5151,US-2023-147137-CHO-NUT-13000,2025-04-07,2025-12-26,First Class,147137,United States,San Francisco,California,94109,Chocolate,Pacific,CHO-NUT-13000,Wonka Bar - Nutty Crunch Surprise,13.96,4,9.96,4.0,Lot's O' Nuts,263.0
5152,US-2023-103107-CHO-NUT-13000,2025-04-07,2025-12-24,Same Day,103107,United States,Seattle,Washington,98103,Chocolate,Pacific,CHO-NUT-13000,Wonka Bar - Nutty Crunch Surprise,10.47,3,7.47,3.0,Lot's O' Nuts,261.0
5153,US-2023-103107-CHO-MIL-31000,2025-04-07,2025-12-24,Same Day,103107,United States,Seattle,Washington,98103,Chocolate,Pacific,CHO-MIL-31000,Wonka Bar - Milk Chocolate,9.75,3,6.33,3.42,Wicked Choccy's,261.0
5154,US-2023-159940-CHO-SCR-58000,2025-07-07,2025-12-31,Second Class,159940,United States,Aurora,Illinois,60505,Chocolate,Interior,CHO-SCR-58000,Wonka Bar -Scrumdiddlyumptious,7.2,2,5.0,2.2,Lot's O' Nuts,177.0
5155,US-2023-135265-CHO-FUD-51000,2025-07-07,2025-12-29,Second Class,135265,United States,Los Angeles,California,90045,Chocolate,Pacific,CHO-FUD-51000,Wonka Bar - Fudge Mallows,14.4,4,9.6,4.8,Lot's O' Nuts,175.0
5156,US-2023-100965-CHO-FUD-51000,2025-07-07,2025-12-31,Standard Class,100965,United States,San Jose,California,95123,Chocolate,Pacific,CHO-FUD-51000,Wonka Bar - Fudge Mallows,18.0,5,12.0,6.0,Lot's O' Nuts,177.0
5157,US-2023-159940-CHO-FUD-51000,2025-07-07,2025-12-31,Second Class,159940,United States,Aurora,Illinois,60505,Chocolate,Interior,CHO-FUD-51000,Wonka Bar - Fudge Mallows,28.8,8,19.2,9.6,Lot's O' Nuts,177.0
5158,US-2023-106397-CHO-SCR-58000,2025-07-07,2026-01-02,Standard Class,106397,United States,Orem,Utah,84057,Chocolate,Pacific,CHO-SCR-58000,Wonka Bar -Scrumdiddlyumptious,7.2,2,5.0,2.2,Lot's O' Nuts,179.0
5159,US-2023-129308-CHO-SCR-58000,2025-07-07,2026-01-02,Standard Class,129308,United States,Philadelphia,Pennsylvania,19120,Chocolate,Atlantic,CHO-SCR-58000,Wonka Bar -Scrumdiddlyumptious,18.0,5,12.5,5.5,Lot's O' Nuts,179.0
5160,US-2023-129308-CHO-SCR-58000,2025-07-07,2026-01-02,Standard Class,129308,United States,Philadelphia,Pennsylvania,19120,Chocolate,Atlantic,CHO-SCR-58000,Wonka Bar -Scrumdiddlyumptious,18.0,5,12.5,5.5,Lot's O' Nuts,179.0
5161,US-2023-159940-CHO-FUD-51000,2025-07-07,2025-12-31,Second Class,159940,United States,Aurora,Illinois,60505,Chocolate,Interior,CHO-FUD-51000,Wonka Bar - Fudge Mallows,3.6,1,2.4,1.2,Lot's O' Nuts,177.0
5162,US-2023-129308-OTH-GUM-21000,2025-07-07,2026-01-02,Standard Class,129308,United States,Philadelphia,Pennsylvania,19120,Other,Atlantic,OTH-GUM-21000,Wonka Gum,2.5,2,1.3,1.2,Secret Factory,179.0
5163,US-2023-159940-CHO-NUT-13000,2025-07-07,2025-12-31,Second Class,159940,United States,Aurora,Illinois,60505,Chocolate,Interior,CHO-NUT-13000,Wonka Bar - Nutty Crunch Surprise,31.41,9,22.41,9.0,Lot's O' Nuts,177.0
5164,US-2023-135265-CHO-TRI-54000,2025-07-07,2025-12-29,Second Class,135265,United States,Los Angeles,California,90045,Chocolate,Pacific,CHO-TRI-54000,Wonka Bar - Triple Dazzle Caramel,3.75,1,2.45,1.3,Wicked Choccy's,175.0
5165,US-2023-106397-CHO-MIL-31000,2025-07-07,2026-01-02,Standard Class,106397,United States,Orem,Utah,84057,Chocolate,Pacific,CHO-MIL-31000,Wonka Bar - Milk Chocolate,6.5,2,4.22,2.28,Wicked Choccy's,179.0
5166,US-2023-114713-CHO-FUD-51000,2025-07-07,2026-01-01,Standard Class,114713,United States,Hialeah,Florida,33012,Chocolate,Gulf,CHO-FUD-51000,Wonka Bar - Fudge Mallows,25.2,7,16.8,8.4,Lot's O' Nuts,178.0
5167,US-2023-135265-CHO-NUT-13000,2025-07-07,2025-12-29,Second Class,135265,United States,Los Angeles,California,90045,Chocolate,Pacific,CHO-NUT-13000,Wonka Bar - Nutty Crunch Surprise,17.45,5,12.45,5.0,Lot's O' Nuts,175.0
5168,US-2023-129308-CHO-MIL-31000,2025-07-07,2026-01-02,Standard Class,129308,United States,Philadelphia,Pennsylvania,19120,Chocolate,Atlantic,CHO-MIL-31000,Wonka Bar - Milk Chocolate,3.25,1,2.11,1.14,Wicked Choccy's,179.0
5169,US-2023-112109-CHO-MIL-31000,2025-08-07,2026-01-01,Standard Class,112109,United States,Broomfield,Colorado,80020,Chocolate,Pacific,CHO-MIL-31000,Wonka Bar - Milk Chocolate,9.75,3,6.33,3.42,Wicked Choccy's,147.0
5170,US-2023-156685-CHO-TRI-54000,2025-08-07,2025-12-30,Second Class,156685,United States,Arlington,Texas,76017,Chocolate,Interior,CHO-TRI-54000,Wonka Bar - Triple Dazzle Caramel,11.25,3,7.35,3.9,Wicked Choccy's,145.0
5171,US-2023-112109-CHO-TRI-54000,2025-08-07,2026-01-01,Standard Class,112109,United States,Broomfield,Colorado,80020,Chocolate,Pacific,CHO-TRI-54000,Wonka Bar - Triple Dazzle Caramel,15.0,4,9.8,5.2,Wicked Choccy's,147.0
5172,US-2023-112109-CHO-MIL-31000,2025-08-07,2026-01-01,Standard Class,112109,United States,Broomfield,Colorado,80020,Chocolate,Pacific,CHO-MIL-31000,Wonka Bar - Milk Chocolate,6.5,2,4.22,2.28,Wicked Choccy's,147.0
5173,US-2023-155474-CHO-NUT-13000,2025-08-07,2026-01-03,Standard Class,155474,United States,Seattle,Washington,98105,Chocolate,Pacific,CHO-NUT-13000,Wonka Bar - Nutty Crunch Surprise,10.47,3,7.47,3.0,Lot's O' Nuts,149.0
5174,US-2023-152520-CHO-SCR-58000,2025-08-07,2026-01-01,Standard Class,152520,United States,Providence,Rhode Island,2908,Chocolate,Atlantic,CHO-SCR-58000,Wonka Bar -Scrumdiddlyumptious,7.2,2,5.0,2.2,Lot's O' Nuts,147.0
5175,US-2023-152471-CHO-TRI-54000,2025-08-07,2025-12-28,Same Day,152471,United States,Jacksonville,Florida,32216,Chocolate,Gulf,CHO-TRI-54000,Wonka Bar - Triple Dazzle Caramel,7.5,2,4.9,2.6,Wicked Choccy's,143.0
5176,US-2023-112109-CHO-MIL-31000,2025-08-07,2026-01-01,Standard Class,112109,United States,Broomfield,Colorado,80020,Chocolate,Pacific,CHO-MIL-31000,Wonka Bar - Milk Chocolate,22.75,7,14.77,7.98,Wicked Choccy's,147.0
5177,US-2023-155474-CHO-MIL-31000,2025-08-07,2026-01-03,Standard Class,155474,United States,Seattle,Washington,98105,Chocolate,Pacific,CHO-MIL-31000,Wonka Bar - Milk Chocolate,3.25,1,2.11,1.14,Wicked Choccy's,149.0
5178,US-2023-152471-CHO-TRI-54000,2025-08-07,2025-12-28,Same Day,152471,United States,Jacksonville,Florida,32216,Chocolate,Gulf,CHO-TRI-54000,Wonka Bar - Triple Dazzle Caramel,18.75,5,12.25,6.5,Wicked Choccy's,143.0
5179,US-2023-156685-CHO-NUT-13000,2025-08-07,2025-12-30,Second Class,156685,United States,Arlington,Texas,76017,Chocolate,Interior,CHO-NUT-13000,Wonka Bar - Nutty Crunch Surprise,31.41,9,22.41,9.0,Lot's O' Nuts,145.0
5180,CA-2023-112109-CHO-MIL-31000,2025-08-07,2026-01-01,Standard Class,112109,Canada,Winnipeg,Manitoba,R0H,Chocolate,Interior,CHO-MIL-31000,Wonka Bar - Milk Chocolate,9.75,3,6.33,3.42,Wicked Choccy's,147.0
5181,CA-2023-112109-CHO-TRI-54000,2025-08-07,2026-01-01,Standard Class,112109,Canada,Winnipeg,Manitoba,R0H,Chocolate,Interior,CHO-TRI-54000,Wonka Bar - Triple Dazzle Caramel,33.75,9,22.05,11.7,Wicked Choccy's,147.0
5182,CA-2023-112109-CHO-MIL-31000,2025-08-07,2026-01-01,Standard Class,112109,Canada,Winnipeg,Manitoba,R0H,Chocolate,Interior,CHO-MIL-31000,Wonka Bar - Milk Chocolate,3.25,1,2.11,1.14,Wicked Choccy's,147.0
5183,CA-2023-112109-CHO-MIL-31000,2025-08-07,2026-01-01,Standard Class,112109,Canada,Winnipeg,Manitoba,R0H,Chocolate,Interior,CHO-MIL-31000,Wonka Bar - Milk Chocolate,9.75,3,6.33,3.42,Wicked Choccy's,147.0
5184,US-2023-136329-CHO-SCR-58000,2025-09-07,2026-01-02,Standard Class,136329,United States,New York City,New York,10035,Chocolate,Atlantic,CHO-SCR-58000,Wonka Bar -Scrumdiddlyumptious,7.2,2,5.0,2.2,Lot's O' Nuts,117.0
5185,US-2023-136329-CHO-FUD-51000,2025-09-07,2026-01-02,Standard Class,136329,United States,New York City,New York,10035,Chocolate,Atlantic,CHO-FUD-51000,Wonka Bar - Fudge Mallows,14.4,4,9.6,4.8,Lot's O' Nuts,117.0
5186,US-2023-131149-CHO-MIL-31000,2025-10-07,2026-01-03,Standard Class,131149,United States,Dallas,Texas,75081,Chocolate,Interior,CHO-MIL-31000,Wonka Bar - Milk Chocolate,13.0,4,8.44,4.56,Wicked Choccy's,88.0
5187,US-2023-134222-CHO-NUT-13000,2025-10-07,2025-12-31,Same Day,134222,United States,Yuma,Arizona,85364,Chocolate,Pacific,CHO-NUT-13000,Wonka Bar - Nutty Crunch Surprise,20.94,6,14.94,6.0,Lot's O' Nuts,85.0
5188,US-2023-131149-CHO-SCR-58000,2025-10-07,2026-01-03,Standard Class,131149,United States,Dallas,Texas,75081,Chocolate,Interior,CHO-SCR-58000,Wonka Bar -Scrumdiddlyumptious,10.8,3,7.5,3.3,Lot's O' Nuts,88.0
5189,US-2023-126613-CHO-TRI-54000,2025-10-07,2026-01-05,Standard Class,126613,United States,Mesa,Arizona,85204,Chocolate,Pacific,CHO-TRI-54000,Wonka Bar - Triple Dazzle Caramel,7.5,2,4.9,2.6,Wicked Choccy's,90.0
5190,US-2023-164924-OTH-LIC-15000,2025-10-07,2025-12-30,Same Day,164924,United States,Philadelphia,Pennsylvania,19143,Other,Atlantic,OTH-LIC-15000,Lickable Wallpaper,60.0,3,30.0,30.0,Secret Factory,84.0
5191,US-2023-103891-CHO-MIL-31000,2025-12-07,2026-01-08,Standard Class,103891,United States,Los Angeles,California,90008,Chocolate,Pacific,CHO-MIL-31000,Wonka Bar - Milk Chocolate,19.5,6,12.66,6.84,Wicked Choccy's,32.0
5336,US-2023-132990-CHO-MIL-31000,2025-01-08,2025-01-23,Second Class,132990,United States,Philadelphia,Pennsylvania,19140,Chocolate,Atlantic,CHO-MIL-31000,Wonka Bar - Milk Chocolate,6.5,2,4.22,2.28,Wicked Choccy's,15.0
5337,US-2023-155978-CHO-SCR-58000,2025-01-08,2025-01-21,Same Day,155978,United States,Riverside,California,92503,Chocolate,Pacific,CHO-SCR-58000,Wonka Bar -Scrumdiddlyumptious,7.2,2,5.0,2.2,Lot's O' Nuts,13.0
5338,US-2023-144337-CHO-MIL-31000,2025-01-08,2025-01-25,Second Class,144337,United States,Amarillo,Texas,79109,Chocolate,Interior,CHO-MIL-31000,Wonka Bar - Milk Chocolate,6.5,2,4.22,2.28,Wicked Choccy's,17.0
5339,US-2023-155978-CHO-FUD-51000,2025-01-08,2025-01-21,Same Day,155978,United States,Riverside,California,92503,Chocolate,Pacific,CHO-FUD-51000,Wonka Bar - Fudge Mallows,7.2,2,4.8,2.4,Lot's O' Nuts,13.0
5340,US-2023-156265-OTH-GUM-21000,2025-02-08,2026-01-24,Second Class,156265,United States,Los Angeles,California,90032,Other,Pacific,OTH-GUM-21000,Wonka Gum,2.5,2,1.3,1.2,Secret Factory,350.0
5341,US-2023-156265-CHO-TRI-54000,2025-02-08,2026-01-24,Second Class,156265,United States,Los Angeles,California,90032,Chocolate,Pacific,CHO-TRI-54000,Wonka Bar - Triple Dazzle Caramel,7.5,2,4.9,2.6,Wicked Choccy's,350.0
5342,US-2023-156265-CHO-FUD-51000,2025-02-08,2026-01-24,Second Class,156265,United States,Los Angeles,California,90032,Chocolate,Pacific,CHO-FUD-51000,Wonka Bar - Fudge Mallows,10.8,3,7.2,3.6,Lot's O' Nuts,350.0
5343,US-2023-104150-CHO-TRI-54000,2025-03-08,2026-01-25,Second Class,104150,United States,Tulsa,Oklahoma,74133,Chocolate,Interior,CHO-TRI-54000,Wonka Bar - Triple Dazzle Caramel,11.25,3,7.35,3.9,Wicked Choccy's,323.0
5344,US-2023-104150-CHO-TRI-54000,2025-03-08,2026-01-25,Second Class,104150,United States,Tulsa,Oklahoma,74133,Chocolate,Interior,CHO-TRI-54000,Wonka Bar - Triple Dazzle Caramel,45.0,12,29.4,15.6,Wicked Choccy's,323.0
5345,US-2023-110254-CHO-TRI-54000,2025-04-08,2026-01-28,Standard Class,110254,United States,Suffolk,Virginia,23434,Chocolate,Gulf,CHO-TRI-54000,Wonka Bar - Triple Dazzle Caramel,33.75,9,22.05,11.7,Wicked Choccy's,295.0
5346,US-2023-111913-CHO-MIL-31000,2025-04-08,2026-01-26,Second Class,111913,United States,Sacramento,California,95823,Chocolate,Pacific,CHO-MIL-31000,Wonka Bar - Milk Chocolate,9.75,3,6.33,3.42,Wicked Choccy's,293.0
5347,US-2023-128195-CHO-TRI-54000,2025-04-08,2026-01-25,First Class,128195,United States,Peoria,Illinois,61604,Chocolate,Interior,CHO-TRI-54000,Wonka Bar - Triple Dazzle Caramel,18.75,5,12.25,6.5,Wicked Choccy's,292.0
5348,US-2023-111913-CHO-MIL-31000,2025-04-08,2026-01-26,Second Class,111913,United States,Sacramento,California,95823,Chocolate,Pacific,CHO-MIL-31000,Wonka Bar - Milk Chocolate,9.75,3,6.33,3.42,Wicked Choccy's,293.0
5349,US-2023-110254-CHO-NUT-13000,2025-04-08,2026-01-28,Standard Class,110254,United States,Suffolk,Virginia,23434,Chocolate,Gulf,CHO-NUT-13000,Wonka Bar - Nutty Crunch Surprise,6.98,2,4.98,2.0,Lot's O' Nuts,295.0
5350,US-2023-110254-CHO-TRI-54000,2025-04-08,2026-01-28,Standard Class,110254,United States,Suffolk,Virginia,23434,Chocolate,Gulf,CHO-TRI-54000,Wonka Bar - Triple Dazzle Caramel,3.75,1,2.45,1.3,Wicked Choccy's,295.0
5351,US-2023-110254-CHO-SCR-58000,2025-04-08,2026-01-28,Standard Class,110254,United States,Suffolk,Virginia,23434,Chocolate,Gulf,CHO-SCR-58000,Wonka Bar -Scrumdiddlyumptious,7.2,2,5.0,2.2,Lot's O' Nuts,295.0
5352,US-2023-111913-CHO-TRI-54000,2025-04-08,2026-01-26,Second Class,111913,United States,Sacramento,California,95823,Chocolate,Pacific,CHO-TRI-54000,Wonka Bar - Triple Dazzle Caramel,7.5,2,4.9,2.6,Wicked Choccy's,293.0
5353,US-2023-102232-OTH-KAZ-38000,2025-05-08,2026-01-31,Standard Class,102232,United States,Huntsville,Alabama,35810,Other,Gulf,OTH-KAZ-38000,Kazookles,22.75,7,1.75,21.0,Secret Factory,268.0
5354,US-2023-105263-CHO-MIL-31000,2025-06-08,2026-01-31,Standard Class,105263,United States,New York City,New York,10024,Chocolate,Atlantic,CHO-MIL-31000,Wonka Bar - Milk Chocolate,29.25,9,18.99,10.26,Wicked Choccy's,237.0
5355,US-2023-158869-CHO-FUD-51000,2025-06-08,2026-01-27,First Class,158869,United States,New York City,New York,10024,Chocolate,Atlantic,CHO-FUD-51000,Wonka Bar - Fudge Mallows,7.2,2,4.8,2.4,Lot's O' Nuts,233.0
5356,US-2023-151092-CHO-SCR-58000,2025-06-08,2026-02-02,Standard Class,151092,United States,Los Angeles,California,90032,Chocolate,Pacific,CHO-SCR-58000,Wonka Bar -Scrumdiddlyumptious,14.4,4,10.0,4.4,Lot's O' Nuts,239.0
5357,US-2023-148516-CHO-FUD-51000,2025-07-08,2026-01-31,Standard Class,148516,United States,Edmonds,Washington,98026,Chocolate,Pacific,CHO-FUD-51000,Wonka Bar - Fudge Mallows,10.8,3,7.2,3.6,Lot's O' Nuts,207.0
5358,US-2023-107328-CHO-SCR-58000,2025-08-08,2026-02-04,Standard Class,107328,United States,Los Angeles,California,90036,Chocolate,Pacific,CHO-SCR-58000,Wonka Bar -Scrumdiddlyumptious,7.2,2,5.0,2.2,Lot's O' Nuts,180.0
5359,US-2023-107328-CHO-SCR-58000,2025-08-08,2026-02-04,Standard Class,107328,United States,Los Angeles,California,90036,Chocolate,Pacific,CHO-SCR-58000,Wonka Bar -Scrumdiddlyumptious,21.6,6,15.0,6.6,Lot's O' Nuts,180.0
5360,US-2023-107328-CHO-SCR-58000,2025-08-08,2026-02-04,Standard Class,107328,United States,Los Angeles,California,90036,Chocolate,Pacific,CHO-SCR-58000,Wonka Bar -Scrumdiddlyumptious,18.0,5,12.5,5.5,Lot's O' Nuts,180.0
5361,US-2023-121034-CHO-FUD-51000,2025-08-08,2026-01-30,Second Class,121034,United States,Dallas,Texas,75081,Chocolate,Interior,CHO-FUD-51000,Wonka Bar - Fudge Mallows,14.4,4,9.6,4.8,Lot's O' Nuts,175.0
5362,US-2023-169026-CHO-MIL-31000,2025-08-08,2026-02-02,Standard Class,169026,United States,Jackson,Mississippi,39212,Chocolate,Gulf,CHO-MIL-31000,Wonka Bar - Milk Chocolate,9.75,3,6.33,3.42,Wicked Choccy's,178.0
5363,US-2023-121034-CHO-FUD-51000,2025-08-08,2026-01-30,Second Class,121034,United States,Dallas,Texas,75081,Chocolate,Interior,CHO-FUD-51000,Wonka Bar - Fudge Mallows,10.8,3,7.2,3.6,Lot's O' Nuts,175.0
5364,US-2023-130078-CHO-NUT-13000,2025-08-08,2026-02-03,Standard Class,130078,United States,Oklahoma City,Oklahoma,73120,Chocolate,Interior,CHO-NUT-13000,Wonka Bar - Nutty Crunch Surprise,6.98,2,4.98,2.0,Lot's O' Nuts,179.0
5365,CA-2023-129322-CHO-FUD-51000,2025-08-08,2026-01-30,Second Class,129322,Canada,Toronto,Ontario,M5H,Chocolate,Atlantic,CHO-FUD-51000,Wonka Bar - Fudge Mallows,7.2,2,4.8,2.4,Lot's O' Nuts,175.0
5366,CA-2023-129322-CHO-SCR-58000,2025-08-08,2026-01-30,Second Class,129322,Canada,Toronto,Ontario,M5H,Chocolate,Atlantic,CHO-SCR-58000,Wonka Bar -Scrumdiddlyumptious,7.2,2,5.0,2.2,Lot's O' Nuts,175.0
5367,CA-2023-129322-CHO-TRI-54000,2025-08-08,2026-01-30,Second Class,129322,Canada,Toronto,Ontario,M5H,Chocolate,Atlantic,CHO-TRI-54000,Wonka Bar - Triple Dazzle Caramel,26.25,7,17.15,9.1,Wicked Choccy's,175.0
5368,US-2023-113649-CHO-SCR-58000,2025-09-08,2026-02-01,First Class,113649,United States,Fayetteville,North Carolina,28314,Chocolate,Gulf,CHO-SCR-58000,Wonka Bar -Scrumdiddlyumptious,14.4,4,10.0,4.4,Lot's O' Nuts,146.0
5369,US-2023-118934-CHO-FUD-51000,2025-09-08,2026-02-03,Standard Class,118934,United States,Hendersonville,Tennessee,37075,Chocolate,Gulf,CHO-FUD-51000,Wonka Bar - Fudge Mallows,10.8,3,7.2,3.6,Lot's O' Nuts,148.0
5370,US-2023-118934-CHO-TRI-54000,2025-09-08,2026-02-03,Standard Class,118934,United States,Hendersonville,Tennessee,37075,Chocolate,Gulf,CHO-TRI-54000,Wonka Bar - Triple Dazzle Caramel,18.75,5,12.25,6.5,Wicked Choccy's,148.0
5371,US-2023-113649-CHO-TRI-54000,2025-09-08,2026-02-01,First Class,113649,United States,Fayetteville,North Carolina,28314,Chocolate,Gulf,CHO-TRI-54000,Wonka Bar - Triple Dazzle Caramel,33.75,9,22.05,11.7,Wicked Choccy's,146.0
5372,US-2023-113649-CHO-SCR-58000,2025-09-08,2026-02-01,First Class,113649,United States,Fayetteville,North Carolina,28314,Chocolate,Gulf,CHO-SCR-58000,Wonka Bar -Scrumdiddlyumptious,7.2,2,5.0,2.2,Lot's O' Nuts,146.0
5373,US-2023-128671-CHO-NUT-13000,2025-11-08,2026-02-05,Standard Class,128671,United States,Tulsa,Oklahoma,74133,Chocolate,Interior,CHO-NUT-13000,Wonka Bar - Nutty Crunch Surprise,6.98,2,4.98,2.0,Lot's O' Nuts,89.0
5374,US-2023-128671-CHO-NUT-13000,2025-11-08,2026-02-05,Standard Class,128671,United States,Tulsa,Oklahoma,74133,Chocolate,Interior,CHO-NUT-13000,Wonka Bar - Nutty Crunch Surprise,24.43,7,17.43,7.0,Lot's O' Nuts,89.0
5375,US-2023-128671-CHO-SCR-58000,2025-11-08,2026-02-05,Standard Class,128671,United States,Tulsa,Oklahoma,74133,Chocolate,Interior,CHO-SCR-58000,Wonka Bar -Scrumdiddlyumptious,18.0,5,12.5,5.5,Lot's O' Nuts,89.0
5376,US-2023-143910-CHO-SCR-58000,2025-12-08,2026-02-05,Standard Class,143910,United States,New York City,New York,10011,Chocolate,Atlantic,CHO-SCR-58000,Wonka Bar -Scrumdiddlyumptious,7.2,2,5.0,2.2,Lot's O' Nuts,59.0
5377,US-2023-105459-CHO-MIL-31000,2025-12-08,2026-02-06,Second Class,105459,United States,New York City,New York,10024,Chocolate,Atlantic,CHO-MIL-31000,Wonka Bar - Milk Chocolate,6.5,2,4.22,2.28,Wicked Choccy's,60.0
5378,US-2023-118073-CHO-TRI-54000,2025-12-08,2026-02-05,Standard Class,118073,United States,Lakeland,Florida,33801,Chocolate,Gulf,CHO-TRI-54000,Wonka Bar - Triple Dazzle Caramel,26.25,7,17.15,9.1,Wicked Choccy's,59.0
5379,US-2023-144477-CHO-TRI-54000,2025-12-08,2026-02-03,Second Class,144477,United States,Philadelphia,Pennsylvania,19134,Chocolate,Atlantic,CHO-TRI-54000,Wonka Bar - Triple Dazzle Caramel,15.0,4,9.8,5.2,Wicked Choccy's,57.0
5380,US-2023-167584-CHO-TRI-54000,2025-12-08,2026-02-01,Same Day,167584,United States,Des Moines,Iowa,50315,Chocolate,Interior,CHO-TRI-54000,Wonka Bar - Triple Dazzle Caramel,3.75,1,2.45,1.3,Wicked Choccy's,55.0
5381,US-2023-105459-CHO-NUT-13000,2025-12-08,2026-02-06,Second Class,105459,United States,New York City,New York,10024,Chocolate,Atlantic,CHO-NUT-13000,Wonka Bar - Nutty Crunch Surprise,20.94,6,14.94,6.0,Lot's O' Nuts,60.0
5382,US-2023-155845-CHO-NUT-13000,2025-12-08,2026-02-04,Second Class,155845,United States,Carrollton,Texas,75007,Chocolate,Interior,CHO-NUT-13000,Wonka Bar - Nutty Crunch Surprise,24.43,7,17.43,7.0,Lot's O' Nuts,58.0
5515,US-2023-151561-CHO-MIL-31000,2025-01-09,2025-02-27,Standard Class,151561,United States,New York City,New York,10011,Chocolate,Atlantic,CHO-MIL-31000,Wonka Bar - Milk Chocolate,9.75,3,6.33,3.42,Wicked Choccy's,49.0
5516,US-2023-116526-CHO-NUT-13000,2025-01-09,2025-02-25,Standard Class,116526,United States,Detroit,Michigan,48227,Chocolate,Interior,CHO-NUT-13000,Wonka Bar - Nutty Crunch Surprise,13.96,4,9.96,4.0,Lot's O' Nuts,47.0
5517,US-2023-116526-CHO-NUT-13000,2025-01-09,2025-02-25,Standard Class,116526,United States,Detroit,Michigan,48227,Chocolate,Interior,CHO-NUT-13000,Wonka Bar - Nutty Crunch Surprise,6.98,2,4.98,2.0,Lot's O' Nuts,47.0
5518,US-2023-116526-CHO-SCR-58000,2025-01-09,2025-02-25,Standard Class,116526,United States,Detroit,Michigan,48227,Chocolate,Interior,CHO-SCR-58000,Wonka Bar -Scrumdiddlyumptious,14.4,4,10.0,4.4,Lot's O' Nuts,47.0
5519,US-2023-116526-CHO-MIL-31000,2025-01-09,2025-02-25,Standard Class,116526,United States,Detroit,Michigan,48227,Chocolate,Interior,CHO-MIL-31000,Wonka Bar - Milk Chocolate,16.25,5,10.55,5.7,Wicked Choccy's,47.0
5520,US-2023-129714-CHO-SCR-58000,2025-01-09,2025-02-23,First Class,129714,United States,New York City,New York,10009,Chocolate,Atlantic,CHO-SCR-58000,Wonka Bar -Scrumdiddlyumptious,3.6,1,2.5,1.1,Lot's O' Nuts,45.0
5521,US-2023-116526-CHO-SCR-58000,2025-01-09,2025-02-25,Standard Class,116526,United States,Detroit,Michigan,48227,Chocolate,Interior,CHO-SCR-58000,Wonka Bar -Scrumdiddlyumptious,18.0,5,12.5,5.5,Lot's O' Nuts,47.0
5522,US-2023-129714-CHO-FUD-51000,2025-01-09,2025-02-23,First Class,129714,United States,New York City,New York,10009,Chocolate,Atlantic,CHO-FUD-51000,Wonka Bar - Fudge Mallows,14.4,4,9.6,4.8,Lot's O' Nuts,45.0
5523,US-2023-120859-CHO-FUD-51000,2025-01-09,2025-02-24,First Class,120859,United States,San Francisco,California,94110,Chocolate,Pacific,CHO-FUD-51000,Wonka Bar - Fudge Mallows,7.2,2,4.8,2.4,Lot's O' Nuts,46.0
5524,US-2023-124583-CHO-FUD-51000,2025-01-09,2025-02-23,Second Class,124583,United States,Huntington Beach,California,92646,Chocolate,Pacific,CHO-FUD-51000,Wonka Bar - Fudge Mallows,3.6,1,2.4,1.2,Lot's O' Nuts,45.0
5525,US-2023-155481-OTH-LIC-15000,2025-01-09,2025-02-25,Standard Class,155481,United States,Philadelphia,Pennsylvania,19140,Other,Atlantic,OTH-LIC-15000,Lickable Wallpaper,140.0,7,70.0,70.0,Secret Factory,47.0
5526,US-2023-129714-CHO-NUT-13000,2025-01-09,2025-02-23,First Class,129714,United States,New York City,New York,10009,Chocolate,Atlantic,CHO-NUT-13000,Wonka Bar - Nutty Crunch Surprise,6.98,2,4.98,2.0,Lot's O' Nuts,45.0
5527,US-2023-129714-CHO-NUT-13000,2025-01-09,2025-02-23,First Class,129714,United States,New York City,New York,10009,Chocolate,Atlantic,CHO-NUT-13000,Wonka Bar - Nutty Crunch Surprise,13.96,4,9.96,4.0,Lot's O' Nuts,45.0
5528,US-2023-155481-CHO-MIL-31000,2025-01-09,2025-02-25,Standard Class,155481,United States,Philadelphia,Pennsylvania,19140,Chocolate,Atlantic,CHO-MIL-31000,Wonka Bar - Milk Chocolate,19.5,6,12.66,6.84,Wicked Choccy's,47.0
5529,US-2023-151561-CHO-MIL-31000,2025-01-09,2025-02-27,Standard Class,151561,United States,New York City,New York,10011,Chocolate,Atlantic,CHO-MIL-31000,Wonka Bar - Milk Chocolate,9.75,3,6.33,3.42,Wicked Choccy's,49.0
5530,US-2023-129714-CHO-TRI-54000,2025-01-09,2025-02-23,First Class,129714,United States,New York City,New York,10009,Chocolate,Atlantic,CHO-TRI-54000,Wonka Bar - Triple Dazzle Caramel,3.75,1,2.45,1.3,Wicked Choccy's,45.0
5531,US-2023-151561-CHO-SCR-58000,2025-01-09,2025-02-27,Standard Class,151561,United States,New York City,New York,10011,Chocolate,Atlantic,CHO-SCR-58000,Wonka Bar -Scrumdiddlyumptious,21.6,6,15.0,6.6,Lot's O' Nuts,49.0
5532,US-2023-151561-CHO-MIL-31000,2025-01-09,2025-02-27,Standard Class,151561,United States,New York City,New York,10011,Chocolate,Atlantic,CHO-MIL-31000,Wonka Bar - Milk Chocolate,6.5,2,4.22,2.28,Wicked Choccy's,49.0
5533,US-2023-155481-CHO-NUT-13000,2025-01-09,2025-02-25,Standard Class,155481,United States,Philadelphia,Pennsylvania,19140,Chocolate,Atlantic,CHO-NUT-13000,Wonka Bar - Nutty Crunch Surprise,6.98,2,4.98,2.0,Lot's O' Nuts,47.0
5534,US-2023-116526-CHO-TRI-54000,2025-01-09,2025-02-25,Standard Class,116526,United States,Detroit,Michigan,48227,Chocolate,Interior,CHO-TRI-54000,Wonka Bar - Triple Dazzle Caramel,3.75,1,2.45,1.3,Wicked Choccy's,47.0
5535,US-2023-106278-CHO-FUD-51000,2025-02-09,2025-02-25,Second Class,106278,United States,Des Moines,Washington,98198,Chocolate,Pacific,CHO-FUD-51000,Wonka Bar - Fudge Mallows,10.8,3,7.2,3.6,Lot's O' Nuts,16.0
5536,US-2023-129847-CHO-SCR-58000,2025-02-09,2025-02-24,First Class,129847,United States,Chicago,Illinois,60653,Chocolate,Interior,CHO-SCR-58000,Wonka Bar -Scrumdiddlyumptious,7.2,2,5.0,2.2,Lot's O' Nuts,15.0
5537,US-2023-126732-CHO-TRI-54000,2025-02-09,2025-02-26,Standard Class,126732,United States,Los Angeles,California,90036,Chocolate,Pacific,CHO-TRI-54000,Wonka Bar - Triple Dazzle Caramel,33.75,9,22.05,11.7,Wicked Choccy's,17.0
5538,US-2023-130407-CHO-NUT-13000,2025-02-09,2025-02-26,Standard Class,130407,United States,New York City,New York,10024,Chocolate,Atlantic,CHO-NUT-13000,Wonka Bar - Nutty Crunch Surprise,6.98,2,4.98,2.0,Lot's O' Nuts,17.0
5539,US-2023-126732-CHO-SCR-58000,2025-02-09,2025-02-26,Standard Class,126732,United States,Los Angeles,California,90036,Chocolate,Pacific,CHO-SCR-58000,Wonka Bar -Scrumdiddlyumptious,10.8,3,7.5,3.3,Lot's O' Nuts,17.0
5540,US-2023-106950-CHO-SCR-58000,2025-02-09,2025-02-26,Standard Class,106950,United States,Charlotte,North Carolina,28205,Chocolate,Gulf,CHO-SCR-58000,Wonka Bar -Scrumdiddlyumptious,10.8,3,7.5,3.3,Lot's O' Nuts,17.0
5541,US-2023-106950-CHO-MIL-31000,2025-02-09,2025-02-26,Standard Class,106950,United States,Charlotte,North Carolina,28205,Chocolate,Gulf,CHO-MIL-31000,Wonka Bar - Milk Chocolate,29.25,9,18.99,10.26,Wicked Choccy's,17.0
5542,US-2023-130407-CHO-SCR-58000,2025-02-09,2025-02-26,Standard Class,130407,United States,New York City,New York,10024,Chocolate,Atlantic,CHO-SCR-58000,Wonka Bar -Scrumdiddlyumptious,7.2,2,5.0,2.2,Lot's O' Nuts,17.0
5543,US-2023-106950-CHO-FUD-51000,2025-02-09,2025-02-26,Standard Class,106950,United States,Charlotte,North Carolina,28205,Chocolate,Gulf,CHO-FUD-51000,Wonka Bar - Fudge Mallows,14.4,4,9.6,4.8,Lot's O' Nuts,17.0
5544,US-2023-126732-CHO-MIL-31000,2025-02-09,2025-02-26,Standard Class,126732,United States,Los Angeles,California,90036,Chocolate,Pacific,CHO-MIL-31000,Wonka Bar - Milk Chocolate,22.75,7,14.77,7.98,Wicked Choccy's,17.0
5545,US-2023-106950-CHO-TRI-54000,2025-02-09,2025-02-26,Standard Class,106950,United States,Charlotte,North Carolina,28205,Chocolate,Gulf,CHO-TRI-54000,Wonka Bar - Triple Dazzle Caramel,26.25,7,17.15,9.1,Wicked Choccy's,17.0
5546,US-2023-112739-CHO-NUT-13000,2025-02-09,2025-02-27,Second Class,112739,United States,Houston,Texas,77070,Chocolate,Interior,CHO-NUT-13000,Wonka Bar - Nutty Crunch Surprise,27.92,8,19.92,8.0,Lot's O' Nuts,18.0
5547,US-2023-126732-CHO-TRI-54000,2025-02-09,2025-02-26,Standard Class,126732,United States,Los Angeles,California,90036,Chocolate,Pacific,CHO-TRI-54000,Wonka Bar - Triple Dazzle Caramel,3.75,1,2.45,1.3,Wicked Choccy's,17.0
5548,US-2023-106950-CHO-NUT-13000,2025-02-09,2025-02-26,Standard Class,106950,United States,Charlotte,North Carolina,28205,Chocolate,Gulf,CHO-NUT-13000,Wonka Bar - Nutty Crunch Surprise,17.45,5,12.45,5.0,Lot's O' Nuts,17.0
5549,US-2023-116540-CHO-NUT-13000,2025-02-09,2025-02-22,Same Day,116540,United States,Madison,Wisconsin,53711,Chocolate,Interior,CHO-NUT-13000,Wonka Bar - Nutty Crunch Surprise,6.98,2,4.98,2.0,Lot's O' Nuts,13.0
5550,US-2023-106278-CHO-FUD-51000,2025-02-09,2025-02-25,Second Class,106278,United States,Des Moines,Washington,98198,Chocolate,Pacific,CHO-FUD-51000,Wonka Bar - Fudge Mallows,10.8,3,7.2,3.6,Lot's O' Nuts,16.0
5551,US-2023-116540-CHO-TRI-54000,2025-02-09,2025-02-22,Same Day,116540,United States,Madison,Wisconsin,53711,Chocolate,Interior,CHO-TRI-54000,Wonka Bar - Triple Dazzle Caramel,3.75,1,2.45,1.3,Wicked Choccy's,13.0
5552,US-2023-144764-CHO-SCR-58000,2025-02-09,2025-02-28,Standard Class,144764,United States,Chicago,Illinois,60623,Chocolate,Interior,CHO-SCR-58000,Wonka Bar -Scrumdiddlyumptious,18.0,5,12.5,5.5,Lot's O' Nuts,19.0
5553,US-2023-126732-CHO-FUD-51000,2025-02-09,2025-02-26,Standard Class,126732,United States,Los Angeles,California,90036,Chocolate,Pacific,CHO-FUD-51000,Wonka Bar - Fudge Mallows,10.8,3,7.2,3.6,Lot's O' Nuts,17.0
5554,US-2023-144764-CHO-TRI-54000,2025-02-09,2025-02-28,Standard Class,144764,United States,Chicago,Illinois,60623,Chocolate,Interior,CHO-TRI-54000,Wonka Bar - Triple Dazzle Caramel,7.5,2,4.9,2.6,Wicked Choccy's,19.0
5555,US-2023-113096-CHO-SCR-58000,2025-02-09,2025-02-24,First Class,113096,United States,San Francisco,California,94122,Chocolate,Pacific,CHO-SCR-58000,Wonka Bar -Scrumdiddlyumptious,10.8,3,7.5,3.3,Lot's O' Nuts,15.0
5556,US-2023-112739-CHO-SCR-58000,2025-02-09,2025-02-27,Second Class,112739,United States,Houston,Texas,77070,Chocolate,Interior,CHO-SCR-58000,Wonka Bar -Scrumdiddlyumptious,18.0,5,12.5,5.5,Lot's O' Nuts,18.0
5557,US-2023-106950-CHO-NUT-13000,2025-02-09,2025-02-26,Standard Class,106950,United States,Charlotte,North Carolina,28205,Chocolate,Gulf,CHO-NUT-13000,Wonka Bar - Nutty Crunch Surprise,10.47,3,7.47,3.0,Lot's O' Nuts,17.0
5558,US-2023-166429-CHO-FUD-51000,2025-02-09,2025-02-28,Standard Class,166429,United States,Des Moines,Washington,98198,Chocolate,Pacific,CHO-FUD-51000,Wonka Bar - Fudge Mallows,7.2,2,4.8,2.4,Lot's O' Nuts,19.0
5559,US-2023-144764-CHO-FUD-51000,2025-02-09,2025-02-28,Standard Class,144764,United States,Chicago,Illinois,60623,Chocolate,Interior,CHO-FUD-51000,Wonka Bar - Fudge Mallows,10.8,3,7.2,3.6,Lot's O' Nuts,19.0
5560,US-2023-126732-CHO-NUT-13000,2025-02-09,2025-02-26,Standard Class,126732,United States,Los Angeles,California,90036,Chocolate,Pacific,CHO-NUT-13000,Wonka Bar - Nutty Crunch Surprise,13.96,4,9.96,4.0,Lot's O' Nuts,17.0
5561,US-2023-147711-CHO-SCR-58000,2025-03-09,2026-02-28,Second Class,147711,United States,Baltimore,Maryland,21215,Chocolate,Atlantic,CHO-SCR-58000,Wonka Bar -Scrumdiddlyumptious,10.8,3,7.5,3.3,Lot's O' Nuts,356.0
5562,US-2023-104815-CHO-NUT-13000,2025-03-09,2026-02-27,Standard Class,104815,United States,Chicago,Illinois,60610,Chocolate,Interior,CHO-NUT-13000,Wonka Bar - Nutty Crunch Surprise,13.96,4,9.96,4.0,Lot's O' Nuts,355.0
5563,US-2023-147711-CHO-SCR-58000,2025-03-09,2026-02-28,Second Class,147711,United States,Baltimore,Maryland,21215,Chocolate,Atlantic,CHO-SCR-58000,Wonka Bar -Scrumdiddlyumptious,7.2,2,5.0,2.2,Lot's O' Nuts,356.0
5564,US-2023-100566-CHO-TRI-54000,2025-03-09,2026-03-01,Standard Class,100566,United States,Aurora,Illinois,60505,Chocolate,Interior,CHO-TRI-54000,Wonka Bar - Triple Dazzle Caramel,11.25,3,7.35,3.9,Wicked Choccy's,357.0
5565,US-2023-101616-CHO-TRI-54000,2025-03-09,2026-02-26,First Class,101616,United States,Monroe,Louisiana,71203,Chocolate,Gulf,CHO-TRI-54000,Wonka Bar - Triple Dazzle Caramel,30.0,8,19.6,10.4,Wicked Choccy's,354.0
5566,US-2023-158099-CHO-FUD-51000,2025-03-09,2026-02-25,First Class,158099,United States,Philadelphia,Pennsylvania,19143,Chocolate,Atlantic,CHO-FUD-51000,Wonka Bar - Fudge Mallows,18.0,5,12.0,6.0,Lot's O' Nuts,353.0
5567,US-2023-147711-CHO-MIL-31000,2025-03-09,2026-02-28,Second Class,147711,United States,Baltimore,Maryland,21215,Chocolate,Atlantic,CHO-MIL-31000,Wonka Bar - Milk Chocolate,6.5,2,4.22,2.28,Wicked Choccy's,356.0
5568,US-2023-159737-CHO-NUT-13000,2025-03-09,2026-03-01,Standard Class,159737,United States,Chicago,Illinois,60610,Chocolate,Interior,CHO-NUT-13000,Wonka Bar - Nutty Crunch Surprise,10.47,3,7.47,3.0,Lot's O' Nuts,357.0
5569,US-2023-147711-CHO-SCR-58000,2025-03-09,2026-02-28,Second Class,147711,United States,Baltimore,Maryland,21215,Chocolate,Atlantic,CHO-SCR-58000,Wonka Bar -Scrumdiddlyumptious,28.8,8,20.0,8.8,Lot's O' Nuts,356.0
5570,US-2023-153185-CHO-TRI-54000,2025-03-09,2026-02-28,Standard Class,153185,United States,Cincinnati,Ohio,45231,Chocolate,Atlantic,CHO-TRI-54000,Wonka Bar - Triple Dazzle Caramel,22.5,6,14.7,7.8,Wicked Choccy's,356.0
5571,US-2023-132143-CHO-TRI-54000,2025-03-09,2026-02-25,First Class,132143,United States,Middletown,Connecticut,6457,Chocolate,Atlantic,CHO-TRI-54000,Wonka Bar - Triple Dazzle Caramel,26.25,7,17.15,9.1,Wicked Choccy's,353.0
5572,US-2023-163986-CHO-SCR-58000,2025-03-09,2026-03-02,Standard Class,163986,United States,Waukesha,Wisconsin,53186,Chocolate,Interior,CHO-SCR-58000,Wonka Bar -Scrumdiddlyumptious,18.0,5,12.5,5.5,Lot's O' Nuts,358.0
5573,US-2023-158099-CHO-TRI-54000,2025-03-09,2026-02-25,First Class,158099,United States,Philadelphia,Pennsylvania,19143,Chocolate,Atlantic,CHO-TRI-54000,Wonka Bar - Triple Dazzle Caramel,11.25,3,7.35,3.9,Wicked Choccy's,353.0
5574,US-2023-129630-CHO-TRI-54000,2025-04-09,2026-02-24,Same Day,129630,United States,San Francisco,California,94122,Chocolate,Pacific,CHO-TRI-54000,Wonka Bar - Triple Dazzle Caramel,11.25,3,7.35,3.9,Wicked Choccy's,321.0
5575,US-2023-131205-CHO-TRI-54000,2025-04-09,2026-02-28,Standard Class,131205,United States,Georgetown,Kentucky,40324,Chocolate,Gulf,CHO-TRI-54000,Wonka Bar - Triple Dazzle Caramel,11.25,3,7.35,3.9,Wicked Choccy's,325.0
5576,US-2023-123120-CHO-SCR-58000,2025-04-09,2026-02-28,Standard Class,123120,United States,New York City,New York,10011,Chocolate,Atlantic,CHO-SCR-58000,Wonka Bar -Scrumdiddlyumptious,3.6,1,2.5,1.1,Lot's O' Nuts,325.0
5577,US-2023-149783-CHO-TRI-54000,2025-04-09,2026-02-27,Second Class,149783,United States,Knoxville,Tennessee,37918,Chocolate,Gulf,CHO-TRI-54000,Wonka Bar - Triple Dazzle Caramel,7.5,2,4.9,2.6,Wicked Choccy's,324.0
5578,US-2023-169971-CHO-FUD-51000,2025-04-09,2026-03-01,Standard Class,169971,United States,Houston,Texas,77041,Chocolate,Interior,CHO-FUD-51000,Wonka Bar - Fudge Mallows,10.8,3,7.2,3.6,Lot's O' Nuts,326.0
5579,US-2023-169971-CHO-TRI-54000,2025-04-09,2026-03-01,Standard Class,169971,United States,Houston,Texas,77041,Chocolate,Interior,CHO-TRI-54000,Wonka Bar - Triple Dazzle Caramel,3.75,1,2.45,1.3,Wicked Choccy's,326.0
5580,US-2023-149783-CHO-NUT-13000,2025-04-09,2026-02-27,Second Class,149783,United States,Knoxville,Tennessee,37918,Chocolate,Gulf,CHO-NUT-13000,Wonka Bar - Nutty Crunch Surprise,6.98,2,4.98,2.0,Lot's O' Nuts,324.0
5581,US-2023-131205-CHO-SCR-58000,2025-04-09,2026-02-28,Standard Class,131205,United States,Georgetown,Kentucky,40324,Chocolate,Gulf,CHO-SCR-58000,Wonka Bar -Scrumdiddlyumptious,10.8,3,7.5,3.3,Lot's O' Nuts,325.0
5582,US-2023-131205-CHO-MIL-31000,2025-04-09,2026-02-28,Standard Class,131205,United States,Georgetown,Kentucky,40324,Chocolate,Gulf,CHO-MIL-31000,Wonka Bar - Milk Chocolate,19.5,6,12.66,6.84,Wicked Choccy's,325.0
5583,US-2023-123120-CHO-MIL-31000,2025-04-09,2026-02-28,Standard Class,123120,United States,New York City,New York,10011,Chocolate,Atlantic,CHO-MIL-31000,Wonka Bar - Milk Chocolate,16.25,5,10.55,5.7,Wicked Choccy's,325.0
5584,US-2023-142524-CHO-MIL-31000,2025-04-09,2026-02-28,Standard Class,142524,United States,Springfield,Missouri,65807,Chocolate,Interior,CHO-MIL-31000,Wonka Bar - Milk Chocolate,6.5,2,4.22,2.28,Wicked Choccy's,325.0
5585,US-2023-117604-CHO-MIL-31000,2025-04-09,2026-03-01,Standard Class,117604,United States,Jonesboro,Arkansas,72401,Chocolate,Gulf,CHO-MIL-31000,Wonka Bar - Milk Chocolate,16.25,5,10.55,5.7,Wicked Choccy's,326.0
5586,US-2023-149783-CHO-FUD-51000,2025-04-09,2026-02-27,Second Class,149783,United States,Knoxville,Tennessee,37918,Chocolate,Gulf,CHO-FUD-51000,Wonka Bar - Fudge Mallows,10.8,3,7.2,3.6,Lot's O' Nuts,324.0
5587,US-2023-168774-CHO-FUD-51000,2025-04-09,2026-03-01,Standard Class,168774,United States,Woodbury,Minnesota,55125,Chocolate,Interior,CHO-FUD-51000,Wonka Bar - Fudge Mallows,10.8,3,7.2,3.6,Lot's O' Nuts,326.0
5588,US-2023-131205-CHO-TRI-54000,2025-04-09,2026-02-28,Standard Class,131205,United States,Georgetown,Kentucky,40324,Chocolate,Gulf,CHO-TRI-54000,Wonka Bar - Triple Dazzle Caramel,15.0,4,9.8,5.2,Wicked Choccy's,325.0
5589,US-2023-123120-CHO-SCR-58000,2025-04-09,2026-02-28,Standard Class,123120,United States,New York City,New York,10011,Chocolate,Atlantic,CHO-SCR-58000,Wonka Bar -Scrumdiddlyumptious,14.4,4,10.0,4.4,Lot's O' Nuts,325.0
5590,US-2023-142524-CHO-NUT-13000,2025-04-09,2026-02-28,Standard Class,142524,United States,Springfield,Missouri,65807,Chocolate,Interior,CHO-NUT-13000,Wonka Bar - Nutty Crunch Surprise,17.45,5,12.45,5.0,Lot's O' Nuts,325.0
5591,US-2023-129630-CHO-NUT-13000,2025-04-09,2026-02-24,Same Day,129630,United States,San Francisco,California,94122,Chocolate,Pacific,CHO-NUT-13000,Wonka Bar - Nutty Crunch Surprise,17.45,5,12.45,5.0,Lot's O' Nuts,321.0
5592,US-2023-158778-CHO-FUD-51000,2025-05-09,2026-03-01,Standard Class,158778,United States,Philadelphia,Pennsylvania,19134,Chocolate,Atlantic,CHO-FUD-51000,Wonka Bar - Fudge Mallows,10.8,3,7.2,3.6,Lot's O' Nuts,296.0
5593,US-2023-158778-CHO-TRI-54000,2025-05-09,2026-03-01,Standard Class,158778,United States,Philadelphia,Pennsylvania,19134,Chocolate,Atlantic,CHO-TRI-54000,Wonka Bar - Triple Dazzle Caramel,7.5,2,4.9,2.6,Wicked Choccy's,296.0
5594,US-2023-115756-CHO-FUD-51000,2025-05-09,2026-02-27,Second Class,115756,United States,Detroit,Michigan,48227,Chocolate,Interior,CHO-FUD-51000,Wonka Bar - Fudge Mallows,10.8,3,7.2,3.6,Lot's O' Nuts,294.0
5595,US-2023-148110-CHO-SCR-58000,2025-05-09,2026-03-03,Standard Class,148110,United States,Austin,Texas,78745,Chocolate,Interior,CHO-SCR-58000,Wonka Bar -Scrumdiddlyumptious,25.2,7,17.5,7.7,Lot's O' Nuts,298.0
5596,US-2023-162383-CHO-NUT-13000,2025-05-09,2026-03-03,Standard Class,162383,United States,Lancaster,Ohio,43130,Chocolate,Atlantic,CHO-NUT-13000,Wonka Bar - Nutty Crunch Surprise,6.98,2,4.98,2.0,Lot's O' Nuts,298.0
5597,US-2023-115756-CHO-MIL-31000,2025-05-09,2026-02-27,Second Class,115756,United States,Detroit,Michigan,48227,Chocolate,Interior,CHO-MIL-31000,Wonka Bar - Milk Chocolate,3.25,1,2.11,1.14,Wicked Choccy's,294.0
5598,US-2023-158778-CHO-TRI-54000,2025-05-09,2026-03-01,Standard Class,158778,United States,Philadelphia,Pennsylvania,19134,Chocolate,Atlantic,CHO-TRI-54000,Wonka Bar - Triple Dazzle Caramel,33.75,9,22.05,11.7,Wicked Choccy's,296.0
5599,US-2023-136595-CHO-MIL-31000,2025-05-09,2026-02-27,First Class,136595,United States,Houston,Texas,77036,Chocolate,Interior,CHO-MIL-31000,Wonka Bar - Milk Chocolate,9.75,3,6.33,3.42,Wicked Choccy's,294.0
5600,US-2023-110366-CHO-FUD-51000,2025-05-09,2026-02-27,Second Class,110366,United States,Philadelphia,Pennsylvania,19140,Chocolate,Atlantic,CHO-FUD-51000,Wonka Bar - Fudge Mallows,7.2,2,4.8,2.4,Lot's O' Nuts,294.0
5601,US-2023-121013-CHO-NUT-13000,2025-05-09,2026-03-02,Standard Class,121013,United States,Chesapeake,Virginia,23320,Chocolate,Gulf,CHO-NUT-13000,Wonka Bar - Nutty Crunch Surprise,10.47,3,7.47,3.0,Lot's O' Nuts,297.0
5602,US-2023-144540-CHO-NUT-13000,2025-05-09,2026-03-02,Standard Class,144540,United States,Houston,Texas,77070,Chocolate,Interior,CHO-NUT-13000,Wonka Bar - Nutty Crunch Surprise,10.47,3,7.47,3.0,Lot's O' Nuts,297.0
5603,US-2023-158778-CHO-SCR-58000,2025-05-09,2026-03-01,Standard Class,158778,United States,Philadelphia,Pennsylvania,19134,Chocolate,Atlantic,CHO-SCR-58000,Wonka Bar -Scrumdiddlyumptious,10.8,3,7.5,3.3,Lot's O' Nuts,296.0
5604,US-2023-140774-CHO-SCR-58000,2025-05-09,2026-03-02,Standard Class,140774,United States,Olathe,Kansas,66062,Chocolate,Interior,CHO-SCR-58000,Wonka Bar -Scrumdiddlyumptious,10.8,3,7.5,3.3,Lot's O' Nuts,297.0
5605,US-2023-151372-CHO-SCR-58000,2025-05-09,2026-02-26,First Class,151372,United States,Redondo Beach,California,90278,Chocolate,Pacific,CHO-SCR-58000,Wonka Bar -Scrumdiddlyumptious,7.2,2,5.0,2.2,Lot's O' Nuts,293.0
5606,US-2023-136231-CHO-MIL-31000,2025-05-09,2026-02-27,Second Class,136231,United States,Johnson City,Tennessee,37604,Chocolate,Gulf,CHO-MIL-31000,Wonka Bar - Milk Chocolate,22.75,7,14.77,7.98,Wicked Choccy's,294.0
5607,US-2023-162383-CHO-NUT-13000,2025-05-09,2026-03-03,Standard Class,162383,United States,Lancaster,Ohio,43130,Chocolate,Atlantic,CHO-NUT-13000,Wonka Bar - Nutty Crunch Surprise,20.94,6,14.94,6.0,Lot's O' Nuts,298.0
5608,US-2023-162383-CHO-NUT-13000,2025-05-09,2026-03-03,Standard Class,162383,United States,Lancaster,Ohio,43130,Chocolate,Atlantic,CHO-NUT-13000,Wonka Bar - Nutty Crunch Surprise,6.98,2,4.98,2.0,Lot's O' Nuts,298.0
5609,US-2023-154536-CHO-FUD-51000,2025-05-09,2026-03-01,Standard Class,154536,United States,Philadelphia,Pennsylvania,19120,Chocolate,Atlantic,CHO-FUD-51000,Wonka Bar - Fudge Mallows,18.0,5,12.0,6.0,Lot's O' Nuts,296.0
5610,US-2023-136231-CHO-SCR-58000,2025-05-09,2026-02-27,Second Class,136231,United States,Johnson City,Tennessee,37604,Chocolate,Gulf,CHO-SCR-58000,Wonka Bar -Scrumdiddlyumptious,10.8,3,7.5,3.3,Lot's O' Nuts,294.0
5611,US-2023-151372-CHO-NUT-13000,2025-05-09,2026-02-26,First Class,151372,United States,Redondo Beach,California,90278,Chocolate,Pacific,CHO-NUT-13000,Wonka Bar - Nutty Crunch Surprise,6.98,2,4.98,2.0,Lot's O' Nuts,293.0
5612,US-2023-149195-CHO-FUD-51000,2025-05-09,2026-02-27,Second Class,149195,United States,Houston,Texas,77070,Chocolate,Interior,CHO-FUD-51000,Wonka Bar - Fudge Mallows,28.8,8,19.2,9.6,Lot's O' Nuts,294.0
5613,US-2023-144540-CHO-MIL-31000,2025-05-09,2026-03-02,Standard Class,144540,United States,Houston,Texas,77070,Chocolate,Interior,CHO-MIL-31000,Wonka Bar - Milk Chocolate,29.25,9,18.99,10.26,Wicked Choccy's,297.0
5614,US-2023-115756-CHO-SCR-58000,2025-05-09,2026-02-27,Second Class,115756,United States,Detroit,Michigan,48227,Chocolate,Interior,CHO-SCR-58000,Wonka Bar -Scrumdiddlyumptious,25.2,7,17.5,7.7,Lot's O' Nuts,294.0
5615,US-2023-121013-CHO-TRI-54000,2025-05-09,2026-03-02,Standard Class,121013,United States,Chesapeake,Virginia,23320,Chocolate,Gulf,CHO-TRI-54000,Wonka Bar - Triple Dazzle Caramel,7.5,2,4.9,2.6,Wicked Choccy's,297.0
5616,US-2023-136231-CHO-TRI-54000,2025-05-09,2026-02-27,Second Class,136231,United States,Johnson City,Tennessee,37604,Chocolate,Gulf,CHO-TRI-54000,Wonka Bar - Triple Dazzle Caramel,11.25,3,7.35,3.9,Wicked Choccy's,294.0
5617,US-2023-133319-CHO-MIL-31000,2025-05-09,2026-03-03,Standard Class,133319,United States,New York City,New York,10011,Chocolate,Atlantic,CHO-MIL-31000,Wonka Bar - Milk Chocolate,13.0,4,8.44,4.56,Wicked Choccy's,298.0
5618,US-2023-149195-CHO-SCR-58000,2025-05-09,2026-02-27,Second Class,149195,United States,Houston,Texas,77070,Chocolate,Interior,CHO-SCR-58000,Wonka Bar -Scrumdiddlyumptious,18.0,5,12.5,5.5,Lot's O' Nuts,294.0
5619,US-2023-149195-CHO-TRI-54000,2025-05-09,2026-02-27,Second Class,149195,United States,Houston,Texas,77070,Chocolate,Interior,CHO-TRI-54000,Wonka Bar - Triple Dazzle Caramel,7.5,2,4.9,2.6,Wicked Choccy's,294.0
5620,US-2023-115756-CHO-SCR-58000,2025-05-09,2026-02-27,Second Class,115756,United States,Detroit,Michigan,48227,Chocolate,Interior,CHO-SCR-58000,Wonka Bar -Scrumdiddlyumptious,14.4,4,10.0,4.4,Lot's O' Nuts,294.0
5621,US-2023-151372-CHO-NUT-13000,2025-05-09,2026-02-26,First Class,151372,United States,Redondo Beach,California,90278,Chocolate,Pacific,CHO-NUT-13000,Wonka Bar - Nutty Crunch Surprise,6.98,2,4.98,2.0,Lot's O' Nuts,293.0
5622,US-2023-164490-CHO-SCR-58000,2025-05-09,2026-03-02,Second Class,164490,United States,Chicago,Illinois,60653,Chocolate,Interior,CHO-SCR-58000,Wonka Bar -Scrumdiddlyumptious,7.2,2,5.0,2.2,Lot's O' Nuts,297.0
5623,US-2023-115756-CHO-TRI-54000,2025-05-09,2026-02-27,Second Class,115756,United States,Detroit,Michigan,48227,Chocolate,Interior,CHO-TRI-54000,Wonka Bar - Triple Dazzle Caramel,11.25,3,7.35,3.9,Wicked Choccy's,294.0
5624,US-2023-115756-CHO-MIL-31000,2025-05-09,2026-02-27,Second Class,115756,United States,Detroit,Michigan,48227,Chocolate,Interior,CHO-MIL-31000,Wonka Bar - Milk Chocolate,9.75,3,6.33,3.42,Wicked Choccy's,294.0
5625,US-2023-152373-CHO-SCR-58000,2025-05-09,2026-03-03,Standard Class,152373,United States,San Antonio,Texas,78207,Chocolate,Interior,CHO-SCR-58000,Wonka Bar -Scrumdiddlyumptious,10.8,3,7.5,3.3,Lot's O' Nuts,298.0
5626,US-2023-137673-CHO-MIL-31000,2025-05-09,2026-03-02,Standard Class,137673,United States,San Diego,California,92105,Chocolate,Pacific,CHO-MIL-31000,Wonka Bar - Milk Chocolate,26.0,8,16.88,9.12,Wicked Choccy's,297.0
5627,US-2023-136231-CHO-FUD-51000,2025-05-09,2026-02-27,Second Class,136231,United States,Johnson City,Tennessee,37604,Chocolate,Gulf,CHO-FUD-51000,Wonka Bar - Fudge Mallows,7.2,2,4.8,2.4,Lot's O' Nuts,294.0
5628,US-2023-160815-CHO-NUT-13000,2025-05-09,2026-02-26,First Class,160815,United States,Cedar Rapids,Iowa,52402,Chocolate,Interior,CHO-NUT-13000,Wonka Bar - Nutty Crunch Surprise,10.47,3,7.47,3.0,Lot's O' Nuts,293.0
5629,US-2023-139409-CHO-TRI-54000,2025-05-09,2026-02-27,First Class,139409,United States,New York City,New York,10011,Chocolate,Atlantic,CHO-TRI-54000,Wonka Bar - Triple Dazzle Caramel,15.0,4,9.8,5.2,Wicked Choccy's,294.0
5630,US-2023-102981-CHO-FUD-51000,2025-06-09,2026-03-01,Second Class,102981,United States,New York City,New York,10035,Chocolate,Atlantic,CHO-FUD-51000,Wonka Bar - Fudge Mallows,10.8,3,7.2,3.6,Lot's O' Nuts,265.0
5631,US-2023-149223-CHO-NUT-13000,2025-06-09,2026-03-03,Standard Class,149223,United States,Saint Paul,Minnesota,55106,Chocolate,Interior,CHO-NUT-13000,Wonka Bar - Nutty Crunch Surprise,20.94,6,14.94,6.0,Lot's O' Nuts,267.0
5632,US-2023-133123-CHO-SCR-58000,2025-06-09,2026-03-03,Standard Class,133123,United States,Thomasville,North Carolina,27360,Chocolate,Gulf,CHO-SCR-58000,Wonka Bar -Scrumdiddlyumptious,7.2,2,5.0,2.2,Lot's O' Nuts,267.0
5633,US-2023-133123-CHO-FUD-51000,2025-06-09,2026-03-03,Standard Class,133123,United States,Thomasville,North Carolina,27360,Chocolate,Gulf,CHO-FUD-51000,Wonka Bar - Fudge Mallows,10.8,3,7.2,3.6,Lot's O' Nuts,267.0
5634,US-2023-123932-CHO-FUD-51000,2025-06-09,2026-03-04,Standard Class,123932,United States,Dallas,Texas,75217,Chocolate,Interior,CHO-FUD-51000,Wonka Bar - Fudge Mallows,14.4,4,9.6,4.8,Lot's O' Nuts,268.0
5635,US-2023-145240-CHO-MIL-31000,2025-06-09,2026-02-28,First Class,145240,United States,Houston,Texas,77070,Chocolate,Interior,CHO-MIL-31000,Wonka Bar - Milk Chocolate,3.25,1,2.11,1.14,Wicked Choccy's,264.0
5636,US-2023-102981-CHO-SCR-58000,2025-06-09,2026-03-01,Second Class,102981,United States,New York City,New York,10035,Chocolate,Atlantic,CHO-SCR-58000,Wonka Bar -Scrumdiddlyumptious,7.2,2,5.0,2.2,Lot's O' Nuts,265.0
5637,US-2023-123932-CHO-NUT-13000,2025-06-09,2026-03-04,Standard Class,123932,United States,Dallas,Texas,75217,Chocolate,Interior,CHO-NUT-13000,Wonka Bar - Nutty Crunch Surprise,6.98,2,4.98,2.0,Lot's O' Nuts,268.0
5638,US-2023-114174-CHO-NUT-13000,2025-08-09,2026-03-06,Standard Class,114174,United States,Malden,Massachusetts,2148,Chocolate,Atlantic,CHO-NUT-13000,Wonka Bar - Nutty Crunch Surprise,10.47,3,7.47,3.0,Lot's O' Nuts,209.0
5639,US-2023-108987-CHO-SCR-58000,2025-08-09,2026-03-02,Second Class,108987,United States,Houston,Texas,77036,Chocolate,Interior,CHO-SCR-58000,Wonka Bar -Scrumdiddlyumptious,14.4,4,10.0,4.4,Lot's O' Nuts,205.0
5640,US-2023-110009-CHO-FUD-51000,2025-08-09,2026-03-05,Standard Class,110009,United States,Seattle,Washington,98103,Chocolate,Pacific,CHO-FUD-51000,Wonka Bar - Fudge Mallows,3.6,1,2.4,1.2,Lot's O' Nuts,208.0
5641,US-2023-115455-CHO-MIL-31000,2025-08-09,2026-03-06,Standard Class,115455,United States,Wheeling,Illinois,60090,Chocolate,Interior,CHO-MIL-31000,Wonka Bar - Milk Chocolate,6.5,2,4.22,2.28,Wicked Choccy's,209.0
5642,US-2023-153101-CHO-FUD-51000,2025-08-09,2026-02-28,Same Day,153101,United States,Santa Ana,California,92704,Chocolate,Pacific,CHO-FUD-51000,Wonka Bar - Fudge Mallows,3.6,1,2.4,1.2,Lot's O' Nuts,203.0
5643,US-2023-115455-CHO-FUD-51000,2025-08-09,2026-03-06,Standard Class,115455,United States,Wheeling,Illinois,60090,Chocolate,Interior,CHO-FUD-51000,Wonka Bar - Fudge Mallows,10.8,3,7.2,3.6,Lot's O' Nuts,209.0
5644,US-2023-131499-SUG-LAF-25000,2025-08-09,2026-03-02,First Class,131499,United States,New York City,New York,10011,Sugar,Atlantic,SUG-LAF-25000,Laffy Taffy,1.99,1,1.24,0.75,Sugar Shack,205.0
5645,US-2023-108868-CHO-SCR-58000,2025-08-09,2026-03-04,Standard Class,108868,United States,Dallas,Texas,75081,Chocolate,Interior,CHO-SCR-58000,Wonka Bar -Scrumdiddlyumptious,7.2,2,5.0,2.2,Lot's O' Nuts,207.0
5646,US-2023-103709-CHO-TRI-54000,2025-08-09,2026-03-07,Standard Class,103709,United States,Visalia,California,93277,Chocolate,Pacific,CHO-TRI-54000,Wonka Bar - Triple Dazzle Caramel,7.5,2,4.9,2.6,Wicked Choccy's,210.0
5647,US-2023-113516-CHO-FUD-51000,2025-08-09,2026-03-02,Second Class,113516,United States,Lancaster,California,93534,Chocolate,Pacific,CHO-FUD-51000,Wonka Bar - Fudge Mallows,14.4,4,9.6,4.8,Lot's O' Nuts,205.0
5648,US-2023-113516-CHO-NUT-13000,2025-08-09,2026-03-02,Second Class,113516,United States,Lancaster,California,93534,Chocolate,Pacific,CHO-NUT-13000,Wonka Bar - Nutty Crunch Surprise,6.98,2,4.98,2.0,Lot's O' Nuts,205.0
5649,US-2023-114174-CHO-TRI-54000,2025-08-09,2026-03-06,Standard Class,114174,United States,Malden,Massachusetts,2148,Chocolate,Atlantic,CHO-TRI-54000,Wonka Bar - Triple Dazzle Caramel,15.0,4,9.8,5.2,Wicked Choccy's,209.0
5650,US-2023-155138-CHO-FUD-51000,2025-08-09,2026-03-04,Standard Class,155138,United States,Monroe,North Carolina,28110,Chocolate,Gulf,CHO-FUD-51000,Wonka Bar - Fudge Mallows,10.8,3,7.2,3.6,Lot's O' Nuts,207.0
5651,US-2023-110009-CHO-TRI-54000,2025-08-09,2026-03-05,Standard Class,110009,United States,Seattle,Washington,98103,Chocolate,Pacific,CHO-TRI-54000,Wonka Bar - Triple Dazzle Caramel,26.25,7,17.15,9.1,Wicked Choccy's,208.0
5652,US-2023-103709-CHO-TRI-54000,2025-08-09,2026-03-07,Standard Class,103709,United States,Visalia,California,93277,Chocolate,Pacific,CHO-TRI-54000,Wonka Bar - Triple Dazzle Caramel,30.0,8,19.6,10.4,Wicked Choccy's,210.0
5653,US-2023-108987-CHO-FUD-51000,2025-08-09,2026-03-02,Second Class,108987,United States,Houston,Texas,77036,Chocolate,Interior,CHO-FUD-51000,Wonka Bar - Fudge Mallows,14.4,4,9.6,4.8,Lot's O' Nuts,205.0
5654,US-2023-103709-CHO-SCR-58000,2025-08-09,2026-03-07,Standard Class,103709,United States,Visalia,California,93277,Chocolate,Pacific,CHO-SCR-58000,Wonka Bar -Scrumdiddlyumptious,7.2,2,5.0,2.2,Lot's O' Nuts,210.0
5655,US-2023-108987-CHO-NUT-13000,2025-08-09,2026-03-02,Second Class,108987,United States,Houston,Texas,77036,Chocolate,Interior,CHO-NUT-13000,Wonka Bar - Nutty Crunch Surprise,10.47,3,7.47,3.0,Lot's O' Nuts,205.0
5656,US-2023-108987-CHO-NUT-13000,2025-08-09,2026-03-02,Second Class,108987,United States,Houston,Texas,77036,Chocolate,Interior,CHO-NUT-13000,Wonka Bar - Nutty Crunch Surprise,6.98,2,4.98,2.0,Lot's O' Nuts,205.0
5657,US-2023-155138-CHO-MIL-31000,2025-08-09,2026-03-04,Standard Class,155138,United States,Monroe,North Carolina,28110,Chocolate,Gulf,CHO-MIL-31000,Wonka Bar - Milk Chocolate,13.0,4,8.44,4.56,Wicked Choccy's,207.0
5658,US-2023-108868-CHO-MIL-31000,2025-08-09,2026-03-04,Standard Class,108868,United States,Dallas,Texas,75081,Chocolate,Interior,CHO-MIL-31000,Wonka Bar - Milk Chocolate,16.25,5,10.55,5.7,Wicked Choccy's,207.0
5659,US-2023-137176-CHO-MIL-31000,2025-09-09,2026-03-06,Second Class,137176,United States,Dallas,Texas,75220,Chocolate,Interior,CHO-MIL-31000,Wonka Bar - Milk Chocolate,13.0,4,8.44,4.56,Wicked Choccy's,178.0
5660,US-2023-110023-CHO-MIL-31000,2025-09-09,2026-03-03,First Class,110023,United States,New York City,New York,10024,Chocolate,Atlantic,CHO-MIL-31000,Wonka Bar - Milk Chocolate,6.5,2,4.22,2.28,Wicked Choccy's,175.0
5661,US-2023-112893-CHO-NUT-13000,2025-09-09,2026-03-05,Second Class,112893,United States,Stockton,California,95207,Chocolate,Pacific,CHO-NUT-13000,Wonka Bar - Nutty Crunch Surprise,13.96,4,9.96,4.0,Lot's O' Nuts,177.0
5662,US-2023-146206-CHO-SCR-58000,2025-10-09,2026-03-06,Second Class,146206,United States,Houston,Texas,77095,Chocolate,Interior,CHO-SCR-58000,Wonka Bar -Scrumdiddlyumptious,18.0,5,12.5,5.5,Lot's O' Nuts,148.0
5663,US-2023-164350-OTH-KAZ-38000,2025-10-09,2026-03-04,Second Class,164350,United States,Bristol,Tennessee,37620,Other,Gulf,OTH-KAZ-38000,Kazookles,9.75,3,0.75,9.0,Secret Factory,146.0
5664,US-2023-126102-CHO-TRI-54000,2025-10-09,2026-03-04,Second Class,126102,United States,Los Angeles,California,90049,Chocolate,Pacific,CHO-TRI-54000,Wonka Bar - Triple Dazzle Caramel,7.5,2,4.9,2.6,Wicked Choccy's,146.0
5665,US-2023-165918-CHO-TRI-54000,2025-10-09,2026-03-06,Standard Class,165918,United States,Edmonds,Washington,98026,Chocolate,Pacific,CHO-TRI-54000,Wonka Bar - Triple Dazzle Caramel,11.25,3,7.35,3.9,Wicked Choccy's,148.0
5666,US-2023-165918-CHO-MIL-31000,2025-10-09,2026-03-06,Standard Class,165918,United States,Edmonds,Washington,98026,Chocolate,Pacific,CHO-MIL-31000,Wonka Bar - Milk Chocolate,9.75,3,6.33,3.42,Wicked Choccy's,148.0
5667,US-2023-165918-CHO-FUD-51000,2025-10-09,2026-03-06,Standard Class,165918,United States,Edmonds,Washington,98026,Chocolate,Pacific,CHO-FUD-51000,Wonka Bar - Fudge Mallows,7.2,2,4.8,2.4,Lot's O' Nuts,148.0
5668,US-2023-165918-CHO-TRI-54000,2025-10-09,2026-03-06,Standard Class,165918,United States,Edmonds,Washington,98026,Chocolate,Pacific,CHO-TRI-54000,Wonka Bar - Triple Dazzle Caramel,7.5,2,4.9,2.6,Wicked Choccy's,148.0
5669,US-2023-118780-CHO-SCR-58000,2025-10-09,2026-03-06,Second Class,118780,United States,New York City,New York,10011,Chocolate,Atlantic,CHO-SCR-58000,Wonka Bar -Scrumdiddlyumptious,3.6,1,2.5,1.1,Lot's O' Nuts,148.0
5670,US-2023-118780-CHO-NUT-13000,2025-10-09,2026-03-06,Second Class,118780,United States,New York City,New York,10011,Chocolate,Atlantic,CHO-NUT-13000,Wonka Bar - Nutty Crunch Surprise,6.98,2,4.98,2.0,Lot's O' Nuts,148.0
5671,US-2023-146206-CHO-MIL-31000,2025-10-09,2026-03-06,Second Class,146206,United States,Houston,Texas,77095,Chocolate,Interior,CHO-MIL-31000,Wonka Bar - Milk Chocolate,16.25,5,10.55,5.7,Wicked Choccy's,148.0
5672,US-2023-112277-CHO-NUT-13000,2025-10-09,2026-03-07,Standard Class,112277,United States,Fort Lauderdale,Florida,33311,Chocolate,Gulf,CHO-NUT-13000,Wonka Bar - Nutty Crunch Surprise,24.43,7,17.43,7.0,Lot's O' Nuts,149.0
5673,US-2023-143476-CHO-SCR-58000,2025-11-09,2026-03-05,First Class,143476,United States,Phoenix,Arizona,85023,Chocolate,Pacific,CHO-SCR-58000,Wonka Bar -Scrumdiddlyumptious,7.2,2,5.0,2.2,Lot's O' Nuts,116.0
5674,US-2023-164154-CHO-NUT-13000,2025-11-09,2026-03-09,Standard Class,164154,United States,Toledo,Ohio,43615,Chocolate,Atlantic,CHO-NUT-13000,Wonka Bar - Nutty Crunch Surprise,10.47,3,7.47,3.0,Lot's O' Nuts,120.0
5675,US-2023-116561-CHO-NUT-13000,2025-11-09,2026-03-09,Standard Class,116561,United States,San Jose,California,95123,Chocolate,Pacific,CHO-NUT-13000,Wonka Bar - Nutty Crunch Surprise,6.98,2,4.98,2.0,Lot's O' Nuts,120.0
5676,US-2023-150007-CHO-TRI-54000,2025-11-09,2026-03-08,Standard Class,150007,United States,Chicago,Illinois,60653,Chocolate,Interior,CHO-TRI-54000,Wonka Bar - Triple Dazzle Caramel,11.25,3,7.35,3.9,Wicked Choccy's,119.0
5677,US-2023-130225-CHO-NUT-13000,2025-11-09,2026-03-09,Standard Class,130225,United States,Houston,Texas,77041,Chocolate,Interior,CHO-NUT-13000,Wonka Bar - Nutty Crunch Surprise,6.98,2,4.98,2.0,Lot's O' Nuts,120.0
5678,US-2023-102162-CHO-NUT-13000,2025-11-09,2026-03-08,Standard Class,102162,United States,Newport News,Virginia,23602,Chocolate,Gulf,CHO-NUT-13000,Wonka Bar - Nutty Crunch Surprise,3.49,1,2.49,1.0,Lot's O' Nuts,119.0
5679,US-2023-150007-CHO-SCR-58000,2025-11-09,2026-03-08,Standard Class,150007,United States,Chicago,Illinois,60653,Chocolate,Interior,CHO-SCR-58000,Wonka Bar -Scrumdiddlyumptious,7.2,2,5.0,2.2,Lot's O' Nuts,119.0
5680,US-2023-121223-CHO-NUT-13000,2025-11-09,2026-03-05,Second Class,121223,United States,Philadelphia,Pennsylvania,19143,Chocolate,Atlantic,CHO-NUT-13000,Wonka Bar - Nutty Crunch Surprise,6.98,2,4.98,2.0,Lot's O' Nuts,116.0
5681,US-2023-143476-CHO-SCR-58000,2025-11-09,2026-03-05,First Class,143476,United States,Phoenix,Arizona,85023,Chocolate,Pacific,CHO-SCR-58000,Wonka Bar -Scrumdiddlyumptious,7.2,2,5.0,2.2,Lot's O' Nuts,116.0
5682,US-2023-143476-CHO-TRI-54000,2025-11-09,2026-03-05,First Class,143476,United States,Phoenix,Arizona,85023,Chocolate,Pacific,CHO-TRI-54000,Wonka Bar - Triple Dazzle Caramel,15.0,4,9.8,5.2,Wicked Choccy's,116.0
5683,US-2023-145625-CHO-NUT-13000,2025-11-09,2026-03-09,Standard Class,145625,United States,San Diego,California,92037,Chocolate,Pacific,CHO-NUT-13000,Wonka Bar - Nutty Crunch Surprise,3.49,1,2.49,1.0,Lot's O' Nuts,120.0
5684,US-2023-164154-CHO-MIL-31000,2025-11-09,2026-03-09,Standard Class,164154,United States,Toledo,Ohio,43615,Chocolate,Atlantic,CHO-MIL-31000,Wonka Bar - Milk Chocolate,16.25,5,10.55,5.7,Wicked Choccy's,120.0
5685,US-2023-116561-CHO-NUT-13000,2025-11-09,2026-03-09,Standard Class,116561,United States,San Jose,California,95123,Chocolate,Pacific,CHO-NUT-13000,Wonka Bar - Nutty Crunch Surprise,10.47,3,7.47,3.0,Lot's O' Nuts,120.0
5686,US-2023-145625-CHO-FUD-51000,2025-11-09,2026-03-09,Standard Class,145625,United States,San Diego,California,92037,Chocolate,Pacific,CHO-FUD-51000,Wonka Bar - Fudge Mallows,46.8,13,31.2,15.6,Lot's O' Nuts,120.0
5687,US-2023-102162-CHO-FUD-51000,2025-11-09,2026-03-08,Standard Class,102162,United States,Newport News,Virginia,23602,Chocolate,Gulf,CHO-FUD-51000,Wonka Bar - Fudge Mallows,28.8,8,19.2,9.6,Lot's O' Nuts,119.0
5688,US-2023-153157-CHO-NUT-13000,2025-11-09,2026-03-06,First Class,153157,United States,Wichita,Kansas,67212,Chocolate,Interior,CHO-NUT-13000,Wonka Bar - Nutty Crunch Surprise,17.45,5,12.45,5.0,Lot's O' Nuts,117.0
5689,US-2023-121223-CHO-SCR-58000,2025-11-09,2026-03-05,Second Class,121223,United States,Philadelphia,Pennsylvania,19143,Chocolate,Atlantic,CHO-SCR-58000,Wonka Bar -Scrumdiddlyumptious,32.4,9,22.5,9.9,Lot's O' Nuts,116.0
5690,US-2023-123946-CHO-FUD-51000,2025-12-09,2026-03-09,Standard Class,123946,United States,Springfield,Virginia,22153,Chocolate,Gulf,CHO-FUD-51000,Wonka Bar - Fudge Mallows,14.4,4,9.6,4.8,Lot's O' Nuts,90.0
5691,US-2023-151148-CHO-MIL-31000,2025-12-09,2026-03-05,Same Day,151148,United States,Louisville,Colorado,80027,Chocolate,Pacific,CHO-MIL-31000,Wonka Bar - Milk Chocolate,13.0,4,8.44,4.56,Wicked Choccy's,86.0
5692,US-2023-142902-CHO-NUT-13000,2025-12-09,2026-03-06,Second Class,142902,United States,Arvada,Colorado,80004,Chocolate,Pacific,CHO-NUT-13000,Wonka Bar - Nutty Crunch Surprise,6.98,2,4.98,2.0,Lot's O' Nuts,87.0
5693,US-2023-142902-CHO-SCR-58000,2025-12-09,2026-03-06,Second Class,142902,United States,Arvada,Colorado,80004,Chocolate,Pacific,CHO-SCR-58000,Wonka Bar -Scrumdiddlyumptious,3.6,1,2.5,1.1,Lot's O' Nuts,87.0
5694,US-2023-142902-CHO-MIL-31000,2025-12-09,2026-03-06,Second Class,142902,United States,Arvada,Colorado,80004,Chocolate,Pacific,CHO-MIL-31000,Wonka Bar - Milk Chocolate,13.0,4,8.44,4.56,Wicked Choccy's,87.0
5695,US-2023-113082-CHO-MIL-31000,2025-12-09,2026-03-08,Standard Class,113082,United States,Utica,New York,13501,Chocolate,Atlantic,CHO-MIL-31000,Wonka Bar - Milk Chocolate,6.5,2,4.22,2.28,Wicked Choccy's,89.0
5696,US-2023-128811-CHO-NUT-13000,2025-12-09,2026-03-08,Standard Class,128811,United States,Seattle,Washington,98103,Chocolate,Pacific,CHO-NUT-13000,Wonka Bar - Nutty Crunch Surprise,13.96,4,9.96,4.0,Lot's O' Nuts,89.0
5697,US-2023-128811-CHO-FUD-51000,2025-12-09,2026-03-08,Standard Class,128811,United States,Seattle,Washington,98103,Chocolate,Pacific,CHO-FUD-51000,Wonka Bar - Fudge Mallows,10.8,3,7.2,3.6,Lot's O' Nuts,89.0
5698,US-2023-123946-CHO-TRI-54000,2025-12-09,2026-03-09,Standard Class,123946,United States,Springfield,Virginia,22153,Chocolate,Gulf,CHO-TRI-54000,Wonka Bar - Triple Dazzle Caramel,11.25,3,7.35,3.9,Wicked Choccy's,90.0
5699,US-2023-142902-CHO-SCR-58000,2025-12-09,2026-03-06,Second Class,142902,United States,Arvada,Colorado,80004,Chocolate,Pacific,CHO-SCR-58000,Wonka Bar -Scrumdiddlyumptious,10.8,3,7.5,3.3,Lot's O' Nuts,87.0
5700,US-2023-128811-CHO-FUD-51000,2025-12-09,2026-03-08,Standard Class,128811,United States,Seattle,Washington,98103,Chocolate,Pacific,CHO-FUD-51000,Wonka Bar - Fudge Mallows,10.8,3,7.2,3.6,Lot's O' Nuts,89.0
5701,US-2023-152457-CHO-TRI-54000,2025-12-09,2026-03-10,Standard Class,152457,United States,Roseville,Michigan,48066,Chocolate,Interior,CHO-TRI-54000,Wonka Bar - Triple Dazzle Caramel,11.25,3,7.35,3.9,Wicked Choccy's,91.0
5702,US-2023-123946-CHO-MIL-31000,2025-12-09,2026-03-09,Standard Class,123946,United States,Springfield,Virginia,22153,Chocolate,Gulf,CHO-MIL-31000,Wonka Bar - Milk Chocolate,16.25,5,10.55,5.7,Wicked Choccy's,90.0
5703,US-2023-123946-CHO-MIL-31000,2025-12-09,2026-03-09,Standard Class,123946,United States,Springfield,Virginia,22153,Chocolate,Gulf,CHO-MIL-31000,Wonka Bar - Milk Chocolate,9.75,3,6.33,3.42,Wicked Choccy's,90.0
5704,US-2023-151148-OTH-GUM-21000,2025-12-09,2026-03-05,Same Day,151148,United States,Louisville,Colorado,80027,Other,Pacific,OTH-GUM-21000,Wonka Gum,3.75,3,1.95,1.8,Secret Factory,86.0
5881,US-2023-157686-CHO-TRI-54000,2025-01-10,2025-03-24,First Class,157686,United States,San Francisco,California,94122,Chocolate,Pacific,CHO-TRI-54000,Wonka Bar - Triple Dazzle Caramel,15.0,4,9.8,5.2,Wicked Choccy's,73.0
5882,US-2023-155992-CHO-MIL-31000,2025-01-10,2025-03-24,First Class,155992,United States,La Porte,Indiana,46350,Chocolate,Interior,CHO-MIL-31000,Wonka Bar - Milk Chocolate,16.25,5,10.55,5.7,Wicked Choccy's,73.0
5883,US-2023-139157-CHO-NUT-13000,2025-01-10,2025-03-27,Standard Class,139157,United States,New York City,New York,10024,Chocolate,Atlantic,CHO-NUT-13000,Wonka Bar - Nutty Crunch Surprise,3.49,1,2.49,1.0,Lot's O' Nuts,76.0
5884,US-2023-116918-CHO-MIL-31000,2025-01-10,2025-03-28,Second Class,116918,United States,Hialeah,Florida,33012,Chocolate,Gulf,CHO-MIL-31000,Wonka Bar - Milk Chocolate,26.0,8,16.88,9.12,Wicked Choccy's,77.0
5885,US-2023-116918-CHO-SCR-58000,2025-01-10,2025-03-28,Second Class,116918,United States,Hialeah,Florida,33012,Chocolate,Gulf,CHO-SCR-58000,Wonka Bar -Scrumdiddlyumptious,14.4,4,10.0,4.4,Lot's O' Nuts,77.0
5886,US-2023-111794-CHO-FUD-51000,2025-01-10,2025-03-23,Same Day,111794,United States,Amarillo,Texas,79109,Chocolate,Interior,CHO-FUD-51000,Wonka Bar - Fudge Mallows,3.6,1,2.4,1.2,Lot's O' Nuts,72.0
5887,US-2023-111794-CHO-FUD-51000,2025-01-10,2025-03-23,Same Day,111794,United States,Amarillo,Texas,79109,Chocolate,Interior,CHO-FUD-51000,Wonka Bar - Fudge Mallows,10.8,3,7.2,3.6,Lot's O' Nuts,72.0
5888,US-2023-155992-CHO-FUD-51000,2025-01-10,2025-03-24,First Class,155992,United States,La Porte,Indiana,46350,Chocolate,Interior,CHO-FUD-51000,Wonka Bar - Fudge Mallows,7.2,2,4.8,2.4,Lot's O' Nuts,73.0
5889,US-2023-134376-CHO-FUD-51000,2025-02-10,2025-03-28,Standard Class,134376,United States,New York City,New York,10024,Chocolate,Atlantic,CHO-FUD-51000,Wonka Bar - Fudge Mallows,10.8,3,7.2,3.6,Lot's O' Nuts,46.0
5890,US-2023-118689-CHO-SCR-58000,2025-02-10,2025-03-31,Standard Class,118689,United States,Lafayette,Indiana,47905,Chocolate,Interior,CHO-SCR-58000,Wonka Bar -Scrumdiddlyumptious,7.2,2,5.0,2.2,Lot's O' Nuts,49.0
5891,US-2023-118969-CHO-TRI-54000,2025-02-10,2025-03-25,First Class,118969,United States,Phoenix,Arizona,85023,Chocolate,Pacific,CHO-TRI-54000,Wonka Bar - Triple Dazzle Caramel,22.5,6,14.7,7.8,Wicked Choccy's,43.0
5892,US-2023-118689-CHO-SCR-58000,2025-02-10,2025-03-31,Standard Class,118689,United States,Lafayette,Indiana,47905,Chocolate,Interior,CHO-SCR-58000,Wonka Bar -Scrumdiddlyumptious,25.2,7,17.5,7.7,Lot's O' Nuts,49.0
5893,US-2023-118689-CHO-NUT-13000,2025-02-10,2025-03-31,Standard Class,118689,United States,Lafayette,Indiana,47905,Chocolate,Interior,CHO-NUT-13000,Wonka Bar - Nutty Crunch Surprise,6.98,2,4.98,2.0,Lot's O' Nuts,49.0
5894,US-2023-118689-CHO-MIL-31000,2025-02-10,2025-03-31,Standard Class,118689,United States,Lafayette,Indiana,47905,Chocolate,Interior,CHO-MIL-31000,Wonka Bar - Milk Chocolate,6.5,2,4.22,2.28,Wicked Choccy's,49.0
5895,US-2023-118689-CHO-NUT-13000,2025-02-10,2025-03-31,Standard Class,118689,United States,Lafayette,Indiana,47905,Chocolate,Interior,CHO-NUT-13000,Wonka Bar - Nutty Crunch Surprise,17.45,5,12.45,5.0,Lot's O' Nuts,49.0
5896,US-2023-144939-CHO-SCR-58000,2025-03-10,2025-03-30,Standard Class,144939,United States,New York City,New York,10035,Chocolate,Atlantic,CHO-SCR-58000,Wonka Bar -Scrumdiddlyumptious,21.6,6,15.0,6.6,Lot's O' Nuts,20.0
5897,US-2023-101672-CHO-SCR-58000,2025-03-10,2025-03-29,Standard Class,101672,United States,Lake Forest,California,92630,Chocolate,Pacific,CHO-SCR-58000,Wonka Bar -Scrumdiddlyumptious,14.4,4,10.0,4.4,Lot's O' Nuts,19.0
5898,US-2023-103919-CHO-SCR-58000,2025-03-10,2025-03-29,Standard Class,103919,United States,Grand Prairie,Texas,75051,Chocolate,Interior,CHO-SCR-58000,Wonka Bar -Scrumdiddlyumptious,18.0,5,12.5,5.5,Lot's O' Nuts,19.0
5899,US-2023-140634-CHO-SCR-58000,2025-03-10,2025-03-28,Second Class,140634,United States,Houston,Texas,77095,Chocolate,Interior,CHO-SCR-58000,Wonka Bar -Scrumdiddlyumptious,7.2,2,5.0,2.2,Lot's O' Nuts,18.0
5900,US-2023-101672-CHO-NUT-13000,2025-03-10,2025-03-29,Standard Class,101672,United States,Lake Forest,California,92630,Chocolate,Pacific,CHO-NUT-13000,Wonka Bar - Nutty Crunch Surprise,6.98,2,4.98,2.0,Lot's O' Nuts,19.0
5901,US-2023-101672-CHO-TRI-54000,2025-03-10,2025-03-29,Standard Class,101672,United States,Lake Forest,California,92630,Chocolate,Pacific,CHO-TRI-54000,Wonka Bar - Triple Dazzle Caramel,7.5,2,4.9,2.6,Wicked Choccy's,19.0
5902,US-2023-101672-CHO-TRI-54000,2025-03-10,2025-03-29,Standard Class,101672,United States,Lake Forest,California,92630,Chocolate,Pacific,CHO-TRI-54000,Wonka Bar - Triple Dazzle Caramel,7.5,2,4.9,2.6,Wicked Choccy's,19.0
5903,US-2023-145709-CHO-MIL-31000,2025-04-10,2026-03-30,Standard Class,145709,United States,Coral Gables,Florida,33134,Chocolate,Gulf,CHO-MIL-31000,Wonka Bar - Milk Chocolate,9.75,3,6.33,3.42,Wicked Choccy's,354.0
5904,US-2023-131296-CHO-TRI-54000,2025-04-10,2026-03-31,Standard Class,131296,United States,Baltimore,Maryland,21215,Chocolate,Atlantic,CHO-TRI-54000,Wonka Bar - Triple Dazzle Caramel,7.5,2,4.9,2.6,Wicked Choccy's,355.0
5905,US-2023-140158-CHO-SCR-58000,2025-04-10,2026-03-30,Standard Class,140158,United States,Providence,Rhode Island,2908,Chocolate,Atlantic,CHO-SCR-58000,Wonka Bar -Scrumdiddlyumptious,3.6,1,2.5,1.1,Lot's O' Nuts,354.0
5906,US-2023-121601-CHO-TRI-54000,2025-04-10,2026-03-26,Same Day,121601,United States,The Colony,Texas,75056,Chocolate,Interior,CHO-TRI-54000,Wonka Bar - Triple Dazzle Caramel,26.25,7,17.15,9.1,Wicked Choccy's,350.0
5907,US-2023-140158-SUG-SWE-91000,2025-04-10,2026-03-30,Standard Class,140158,United States,Providence,Rhode Island,2908,Sugar,Atlantic,SUG-SWE-91000,SweeTARTS,4.5,3,2.1,2.4,Sugar Shack,354.0
5908,US-2023-140158-CHO-TRI-54000,2025-04-10,2026-03-30,Standard Class,140158,United States,Providence,Rhode Island,2908,Chocolate,Atlantic,CHO-TRI-54000,Wonka Bar - Triple Dazzle Caramel,33.75,9,22.05,11.7,Wicked Choccy's,354.0
5909,US-2023-145709-CHO-SCR-58000,2025-04-10,2026-03-30,Standard Class,145709,United States,Coral Gables,Florida,33134,Chocolate,Gulf,CHO-SCR-58000,Wonka Bar -Scrumdiddlyumptious,10.8,3,7.5,3.3,Lot's O' Nuts,354.0
5910,US-2023-157490-CHO-MIL-31000,2025-06-10,2026-03-29,First Class,157490,United States,Pueblo,Colorado,81001,Chocolate,Pacific,CHO-MIL-31000,Wonka Bar - Milk Chocolate,13.0,4,8.44,4.56,Wicked Choccy's,292.0
5911,US-2023-157490-CHO-NUT-13000,2025-06-10,2026-03-29,First Class,157490,United States,Pueblo,Colorado,81001,Chocolate,Pacific,CHO-NUT-13000,Wonka Bar - Nutty Crunch Surprise,13.96,4,9.96,4.0,Lot's O' Nuts,292.0
5912,US-2023-115952-CHO-NUT-13000,2025-06-10,2026-03-28,Same Day,115952,United States,Tulsa,Oklahoma,74133,Chocolate,Interior,CHO-NUT-13000,Wonka Bar - Nutty Crunch Surprise,17.45,5,12.45,5.0,Lot's O' Nuts,291.0
5913,US-2023-157490-CHO-SCR-58000,2025-06-10,2026-03-29,First Class,157490,United States,Pueblo,Colorado,81001,Chocolate,Pacific,CHO-SCR-58000,Wonka Bar -Scrumdiddlyumptious,18.0,5,12.5,5.5,Lot's O' Nuts,292.0
5914,US-2023-157490-SUG-EVE-47000,2025-06-10,2026-03-29,First Class,157490,United States,Pueblo,Colorado,81001,Sugar,Pacific,SUG-EVE-47000,Everlasting Gobstopper,60.0,6,48.0,12.0,Secret Factory,292.0
5915,US-2023-162614-CHO-TRI-54000,2025-07-10,2026-04-04,Standard Class,162614,United States,Los Angeles,California,90049,Chocolate,Pacific,CHO-TRI-54000,Wonka Bar - Triple Dazzle Caramel,7.5,2,4.9,2.6,Wicked Choccy's,268.0
5916,US-2023-139808-CHO-MIL-31000,2025-07-10,2026-04-02,Standard Class,139808,United States,Marysville,Washington,98270,Chocolate,Pacific,CHO-MIL-31000,Wonka Bar - Milk Chocolate,39.0,12,25.32,13.68,Wicked Choccy's,266.0
5917,US-2023-163216-CHO-TRI-54000,2025-07-10,2026-04-01,First Class,163216,United States,Philadelphia,Pennsylvania,19143,Chocolate,Atlantic,CHO-TRI-54000,Wonka Bar - Triple Dazzle Caramel,7.5,2,4.9,2.6,Wicked Choccy's,265.0
5918,US-2023-155033-CHO-FUD-51000,2025-07-10,2026-04-03,Standard Class,155033,United States,Los Angeles,California,90032,Chocolate,Pacific,CHO-FUD-51000,Wonka Bar - Fudge Mallows,7.2,2,4.8,2.4,Lot's O' Nuts,267.0
5919,US-2023-127649-CHO-TRI-54000,2025-07-10,2026-03-31,First Class,127649,United States,Spokane,Washington,99207,Chocolate,Pacific,CHO-TRI-54000,Wonka Bar - Triple Dazzle Caramel,11.25,3,7.35,3.9,Wicked Choccy's,264.0
5920,US-2023-126844-CHO-NUT-13000,2025-08-10,2026-04-05,Standard Class,126844,United States,Houston,Texas,77070,Chocolate,Interior,CHO-NUT-13000,Wonka Bar - Nutty Crunch Surprise,27.92,8,19.92,8.0,Lot's O' Nuts,238.0
5921,US-2023-149685-CHO-TRI-54000,2025-08-10,2026-04-06,Standard Class,149685,United States,San Antonio,Texas,78207,Chocolate,Interior,CHO-TRI-54000,Wonka Bar - Triple Dazzle Caramel,22.5,6,14.7,7.8,Wicked Choccy's,239.0
5922,US-2023-162026-CHO-TRI-54000,2025-08-10,2026-03-30,Same Day,162026,United States,Los Angeles,California,90036,Chocolate,Pacific,CHO-TRI-54000,Wonka Bar - Triple Dazzle Caramel,7.5,2,4.9,2.6,Wicked Choccy's,232.0
5923,US-2023-135636-CHO-NUT-13000,2025-08-10,2026-04-04,Standard Class,135636,United States,Charlotte,North Carolina,28205,Chocolate,Gulf,CHO-NUT-13000,Wonka Bar - Nutty Crunch Surprise,17.45,5,12.45,5.0,Lot's O' Nuts,237.0
5924,US-2023-114748-CHO-MIL-31000,2025-09-10,2026-04-05,Standard Class,114748,United States,Phoenix,Arizona,85023,Chocolate,Pacific,CHO-MIL-31000,Wonka Bar - Milk Chocolate,6.5,2,4.22,2.28,Wicked Choccy's,207.0
5925,US-2023-128909-CHO-NUT-13000,2025-09-10,2026-04-02,Second Class,128909,United States,Philadelphia,Pennsylvania,19143,Chocolate,Atlantic,CHO-NUT-13000,Wonka Bar - Nutty Crunch Surprise,13.96,4,9.96,4.0,Lot's O' Nuts,204.0
5926,US-2023-114748-CHO-SCR-58000,2025-09-10,2026-04-05,Standard Class,114748,United States,Phoenix,Arizona,85023,Chocolate,Pacific,CHO-SCR-58000,Wonka Bar -Scrumdiddlyumptious,3.6,1,2.5,1.1,Lot's O' Nuts,207.0
5927,US-2023-128909-CHO-MIL-31000,2025-09-10,2026-04-02,Second Class,128909,United States,Philadelphia,Pennsylvania,19143,Chocolate,Atlantic,CHO-MIL-31000,Wonka Bar - Milk Chocolate,13.0,4,8.44,4.56,Wicked Choccy's,204.0
5928,US-2023-116974-CHO-SCR-58000,2025-09-10,2026-04-06,Standard Class,116974,United States,Troy,Ohio,45373,Chocolate,Atlantic,CHO-SCR-58000,Wonka Bar -Scrumdiddlyumptious,14.4,4,10.0,4.4,Lot's O' Nuts,208.0
5929,US-2023-157707-OTH-LIC-15000,2025-10-10,2026-04-03,First Class,157707,United States,Denver,Colorado,80219,Other,Pacific,OTH-LIC-15000,Lickable Wallpaper,60.0,3,30.0,30.0,Secret Factory,175.0
5930,US-2023-157707-CHO-SCR-58000,2025-10-10,2026-04-03,First Class,157707,United States,Denver,Colorado,80219,Chocolate,Pacific,CHO-SCR-58000,Wonka Bar -Scrumdiddlyumptious,3.6,1,2.5,1.1,Lot's O' Nuts,175.0
5931,US-2023-126627-CHO-FUD-51000,2025-10-10,2026-04-03,First Class,126627,United States,La Porte,Texas,77571,Chocolate,Interior,CHO-FUD-51000,Wonka Bar - Fudge Mallows,14.4,4,9.6,4.8,Lot's O' Nuts,175.0
5932,US-2023-126627-CHO-MIL-31000,2025-10-10,2026-04-03,First Class,126627,United States,La Porte,Texas,77571,Chocolate,Interior,CHO-MIL-31000,Wonka Bar - Milk Chocolate,6.5,2,4.22,2.28,Wicked Choccy's,175.0
5933,US-2023-150357-CHO-SCR-58000,2025-10-10,2026-04-05,Standard Class,150357,United States,Greensboro,North Carolina,27405,Chocolate,Gulf,CHO-SCR-58000,Wonka Bar -Scrumdiddlyumptious,10.8,3,7.5,3.3,Lot's O' Nuts,177.0
5934,US-2023-150357-CHO-TRI-54000,2025-10-10,2026-04-05,Standard Class,150357,United States,Greensboro,North Carolina,27405,Chocolate,Gulf,CHO-TRI-54000,Wonka Bar - Triple Dazzle Caramel,7.5,2,4.9,2.6,Wicked Choccy's,177.0
5935,US-2023-157707-CHO-NUT-13000,2025-10-10,2026-04-03,First Class,157707,United States,Denver,Colorado,80219,Chocolate,Pacific,CHO-NUT-13000,Wonka Bar - Nutty Crunch Surprise,3.49,1,2.49,1.0,Lot's O' Nuts,175.0
5936,CA-2023-126627-CHO-FUD-51000,2025-10-10,2026-04-03,First Class,126627,Canada,Winnipeg,Manitoba,R3R,Chocolate,Interior,CHO-FUD-51000,Wonka Bar - Fudge Mallows,3.6,1,2.4,1.2,Lot's O' Nuts,175.0
5937,CA-2023-126627-CHO-MIL-31000,2025-10-10,2026-04-03,First Class,126627,Canada,Winnipeg,Manitoba,R3R,Chocolate,Interior,CHO-MIL-31000,Wonka Bar - Milk Chocolate,3.25,1,2.11,1.14,Wicked Choccy's,175.0
5938,US-2023-113390-CHO-MIL-31000,2025-11-10,2026-04-06,Standard Class,113390,United States,Chicago,Illinois,60610,Chocolate,Interior,CHO-MIL-31000,Wonka Bar - Milk Chocolate,9.75,3,6.33,3.42,Wicked Choccy's,147.0
5939,US-2023-113390-CHO-MIL-31000,2025-11-10,2026-04-06,Standard Class,113390,United States,Chicago,Illinois,60610,Chocolate,Interior,CHO-MIL-31000,Wonka Bar - Milk Chocolate,6.5,2,4.22,2.28,Wicked Choccy's,147.0
6080,US-2023-159212-CHO-FUD-51000,2025-01-11,2025-04-27,Standard Class,159212,United States,Salem,Virginia,24153,Chocolate,Gulf,CHO-FUD-51000,Wonka Bar - Fudge Mallows,10.8,3,7.2,3.6,Lot's O' Nuts,106.0
6081,US-2023-100671-CHO-NUT-13000,2025-01-11,2025-04-26,First Class,100671,United States,Conroe,Texas,77301,Chocolate,Interior,CHO-NUT-13000,Wonka Bar - Nutty Crunch Surprise,31.41,9,22.41,9.0,Lot's O' Nuts,105.0
6082,US-2023-129196-CHO-FUD-51000,2025-01-11,2025-04-29,Standard Class,129196,United States,Chicago,Illinois,60610,Chocolate,Interior,CHO-FUD-51000,Wonka Bar - Fudge Mallows,10.8,3,7.2,3.6,Lot's O' Nuts,108.0
6083,US-2023-159212-CHO-TRI-54000,2025-01-11,2025-04-27,Standard Class,159212,United States,Salem,Virginia,24153,Chocolate,Gulf,CHO-TRI-54000,Wonka Bar - Triple Dazzle Caramel,7.5,2,4.9,2.6,Wicked Choccy's,106.0
6084,US-2023-114972-CHO-MIL-31000,2025-03-11,2025-04-28,First Class,114972,United States,Los Angeles,California,90032,Chocolate,Pacific,CHO-MIL-31000,Wonka Bar - Milk Chocolate,6.5,2,4.22,2.28,Wicked Choccy's,48.0
6085,US-2023-134180-CHO-NUT-13000,2025-03-11,2025-04-29,Standard Class,134180,United States,Philadelphia,Pennsylvania,19120,Chocolate,Atlantic,CHO-NUT-13000,Wonka Bar - Nutty Crunch Surprise,24.43,7,17.43,7.0,Lot's O' Nuts,49.0
6086,US-2023-168893-CHO-MIL-31000,2025-03-11,2025-04-30,Second Class,168893,United States,Henderson,Kentucky,42420,Chocolate,Gulf,CHO-MIL-31000,Wonka Bar - Milk Chocolate,16.25,5,10.55,5.7,Wicked Choccy's,50.0
6087,US-2023-168893-CHO-TRI-54000,2025-03-11,2025-04-30,Second Class,168893,United States,Henderson,Kentucky,42420,Chocolate,Gulf,CHO-TRI-54000,Wonka Bar - Triple Dazzle Caramel,11.25,3,7.35,3.9,Wicked Choccy's,50.0
6088,US-2023-109365-CHO-MIL-31000,2025-03-11,2025-04-30,Standard Class,109365,United States,Los Angeles,California,90049,Chocolate,Pacific,CHO-MIL-31000,Wonka Bar - Milk Chocolate,6.5,2,4.22,2.28,Wicked Choccy's,50.0
6089,US-2023-114972-CHO-MIL-31000,2025-03-11,2025-04-28,First Class,114972,United States,Los Angeles,California,90032,Chocolate,Pacific,CHO-MIL-31000,Wonka Bar - Milk Chocolate,13.0,4,8.44,4.56,Wicked Choccy's,48.0
6090,US-2023-128867-CHO-MIL-31000,2025-03-11,2025-05-02,Standard Class,128867,United States,Urbandale,Iowa,50322,Chocolate,Interior,CHO-MIL-31000,Wonka Bar - Milk Chocolate,6.5,2,4.22,2.28,Wicked Choccy's,52.0
6091,US-2023-168893-CHO-SCR-58000,2025-03-11,2025-04-30,Second Class,168893,United States,Henderson,Kentucky,42420,Chocolate,Gulf,CHO-SCR-58000,Wonka Bar -Scrumdiddlyumptious,10.8,3,7.5,3.3,Lot's O' Nuts,50.0
6092,US-2023-127250-CHO-NUT-13000,2025-03-11,2025-04-29,Standard Class,127250,United States,Marysville,Washington,98270,Chocolate,Pacific,CHO-NUT-13000,Wonka Bar - Nutty Crunch Surprise,10.47,3,7.47,3.0,Lot's O' Nuts,49.0
6093,US-2023-168893-CHO-NUT-13000,2025-03-11,2025-04-30,Second Class,168893,United States,Henderson,Kentucky,42420,Chocolate,Gulf,CHO-NUT-13000,Wonka Bar - Nutty Crunch Surprise,3.49,1,2.49,1.0,Lot's O' Nuts,50.0
6094,US-2023-109365-CHO-MIL-31000,2025-03-11,2025-04-30,Standard Class,109365,United States,Los Angeles,California,90049,Chocolate,Pacific,CHO-MIL-31000,Wonka Bar - Milk Chocolate,6.5,2,4.22,2.28,Wicked Choccy's,50.0
6095,US-2023-159023-CHO-SCR-58000,2025-03-11,2025-04-27,First Class,159023,United States,Portland,Oregon,97206,Chocolate,Pacific,CHO-SCR-58000,Wonka Bar -Scrumdiddlyumptious,25.2,7,17.5,7.7,Lot's O' Nuts,47.0
6096,US-2023-128867-CHO-FUD-51000,2025-03-11,2025-05-02,Standard Class,128867,United States,Urbandale,Iowa,50322,Chocolate,Interior,CHO-FUD-51000,Wonka Bar - Fudge Mallows,21.6,6,14.4,7.2,Lot's O' Nuts,52.0
6097,US-2023-109365-CHO-FUD-51000,2025-03-11,2025-04-30,Standard Class,109365,United States,Los Angeles,California,90049,Chocolate,Pacific,CHO-FUD-51000,Wonka Bar - Fudge Mallows,43.2,12,28.8,14.4,Lot's O' Nuts,50.0
6098,US-2023-109365-CHO-NUT-13000,2025-03-11,2025-04-30,Standard Class,109365,United States,Los Angeles,California,90049,Chocolate,Pacific,CHO-NUT-13000,Wonka Bar - Nutty Crunch Surprise,24.43,7,17.43,7.0,Lot's O' Nuts,50.0
6099,US-2023-168893-CHO-TRI-54000,2025-03-11,2025-04-30,Second Class,168893,United States,Henderson,Kentucky,42420,Chocolate,Gulf,CHO-TRI-54000,Wonka Bar - Triple Dazzle Caramel,15.0,4,9.8,5.2,Wicked Choccy's,50.0
6100,US-2023-114972-CHO-TRI-54000,2025-03-11,2025-04-28,First Class,114972,United States,Los Angeles,California,90032,Chocolate,Pacific,CHO-TRI-54000,Wonka Bar - Triple Dazzle Caramel,26.25,7,17.15,9.1,Wicked Choccy's,48.0
6101,US-2023-109365-CHO-FUD-51000,2025-03-11,2025-04-30,Standard Class,109365,United States,Los Angeles,California,90049,Chocolate,Pacific,CHO-FUD-51000,Wonka Bar - Fudge Mallows,10.8,3,7.2,3.6,Lot's O' Nuts,50.0
6102,US-2023-109365-CHO-TRI-54000,2025-03-11,2025-04-30,Standard Class,109365,United States,Los Angeles,California,90049,Chocolate,Pacific,CHO-TRI-54000,Wonka Bar - Triple Dazzle Caramel,11.25,3,7.35,3.9,Wicked Choccy's,50.0
6103,US-2023-160136-CHO-SCR-58000,2025-03-11,2025-05-01,Standard Class,160136,United States,Dallas,Texas,75217,Chocolate,Interior,CHO-SCR-58000,Wonka Bar -Scrumdiddlyumptious,7.2,2,5.0,2.2,Lot's O' Nuts,51.0
6104,US-2023-109365-CHO-TRI-54000,2025-03-11,2025-04-30,Standard Class,109365,United States,Los Angeles,California,90049,Chocolate,Pacific,CHO-TRI-54000,Wonka Bar - Triple Dazzle Caramel,11.25,3,7.35,3.9,Wicked Choccy's,50.0
6105,US-2023-114972-CHO-MIL-31000,2025-03-11,2025-04-28,First Class,114972,United States,Los Angeles,California,90032,Chocolate,Pacific,CHO-MIL-31000,Wonka Bar - Milk Chocolate,16.25,5,10.55,5.7,Wicked Choccy's,48.0
6106,US-2023-134180-CHO-TRI-54000,2025-03-11,2025-04-29,Standard Class,134180,United States,Philadelphia,Pennsylvania,19120,Chocolate,Atlantic,CHO-TRI-54000,Wonka Bar - Triple Dazzle Caramel,3.75,1,2.45,1.3,Wicked Choccy's,49.0
6107,US-2023-159023-CHO-TRI-54000,2025-03-11,2025-04-27,First Class,159023,United States,Portland,Oregon,97206,Chocolate,Pacific,CHO-TRI-54000,Wonka Bar - Triple Dazzle Caramel,11.25,3,7.35,3.9,Wicked Choccy's,47.0
6108,US-2023-163328-CHO-NUT-13000,2025-04-11,2025-04-28,Second Class,163328,United States,Eugene,Oregon,97405,Chocolate,Pacific,CHO-NUT-13000,Wonka Bar - Nutty Crunch Surprise,10.47,3,7.47,3.0,Lot's O' Nuts,17.0
6109,US-2023-163328-CHO-SCR-58000,2025-04-11,2025-04-28,Second Class,163328,United States,Eugene,Oregon,97405,Chocolate,Pacific,CHO-SCR-58000,Wonka Bar -Scrumdiddlyumptious,3.6,1,2.5,1.1,Lot's O' Nuts,17.0
6110,US-2023-111563-CHO-FUD-51000,2025-04-11,2025-04-30,Standard Class,111563,United States,Houston,Texas,77041,Chocolate,Interior,CHO-FUD-51000,Wonka Bar - Fudge Mallows,14.4,4,9.6,4.8,Lot's O' Nuts,19.0
6111,US-2023-165827-CHO-TRI-54000,2025-04-11,2025-05-01,Standard Class,165827,United States,Miami,Florida,33180,Chocolate,Gulf,CHO-TRI-54000,Wonka Bar - Triple Dazzle Caramel,22.5,6,14.7,7.8,Wicked Choccy's,20.0
6112,US-2023-111563-CHO-MIL-31000,2025-04-11,2025-04-30,Standard Class,111563,United States,Houston,Texas,77041,Chocolate,Interior,CHO-MIL-31000,Wonka Bar - Milk Chocolate,9.75,3,6.33,3.42,Wicked Choccy's,19.0
6113,US-2023-163755-CHO-TRI-54000,2025-04-11,2025-04-30,Second Class,163755,United States,Seattle,Washington,98103,Chocolate,Pacific,CHO-TRI-54000,Wonka Bar - Triple Dazzle Caramel,11.25,3,7.35,3.9,Wicked Choccy's,19.0
6114,US-2023-166443-CHO-NUT-13000,2025-04-11,2025-04-27,First Class,166443,United States,San Francisco,California,94122,Chocolate,Pacific,CHO-NUT-13000,Wonka Bar - Nutty Crunch Surprise,24.43,7,17.43,7.0,Lot's O' Nuts,16.0
6115,US-2023-162236-CHO-TRI-54000,2025-04-11,2025-04-28,Second Class,162236,United States,Charlotte,North Carolina,28205,Chocolate,Gulf,CHO-TRI-54000,Wonka Bar - Triple Dazzle Caramel,37.5,10,24.5,13.0,Wicked Choccy's,17.0
6116,US-2023-146766-CHO-MIL-31000,2025-04-11,2025-04-26,Same Day,146766,United States,Chula Vista,California,91911,Chocolate,Pacific,CHO-MIL-31000,Wonka Bar - Milk Chocolate,13.0,4,8.44,4.56,Wicked Choccy's,15.0
6117,US-2023-119018-OTH-GUM-21000,2025-04-11,2025-04-30,Standard Class,119018,United States,Los Angeles,California,90004,Other,Pacific,OTH-GUM-21000,Wonka Gum,1.25,1,0.65,0.6,Secret Factory,19.0
6118,US-2023-119018-CHO-FUD-51000,2025-04-11,2025-04-30,Standard Class,119018,United States,Los Angeles,California,90004,Chocolate,Pacific,CHO-FUD-51000,Wonka Bar - Fudge Mallows,7.2,2,4.8,2.4,Lot's O' Nuts,19.0
6119,US-2023-143308-CHO-SCR-58000,2025-04-11,2025-04-26,Same Day,143308,United States,Louisville,Kentucky,40214,Chocolate,Gulf,CHO-SCR-58000,Wonka Bar -Scrumdiddlyumptious,10.8,3,7.5,3.3,Lot's O' Nuts,15.0
6120,US-2023-163328-CHO-FUD-51000,2025-04-11,2025-04-28,Second Class,163328,United States,Eugene,Oregon,97405,Chocolate,Pacific,CHO-FUD-51000,Wonka Bar - Fudge Mallows,28.8,8,19.2,9.6,Lot's O' Nuts,17.0
6121,US-2023-163328-CHO-NUT-13000,2025-04-11,2025-04-28,Second Class,163328,United States,Eugene,Oregon,97405,Chocolate,Pacific,CHO-NUT-13000,Wonka Bar - Nutty Crunch Surprise,3.49,1,2.49,1.0,Lot's O' Nuts,17.0
6122,US-2023-119018-CHO-NUT-13000,2025-04-11,2025-04-30,Standard Class,119018,United States,Los Angeles,California,90004,Chocolate,Pacific,CHO-NUT-13000,Wonka Bar - Nutty Crunch Surprise,20.94,6,14.94,6.0,Lot's O' Nuts,19.0
6123,US-2023-163328-CHO-TRI-54000,2025-04-11,2025-04-28,Second Class,163328,United States,Eugene,Oregon,97405,Chocolate,Pacific,CHO-TRI-54000,Wonka Bar - Triple Dazzle Caramel,11.25,3,7.35,3.9,Wicked Choccy's,17.0
6124,US-2023-162236-CHO-MIL-31000,2025-04-11,2025-04-28,Second Class,162236,United States,Charlotte,North Carolina,28205,Chocolate,Gulf,CHO-MIL-31000,Wonka Bar - Milk Chocolate,6.5,2,4.22,2.28,Wicked Choccy's,17.0
6125,US-2023-163328-OTH-LIC-15000,2025-04-11,2025-04-28,Second Class,163328,United States,Eugene,Oregon,97405,Other,Pacific,OTH-LIC-15000,Lickable Wallpaper,140.0,7,70.0,70.0,Secret Factory,17.0
6126,US-2023-162236-CHO-FUD-51000,2025-04-11,2025-04-28,Second Class,162236,United States,Charlotte,North Carolina,28205,Chocolate,Gulf,CHO-FUD-51000,Wonka Bar - Fudge Mallows,7.2,2,4.8,2.4,Lot's O' Nuts,17.0
6127,US-2023-158260-CHO-TRI-54000,2025-04-11,2025-04-30,Standard Class,158260,United States,San Diego,California,92037,Chocolate,Pacific,CHO-TRI-54000,Wonka Bar - Triple Dazzle Caramel,7.5,2,4.9,2.6,Wicked Choccy's,19.0
6128,US-2023-131611-CHO-TRI-54000,2025-05-11,2026-05-01,Standard Class,131611,United States,Houston,Texas,77036,Chocolate,Interior,CHO-TRI-54000,Wonka Bar - Triple Dazzle Caramel,26.25,7,17.15,9.1,Wicked Choccy's,355.0
6129,US-2023-144092-CHO-NUT-13000,2025-05-11,2026-04-29,Second Class,144092,United States,San Jose,California,95123,Chocolate,Pacific,CHO-NUT-13000,Wonka Bar - Nutty Crunch Surprise,6.98,2,4.98,2.0,Lot's O' Nuts,353.0
6130,US-2023-157280-CHO-FUD-51000,2025-05-11,2026-04-29,First Class,157280,United States,Virginia Beach,Virginia,23464,Chocolate,Gulf,CHO-FUD-51000,Wonka Bar - Fudge Mallows,18.0,5,12.0,6.0,Lot's O' Nuts,353.0
6131,US-2023-157280-CHO-MIL-31000,2025-05-11,2026-04-29,First Class,157280,United States,Virginia Beach,Virginia,23464,Chocolate,Gulf,CHO-MIL-31000,Wonka Bar - Milk Chocolate,6.5,2,4.22,2.28,Wicked Choccy's,353.0
6132,US-2023-131611-CHO-SCR-58000,2025-05-11,2026-05-01,Standard Class,131611,United States,Houston,Texas,77036,Chocolate,Interior,CHO-SCR-58000,Wonka Bar -Scrumdiddlyumptious,28.8,8,20.0,8.8,Lot's O' Nuts,355.0
6133,US-2023-165078-CHO-NUT-13000,2025-05-11,2026-05-02,Standard Class,165078,United States,Lawrence,Indiana,46226,Chocolate,Interior,CHO-NUT-13000,Wonka Bar - Nutty Crunch Surprise,6.98,2,4.98,2.0,Lot's O' Nuts,356.0
6134,US-2023-131611-CHO-FUD-51000,2025-05-11,2026-05-01,Standard Class,131611,United States,Houston,Texas,77036,Chocolate,Interior,CHO-FUD-51000,Wonka Bar - Fudge Mallows,10.8,3,7.2,3.6,Lot's O' Nuts,355.0
6135,US-2023-165078-CHO-FUD-51000,2025-05-11,2026-05-02,Standard Class,165078,United States,Lawrence,Indiana,46226,Chocolate,Interior,CHO-FUD-51000,Wonka Bar - Fudge Mallows,18.0,5,12.0,6.0,Lot's O' Nuts,356.0
6136,US-2023-148908-CHO-MIL-31000,2025-05-11,2026-04-30,First Class,148908,United States,San Francisco,California,94109,Chocolate,Pacific,CHO-MIL-31000,Wonka Bar - Milk Chocolate,6.5,2,4.22,2.28,Wicked Choccy's,354.0
6137,US-2023-140207-CHO-NUT-13000,2025-05-11,2026-05-02,Standard Class,140207,United States,San Jose,California,95123,Chocolate,Pacific,CHO-NUT-13000,Wonka Bar - Nutty Crunch Surprise,17.45,5,12.45,5.0,Lot's O' Nuts,356.0
6138,US-2023-131611-CHO-TRI-54000,2025-05-11,2026-05-01,Standard Class,131611,United States,Houston,Texas,77036,Chocolate,Interior,CHO-TRI-54000,Wonka Bar - Triple Dazzle Caramel,11.25,3,7.35,3.9,Wicked Choccy's,355.0
6139,US-2023-144092-CHO-TRI-54000,2025-05-11,2026-04-29,Second Class,144092,United States,San Jose,California,95123,Chocolate,Pacific,CHO-TRI-54000,Wonka Bar - Triple Dazzle Caramel,11.25,3,7.35,3.9,Wicked Choccy's,353.0
6140,US-2023-165078-OTH-GUM-21000,2025-05-11,2026-05-02,Standard Class,165078,United States,Lawrence,Indiana,46226,Other,Interior,OTH-GUM-21000,Wonka Gum,6.25,5,3.25,3.0,Secret Factory,356.0
6141,US-2023-143441-CHO-SCR-58000,2025-05-11,2026-04-27,Same Day,143441,United States,Laredo,Texas,78041,Chocolate,Interior,CHO-SCR-58000,Wonka Bar -Scrumdiddlyumptious,3.6,1,2.5,1.1,Lot's O' Nuts,351.0
6142,US-2023-157280-CHO-SCR-58000,2025-05-11,2026-04-29,First Class,157280,United States,Virginia Beach,Virginia,23464,Chocolate,Gulf,CHO-SCR-58000,Wonka Bar -Scrumdiddlyumptious,10.8,3,7.5,3.3,Lot's O' Nuts,353.0
6143,US-2023-144092-CHO-SCR-58000,2025-05-11,2026-04-29,Second Class,144092,United States,San Jose,California,95123,Chocolate,Pacific,CHO-SCR-58000,Wonka Bar -Scrumdiddlyumptious,14.4,4,10.0,4.4,Lot's O' Nuts,353.0
6144,US-2023-131611-CHO-MIL-31000,2025-05-11,2026-05-01,Standard Class,131611,United States,Houston,Texas,77036,Chocolate,Interior,CHO-MIL-31000,Wonka Bar - Milk Chocolate,16.25,5,10.55,5.7,Wicked Choccy's,355.0
6145,US-2023-125094-CHO-SCR-58000,2025-05-11,2026-05-01,Standard Class,125094,United States,Seattle,Washington,98105,Chocolate,Pacific,CHO-SCR-58000,Wonka Bar -Scrumdiddlyumptious,14.4,4,10.0,4.4,Lot's O' Nuts,355.0
6146,US-2023-106677-CHO-NUT-13000,2025-05-11,2026-05-02,Standard Class,106677,United States,Philadelphia,Pennsylvania,19134,Chocolate,Atlantic,CHO-NUT-13000,Wonka Bar - Nutty Crunch Surprise,6.98,2,4.98,2.0,Lot's O' Nuts,356.0
6147,US-2023-153815-CHO-MIL-31000,2025-06-11,2026-05-01,First Class,153815,United States,Jacksonville,Florida,32216,Chocolate,Gulf,CHO-MIL-31000,Wonka Bar - Milk Chocolate,6.5,2,4.22,2.28,Wicked Choccy's,324.0
6148,US-2023-125969-CHO-TRI-54000,2025-06-11,2026-05-02,Second Class,125969,United States,Los Angeles,California,90004,Chocolate,Pacific,CHO-TRI-54000,Wonka Bar - Triple Dazzle Caramel,7.5,2,4.9,2.6,Wicked Choccy's,325.0
6149,US-2023-125969-CHO-TRI-54000,2025-06-11,2026-05-02,Second Class,125969,United States,Los Angeles,California,90004,Chocolate,Pacific,CHO-TRI-54000,Wonka Bar - Triple Dazzle Caramel,11.25,3,7.35,3.9,Wicked Choccy's,325.0
6150,US-2023-153815-CHO-SCR-58000,2025-06-11,2026-05-01,First Class,153815,United States,Jacksonville,Florida,32216,Chocolate,Gulf,CHO-SCR-58000,Wonka Bar -Scrumdiddlyumptious,7.2,2,5.0,2.2,Lot's O' Nuts,324.0
6151,US-2023-153815-CHO-FUD-51000,2025-06-11,2026-05-01,First Class,153815,United States,Jacksonville,Florida,32216,Chocolate,Gulf,CHO-FUD-51000,Wonka Bar - Fudge Mallows,7.2,2,4.8,2.4,Lot's O' Nuts,324.0
6152,US-2023-153815-CHO-TRI-54000,2025-06-11,2026-05-01,First Class,153815,United States,Jacksonville,Florida,32216,Chocolate,Gulf,CHO-TRI-54000,Wonka Bar - Triple Dazzle Caramel,7.5,2,4.9,2.6,Wicked Choccy's,324.0
6153,US-2023-109925-CHO-MIL-31000,2025-06-11,2026-05-02,Second Class,109925,United States,San Diego,California,92105,Chocolate,Pacific,CHO-MIL-31000,Wonka Bar - Milk Chocolate,9.75,3,6.33,3.42,Wicked Choccy's,325.0
6154,US-2023-152247-CHO-NUT-13000,2025-07-11,2026-05-04,Standard Class,152247,United States,Cheyenne,Wyoming,82001,Chocolate,Pacific,CHO-NUT-13000,Wonka Bar - Nutty Crunch Surprise,13.96,4,9.96,4.0,Lot's O' Nuts,297.0
6155,US-2023-116337-CHO-SCR-58000,2025-07-11,2026-05-04,Standard Class,116337,United States,Dallas,Texas,75220,Chocolate,Interior,CHO-SCR-58000,Wonka Bar -Scrumdiddlyumptious,18.0,5,12.5,5.5,Lot's O' Nuts,297.0
6156,US-2023-147585-CHO-FUD-51000,2025-07-11,2026-05-04,Standard Class,147585,United States,San Francisco,California,94110,Chocolate,Pacific,CHO-FUD-51000,Wonka Bar - Fudge Mallows,10.8,3,7.2,3.6,Lot's O' Nuts,297.0
6157,US-2023-161669-CHO-NUT-13000,2025-07-11,2026-05-01,First Class,161669,United States,Los Angeles,California,90036,Chocolate,Pacific,CHO-NUT-13000,Wonka Bar - Nutty Crunch Surprise,13.96,4,9.96,4.0,Lot's O' Nuts,294.0
6158,US-2023-116379-CHO-NUT-13000,2025-07-11,2026-05-04,Standard Class,116379,United States,San Francisco,California,94122,Chocolate,Pacific,CHO-NUT-13000,Wonka Bar - Nutty Crunch Surprise,6.98,2,4.98,2.0,Lot's O' Nuts,297.0
6159,US-2023-161669-CHO-FUD-51000,2025-07-11,2026-05-01,First Class,161669,United States,Los Angeles,California,90036,Chocolate,Pacific,CHO-FUD-51000,Wonka Bar - Fudge Mallows,14.4,4,9.6,4.8,Lot's O' Nuts,294.0
6160,US-2023-113817-CHO-TRI-54000,2025-07-11,2026-05-03,Standard Class,113817,United States,Seattle,Washington,98115,Chocolate,Pacific,CHO-TRI-54000,Wonka Bar - Triple Dazzle Caramel,7.5,2,4.9,2.6,Wicked Choccy's,296.0
6161,US-2023-132997-CHO-TRI-54000,2025-07-11,2026-05-01,First Class,132997,United States,Rochester,New York,14609,Chocolate,Atlantic,CHO-TRI-54000,Wonka Bar - Triple Dazzle Caramel,7.5,2,4.9,2.6,Wicked Choccy's,294.0
6162,US-2023-139388-CHO-NUT-13000,2025-07-11,2026-05-01,First Class,139388,United States,Lakewood,New Jersey,8701,Chocolate,Atlantic,CHO-NUT-13000,Wonka Bar - Nutty Crunch Surprise,13.96,4,9.96,4.0,Lot's O' Nuts,294.0
6163,US-2023-161669-CHO-SCR-58000,2025-07-11,2026-05-01,First Class,161669,United States,Los Angeles,California,90036,Chocolate,Pacific,CHO-SCR-58000,Wonka Bar -Scrumdiddlyumptious,7.2,2,5.0,2.2,Lot's O' Nuts,294.0
6164,US-2023-164896-CHO-TRI-54000,2025-07-11,2026-05-04,Standard Class,164896,United States,Oceanside,California,92054,Chocolate,Pacific,CHO-TRI-54000,Wonka Bar - Triple Dazzle Caramel,7.5,2,4.9,2.6,Wicked Choccy's,297.0
6165,US-2023-132997-CHO-MIL-31000,2025-07-11,2026-05-01,First Class,132997,United States,Rochester,New York,14609,Chocolate,Atlantic,CHO-MIL-31000,Wonka Bar - Milk Chocolate,6.5,2,4.22,2.28,Wicked Choccy's,294.0
6166,US-2023-116337-CHO-SCR-58000,2025-07-11,2026-05-04,Standard Class,116337,United States,Dallas,Texas,75220,Chocolate,Interior,CHO-SCR-58000,Wonka Bar -Scrumdiddlyumptious,10.8,3,7.5,3.3,Lot's O' Nuts,297.0
6167,US-2023-132997-CHO-SCR-58000,2025-07-11,2026-05-01,First Class,132997,United States,Rochester,New York,14609,Chocolate,Atlantic,CHO-SCR-58000,Wonka Bar -Scrumdiddlyumptious,10.8,3,7.5,3.3,Lot's O' Nuts,294.0
6168,US-2023-161669-CHO-SCR-58000,2025-07-11,2026-05-01,First Class,161669,United States,Los Angeles,California,90036,Chocolate,Pacific,CHO-SCR-58000,Wonka Bar -Scrumdiddlyumptious,7.2,2,5.0,2.2,Lot's O' Nuts,294.0
6169,US-2023-144554-CHO-SCR-58000,2025-07-11,2026-05-04,Standard Class,144554,United States,Newark,Ohio,43055,Chocolate,Atlantic,CHO-SCR-58000,Wonka Bar -Scrumdiddlyumptious,10.8,3,7.5,3.3,Lot's O' Nuts,297.0
6170,US-2023-168830-CHO-NUT-13000,2025-07-11,2026-05-05,Standard Class,168830,United States,San Francisco,California,94122,Chocolate,Pacific,CHO-NUT-13000,Wonka Bar - Nutty Crunch Surprise,10.47,3,7.47,3.0,Lot's O' Nuts,298.0
6171,US-2023-132997-CHO-TRI-54000,2025-07-11,2026-05-01,First Class,132997,United States,Rochester,New York,14609,Chocolate,Atlantic,CHO-TRI-54000,Wonka Bar - Triple Dazzle Caramel,15.0,4,9.8,5.2,Wicked Choccy's,294.0
6172,US-2023-132997-CHO-NUT-13000,2025-07-11,2026-05-01,First Class,132997,United States,Rochester,New York,14609,Chocolate,Atlantic,CHO-NUT-13000,Wonka Bar - Nutty Crunch Surprise,10.47,3,7.47,3.0,Lot's O' Nuts,294.0
6173,US-2023-152156-CHO-SCR-58000,2025-08-11,2026-05-03,Second Class,152156,United States,Henderson,Kentucky,42420,Chocolate,Gulf,CHO-SCR-58000,Wonka Bar -Scrumdiddlyumptious,7.2,2,5.0,2.2,Lot's O' Nuts,265.0
6174,US-2023-152156-CHO-FUD-51000,2025-08-11,2026-05-03,Second Class,152156,United States,Henderson,Kentucky,42420,Chocolate,Gulf,CHO-FUD-51000,Wonka Bar - Fudge Mallows,10.8,3,7.2,3.6,Lot's O' Nuts,265.0
6175,US-2023-138233-CHO-TRI-54000,2025-09-11,2026-05-06,Standard Class,138233,United States,Oakland,California,94601,Chocolate,Pacific,CHO-TRI-54000,Wonka Bar - Triple Dazzle Caramel,11.25,3,7.35,3.9,Wicked Choccy's,237.0
6176,US-2023-140935-CHO-MIL-31000,2025-10-11,2026-05-04,First Class,140935,United States,Oklahoma City,Oklahoma,73120,Chocolate,Interior,CHO-MIL-31000,Wonka Bar - Milk Chocolate,6.5,2,4.22,2.28,Wicked Choccy's,205.0
6177,US-2023-145177-CHO-SCR-58000,2025-10-11,2026-05-06,Standard Class,145177,United States,Springfield,Ohio,45503,Chocolate,Atlantic,CHO-SCR-58000,Wonka Bar -Scrumdiddlyumptious,25.2,7,17.5,7.7,Lot's O' Nuts,207.0
6178,US-2023-158694-CHO-MIL-31000,2025-10-11,2026-05-05,Second Class,158694,United States,Los Angeles,California,90036,Chocolate,Pacific,CHO-MIL-31000,Wonka Bar - Milk Chocolate,29.25,9,18.99,10.26,Wicked Choccy's,206.0
6179,US-2023-119935-CHO-SCR-58000,2025-10-11,2026-05-06,Standard Class,119935,United States,Springfield,Missouri,65807,Chocolate,Interior,CHO-SCR-58000,Wonka Bar -Scrumdiddlyumptious,7.2,2,5.0,2.2,Lot's O' Nuts,207.0
6180,US-2023-162348-CHO-FUD-51000,2025-10-11,2026-05-07,Standard Class,162348,United States,Sacramento,California,95823,Chocolate,Pacific,CHO-FUD-51000,Wonka Bar - Fudge Mallows,3.6,1,2.4,1.2,Lot's O' Nuts,208.0
6181,US-2023-158694-CHO-NUT-13000,2025-10-11,2026-05-05,Second Class,158694,United States,Los Angeles,California,90036,Chocolate,Pacific,CHO-NUT-13000,Wonka Bar - Nutty Crunch Surprise,13.96,4,9.96,4.0,Lot's O' Nuts,206.0
6182,US-2023-145177-CHO-NUT-13000,2025-10-11,2026-05-06,Standard Class,145177,United States,Springfield,Ohio,45503,Chocolate,Atlantic,CHO-NUT-13000,Wonka Bar - Nutty Crunch Surprise,13.96,4,9.96,4.0,Lot's O' Nuts,207.0
6183,US-2023-158694-CHO-FUD-51000,2025-10-11,2026-05-05,Second Class,158694,United States,Los Angeles,California,90036,Chocolate,Pacific,CHO-FUD-51000,Wonka Bar - Fudge Mallows,18.0,5,12.0,6.0,Lot's O' Nuts,206.0
6184,US-2023-137736-CHO-NUT-13000,2025-10-11,2026-05-07,Standard Class,137736,United States,Warner Robins,Georgia,31088,Chocolate,Gulf,CHO-NUT-13000,Wonka Bar - Nutty Crunch Surprise,24.43,7,17.43,7.0,Lot's O' Nuts,208.0
6185,US-2023-125164-CHO-MIL-31000,2025-10-11,2026-05-06,Standard Class,125164,United States,New York City,New York,10011,Chocolate,Atlantic,CHO-MIL-31000,Wonka Bar - Milk Chocolate,3.25,1,2.11,1.14,Wicked Choccy's,207.0
6186,US-2023-119935-CHO-MIL-31000,2025-10-11,2026-05-06,Standard Class,119935,United States,Springfield,Missouri,65807,Chocolate,Interior,CHO-MIL-31000,Wonka Bar - Milk Chocolate,6.5,2,4.22,2.28,Wicked Choccy's,207.0
6187,US-2023-145177-CHO-MIL-31000,2025-10-11,2026-05-06,Standard Class,145177,United States,Springfield,Ohio,45503,Chocolate,Atlantic,CHO-MIL-31000,Wonka Bar - Milk Chocolate,22.75,7,14.77,7.98,Wicked Choccy's,207.0
6188,US-2023-127761-CHO-SCR-58000,2025-10-11,2026-05-06,Standard Class,127761,United States,New York City,New York,10009,Chocolate,Atlantic,CHO-SCR-58000,Wonka Bar -Scrumdiddlyumptious,3.6,1,2.5,1.1,Lot's O' Nuts,207.0
6189,US-2023-105494-CHO-FUD-51000,2025-10-11,2026-05-04,First Class,105494,United States,San Francisco,California,94122,Chocolate,Pacific,CHO-FUD-51000,Wonka Bar - Fudge Mallows,10.8,3,7.2,3.6,Lot's O' Nuts,205.0
6190,US-2023-125164-CHO-FUD-51000,2025-10-11,2026-05-06,Standard Class,125164,United States,New York City,New York,10011,Chocolate,Atlantic,CHO-FUD-51000,Wonka Bar - Fudge Mallows,10.8,3,7.2,3.6,Lot's O' Nuts,207.0
6191,US-2023-158694-CHO-FUD-51000,2025-10-11,2026-05-05,Second Class,158694,United States,Los Angeles,California,90036,Chocolate,Pacific,CHO-FUD-51000,Wonka Bar - Fudge Mallows,10.8,3,7.2,3.6,Lot's O' Nuts,206.0
6192,US-2023-163384-CHO-NUT-13000,2025-10-11,2026-05-04,First Class,163384,United States,San Francisco,California,94122,Chocolate,Pacific,CHO-NUT-13000,Wonka Bar - Nutty Crunch Surprise,13.96,4,9.96,4.0,Lot's O' Nuts,205.0
6193,US-2023-145177-CHO-NUT-13000,2025-10-11,2026-05-06,Standard Class,145177,United States,Springfield,Ohio,45503,Chocolate,Atlantic,CHO-NUT-13000,Wonka Bar - Nutty Crunch Surprise,13.96,4,9.96,4.0,Lot's O' Nuts,207.0
6194,US-2023-145177-CHO-NUT-13000,2025-10-11,2026-05-06,Standard Class,145177,United States,Springfield,Ohio,45503,Chocolate,Atlantic,CHO-NUT-13000,Wonka Bar - Nutty Crunch Surprise,3.49,1,2.49,1.0,Lot's O' Nuts,207.0
6195,US-2023-158694-CHO-SCR-58000,2025-10-11,2026-05-05,Second Class,158694,United States,Los Angeles,California,90036,Chocolate,Pacific,CHO-SCR-58000,Wonka Bar -Scrumdiddlyumptious,18.0,5,12.5,5.5,Lot's O' Nuts,206.0
6196,US-2023-145177-CHO-MIL-31000,2025-10-11,2026-05-06,Standard Class,145177,United States,Springfield,Ohio,45503,Chocolate,Atlantic,CHO-MIL-31000,Wonka Bar - Milk Chocolate,9.75,3,6.33,3.42,Wicked Choccy's,207.0
6197,US-2023-158694-CHO-FUD-51000,2025-10-11,2026-05-05,Second Class,158694,United States,Los Angeles,California,90036,Chocolate,Pacific,CHO-FUD-51000,Wonka Bar - Fudge Mallows,10.8,3,7.2,3.6,Lot's O' Nuts,206.0
6198,US-2023-136581-CHO-NUT-13000,2025-10-11,2026-05-04,First Class,136581,United States,Troy,Ohio,45373,Chocolate,Atlantic,CHO-NUT-13000,Wonka Bar - Nutty Crunch Surprise,20.94,6,14.94,6.0,Lot's O' Nuts,205.0
6199,US-2023-163384-CHO-NUT-13000,2025-10-11,2026-05-04,First Class,163384,United States,San Francisco,California,94122,Chocolate,Pacific,CHO-NUT-13000,Wonka Bar - Nutty Crunch Surprise,17.45,5,12.45,5.0,Lot's O' Nuts,205.0
6200,US-2023-145177-CHO-MIL-31000,2025-10-11,2026-05-06,Standard Class,145177,United States,Springfield,Ohio,45503,Chocolate,Atlantic,CHO-MIL-31000,Wonka Bar - Milk Chocolate,6.5,2,4.22,2.28,Wicked Choccy's,207.0
6201,US-2023-152940-CHO-NUT-13000,2025-10-11,2026-05-05,First Class,152940,United States,San Francisco,California,94110,Chocolate,Pacific,CHO-NUT-13000,Wonka Bar - Nutty Crunch Surprise,3.49,1,2.49,1.0,Lot's O' Nuts,206.0
6202,US-2023-158694-CHO-MIL-31000,2025-10-11,2026-05-05,Second Class,158694,United States,Los Angeles,California,90036,Chocolate,Pacific,CHO-MIL-31000,Wonka Bar - Milk Chocolate,13.0,4,8.44,4.56,Wicked Choccy's,206.0
6203,US-2023-115588-CHO-MIL-31000,2025-10-11,2026-05-04,Second Class,115588,United States,Toledo,Ohio,43615,Chocolate,Atlantic,CHO-MIL-31000,Wonka Bar - Milk Chocolate,9.75,3,6.33,3.42,Wicked Choccy's,205.0
6204,US-2023-105494-CHO-NUT-13000,2025-10-11,2026-05-04,First Class,105494,United States,San Francisco,California,94122,Chocolate,Pacific,CHO-NUT-13000,Wonka Bar - Nutty Crunch Surprise,24.43,7,17.43,7.0,Lot's O' Nuts,205.0
6205,US-2023-115588-CHO-SCR-58000,2025-10-11,2026-05-04,Second Class,115588,United States,Toledo,Ohio,43615,Chocolate,Atlantic,CHO-SCR-58000,Wonka Bar -Scrumdiddlyumptious,18.0,5,12.5,5.5,Lot's O' Nuts,205.0
6206,US-2023-145177-CHO-SCR-58000,2025-10-11,2026-05-06,Standard Class,145177,United States,Springfield,Ohio,45503,Chocolate,Atlantic,CHO-SCR-58000,Wonka Bar -Scrumdiddlyumptious,25.2,7,17.5,7.7,Lot's O' Nuts,207.0
6207,US-2023-144547-CHO-NUT-13000,2025-10-11,2026-05-06,Standard Class,144547,United States,Houston,Texas,77036,Chocolate,Interior,CHO-NUT-13000,Wonka Bar - Nutty Crunch Surprise,24.43,7,17.43,7.0,Lot's O' Nuts,207.0
6208,US-2023-145177-CHO-SCR-58000,2025-10-11,2026-05-06,Standard Class,145177,United States,Springfield,Ohio,45503,Chocolate,Atlantic,CHO-SCR-58000,Wonka Bar -Scrumdiddlyumptious,25.2,7,17.5,7.7,Lot's O' Nuts,207.0
6209,US-2023-140935-CHO-NUT-13000,2025-10-11,2026-05-04,First Class,140935,United States,Oklahoma City,Oklahoma,73120,Chocolate,Interior,CHO-NUT-13000,Wonka Bar - Nutty Crunch Surprise,6.98,2,4.98,2.0,Lot's O' Nuts,205.0
6210,US-2023-127761-CHO-MIL-31000,2025-10-11,2026-05-06,Standard Class,127761,United States,New York City,New York,10009,Chocolate,Atlantic,CHO-MIL-31000,Wonka Bar - Milk Chocolate,22.75,7,14.77,7.98,Wicked Choccy's,207.0
6211,US-2023-145548-CHO-MIL-31000,2025-11-11,2026-05-08,Standard Class,145548,United States,New York City,New York,10011,Chocolate,Atlantic,CHO-MIL-31000,Wonka Bar - Milk Chocolate,9.75,3,6.33,3.42,Wicked Choccy's,178.0
6212,US-2023-124506-CHO-SCR-58000,2025-11-11,2026-05-09,Standard Class,124506,United States,Chicago,Illinois,60623,Chocolate,Interior,CHO-SCR-58000,Wonka Bar -Scrumdiddlyumptious,7.2,2,5.0,2.2,Lot's O' Nuts,179.0
6213,US-2023-116722-CHO-MIL-31000,2025-11-11,2026-05-08,Standard Class,116722,United States,San Francisco,California,94110,Chocolate,Pacific,CHO-MIL-31000,Wonka Bar - Milk Chocolate,9.75,3,6.33,3.42,Wicked Choccy's,178.0
6214,US-2023-130799-CHO-NUT-13000,2025-11-11,2026-05-08,Second Class,130799,United States,San Francisco,California,94110,Chocolate,Pacific,CHO-NUT-13000,Wonka Bar - Nutty Crunch Surprise,13.96,4,9.96,4.0,Lot's O' Nuts,178.0
6215,US-2023-116722-CHO-FUD-51000,2025-11-11,2026-05-08,Standard Class,116722,United States,San Francisco,California,94110,Chocolate,Pacific,CHO-FUD-51000,Wonka Bar - Fudge Mallows,7.2,2,4.8,2.4,Lot's O' Nuts,178.0
6216,US-2023-164196-OTH-GUM-21000,2025-11-11,2026-05-09,Standard Class,164196,United States,Noblesville,Indiana,46060,Other,Interior,OTH-GUM-21000,Wonka Gum,7.5,6,3.9,3.6,Secret Factory,179.0
6217,US-2023-131968-CHO-SCR-58000,2025-11-11,2026-05-07,Standard Class,131968,United States,Apopka,Florida,32712,Chocolate,Gulf,CHO-SCR-58000,Wonka Bar -Scrumdiddlyumptious,10.8,3,7.5,3.3,Lot's O' Nuts,177.0
6218,US-2023-145548-CHO-SCR-58000,2025-11-11,2026-05-08,Standard Class,145548,United States,New York City,New York,10011,Chocolate,Atlantic,CHO-SCR-58000,Wonka Bar -Scrumdiddlyumptious,10.8,3,7.5,3.3,Lot's O' Nuts,178.0
6219,US-2023-103128-CHO-NUT-13000,2025-11-11,2026-05-07,Standard Class,103128,United States,Arlington Heights,Illinois,60004,Chocolate,Interior,CHO-NUT-13000,Wonka Bar - Nutty Crunch Surprise,20.94,6,14.94,6.0,Lot's O' Nuts,177.0
6220,US-2023-145548-CHO-FUD-51000,2025-11-11,2026-05-08,Standard Class,145548,United States,New York City,New York,10011,Chocolate,Atlantic,CHO-FUD-51000,Wonka Bar - Fudge Mallows,10.8,3,7.2,3.6,Lot's O' Nuts,178.0
6221,US-2023-116722-CHO-FUD-51000,2025-11-11,2026-05-08,Standard Class,116722,United States,San Francisco,California,94110,Chocolate,Pacific,CHO-FUD-51000,Wonka Bar - Fudge Mallows,39.6,11,26.4,13.2,Lot's O' Nuts,178.0
6222,US-2023-131968-CHO-TRI-54000,2025-11-11,2026-05-07,Standard Class,131968,United States,Apopka,Florida,32712,Chocolate,Gulf,CHO-TRI-54000,Wonka Bar - Triple Dazzle Caramel,7.5,2,4.9,2.6,Wicked Choccy's,177.0
6223,US-2023-145548-CHO-NUT-13000,2025-11-11,2026-05-08,Standard Class,145548,United States,New York City,New York,10011,Chocolate,Atlantic,CHO-NUT-13000,Wonka Bar - Nutty Crunch Surprise,10.47,3,7.47,3.0,Lot's O' Nuts,178.0
6224,US-2023-124667-CHO-MIL-31000,2025-11-11,2026-05-08,Standard Class,124667,United States,New York City,New York,10011,Chocolate,Atlantic,CHO-MIL-31000,Wonka Bar - Milk Chocolate,3.25,1,2.11,1.14,Wicked Choccy's,178.0
6225,US-2023-145548-CHO-MIL-31000,2025-11-11,2026-05-08,Standard Class,145548,United States,New York City,New York,10011,Chocolate,Atlantic,CHO-MIL-31000,Wonka Bar - Milk Chocolate,9.75,3,6.33,3.42,Wicked Choccy's,178.0
6226,US-2023-145548-CHO-SCR-58000,2025-11-11,2026-05-08,Standard Class,145548,United States,New York City,New York,10011,Chocolate,Atlantic,CHO-SCR-58000,Wonka Bar -Scrumdiddlyumptious,7.2,2,5.0,2.2,Lot's O' Nuts,178.0
6227,US-2023-124506-CHO-NUT-13000,2025-11-11,2026-05-09,Standard Class,124506,United States,Chicago,Illinois,60623,Chocolate,Interior,CHO-NUT-13000,Wonka Bar - Nutty Crunch Surprise,13.96,4,9.96,4.0,Lot's O' Nuts,179.0
6228,US-2023-124667-CHO-TRI-54000,2025-11-11,2026-05-08,Standard Class,124667,United States,New York City,New York,10011,Chocolate,Atlantic,CHO-TRI-54000,Wonka Bar - Triple Dazzle Caramel,11.25,3,7.35,3.9,Wicked Choccy's,178.0
6229,US-2023-139878-CHO-TRI-54000,2025-11-11,2026-05-08,Standard Class,139878,United States,Detroit,Michigan,48234,Chocolate,Interior,CHO-TRI-54000,Wonka Bar - Triple Dazzle Caramel,7.5,2,4.9,2.6,Wicked Choccy's,178.0
6230,US-2023-124590-CHO-FUD-51000,2025-12-11,2026-05-08,Standard Class,124590,United States,Parma,Ohio,44134,Chocolate,Atlantic,CHO-FUD-51000,Wonka Bar - Fudge Mallows,32.4,9,21.6,10.8,Lot's O' Nuts,148.0
6231,US-2023-124590-CHO-NUT-13000,2025-12-11,2026-05-08,Standard Class,124590,United States,Parma,Ohio,44134,Chocolate,Atlantic,CHO-NUT-13000,Wonka Bar - Nutty Crunch Surprise,6.98,2,4.98,2.0,Lot's O' Nuts,148.0
6232,US-2023-124590-CHO-NUT-13000,2025-12-11,2026-05-08,Standard Class,124590,United States,Parma,Ohio,44134,Chocolate,Atlantic,CHO-NUT-13000,Wonka Bar - Nutty Crunch Surprise,24.43,7,17.43,7.0,Lot's O' Nuts,148.0
6233,US-2023-149349-CHO-MIL-31000,2025-12-11,2026-05-05,First Class,149349,United States,Chicago,Illinois,60623,Chocolate,Interior,CHO-MIL-31000,Wonka Bar - Milk Chocolate,19.5,6,12.66,6.84,Wicked Choccy's,145.0
6234,US-2023-164399-CHO-TRI-54000,2025-12-11,2026-05-07,First Class,164399,United States,San Diego,California,92024,Chocolate,Pacific,CHO-TRI-54000,Wonka Bar - Triple Dazzle Caramel,11.25,3,7.35,3.9,Wicked Choccy's,147.0
6235,US-2023-124590-CHO-FUD-51000,2025-12-11,2026-05-08,Standard Class,124590,United States,Parma,Ohio,44134,Chocolate,Atlantic,CHO-FUD-51000,Wonka Bar - Fudge Mallows,7.2,2,4.8,2.4,Lot's O' Nuts,148.0
6236,US-2023-152170-CHO-SCR-58000,2025-12-11,2026-05-07,Second Class,152170,United States,La Porte,Indiana,46350,Chocolate,Interior,CHO-SCR-58000,Wonka Bar -Scrumdiddlyumptious,7.2,2,5.0,2.2,Lot's O' Nuts,147.0
6237,US-2023-152170-CHO-NUT-13000,2025-12-11,2026-05-07,Second Class,152170,United States,La Porte,Indiana,46350,Chocolate,Interior,CHO-NUT-13000,Wonka Bar - Nutty Crunch Surprise,24.43,7,17.43,7.0,Lot's O' Nuts,147.0
6238,US-2023-152170-CHO-SCR-58000,2025-12-11,2026-05-07,Second Class,152170,United States,La Porte,Indiana,46350,Chocolate,Interior,CHO-SCR-58000,Wonka Bar -Scrumdiddlyumptious,7.2,2,5.0,2.2,Lot's O' Nuts,147.0
6239,US-2023-134348-CHO-TRI-54000,2025-12-11,2026-05-11,Standard Class,134348,United States,Mesa,Arizona,85204,Chocolate,Pacific,CHO-TRI-54000,Wonka Bar - Triple Dazzle Caramel,18.75,5,12.25,6.5,Wicked Choccy's,151.0
6240,US-2023-134348-CHO-FUD-51000,2025-12-11,2026-05-11,Standard Class,134348,United States,Mesa,Arizona,85204,Chocolate,Pacific,CHO-FUD-51000,Wonka Bar - Fudge Mallows,25.2,7,16.8,8.4,Lot's O' Nuts,151.0
6241,US-2023-152170-CHO-FUD-51000,2025-12-11,2026-05-07,Second Class,152170,United States,La Porte,Indiana,46350,Chocolate,Interior,CHO-FUD-51000,Wonka Bar - Fudge Mallows,28.8,8,19.2,9.6,Lot's O' Nuts,147.0
6242,US-2023-124590-CHO-FUD-51000,2025-12-11,2026-05-08,Standard Class,124590,United States,Parma,Ohio,44134,Chocolate,Atlantic,CHO-FUD-51000,Wonka Bar - Fudge Mallows,21.6,6,14.4,7.2,Lot's O' Nuts,148.0
6243,US-2023-152170-CHO-SCR-58000,2025-12-11,2026-05-07,Second Class,152170,United States,La Porte,Indiana,46350,Chocolate,Interior,CHO-SCR-58000,Wonka Bar -Scrumdiddlyumptious,7.2,2,5.0,2.2,Lot's O' Nuts,147.0
6244,US-2023-134348-CHO-TRI-54000,2025-12-11,2026-05-11,Standard Class,134348,United States,Mesa,Arizona,85204,Chocolate,Pacific,CHO-TRI-54000,Wonka Bar - Triple Dazzle Caramel,7.5,2,4.9,2.6,Wicked Choccy's,151.0
6245,US-2023-164399-CHO-FUD-51000,2025-12-11,2026-05-07,First Class,164399,United States,San Diego,California,92024,Chocolate,Pacific,CHO-FUD-51000,Wonka Bar - Fudge Mallows,10.8,3,7.2,3.6,Lot's O' Nuts,147.0
6450,US-2023-113621-CHO-SCR-58000,2025-01-12,2025-05-27,Standard Class,113621,United States,Rockville,Maryland,20852,Chocolate,Atlantic,CHO-SCR-58000,Wonka Bar -Scrumdiddlyumptious,7.2,2,5.0,2.2,Lot's O' Nuts,135.0
6451,US-2023-130393-CHO-SCR-58000,2025-01-12,2025-05-25,Second Class,130393,United States,San Angelo,Texas,76903,Chocolate,Interior,CHO-SCR-58000,Wonka Bar -Scrumdiddlyumptious,18.0,5,12.5,5.5,Lot's O' Nuts,133.0
6452,US-2023-130393-CHO-NUT-13000,2025-01-12,2025-05-25,Second Class,130393,United States,San Angelo,Texas,76903,Chocolate,Interior,CHO-NUT-13000,Wonka Bar - Nutty Crunch Surprise,6.98,2,4.98,2.0,Lot's O' Nuts,133.0
6453,US-2023-157336-CHO-MIL-31000,2025-01-12,2025-05-27,Second Class,157336,United States,Fairfield,Connecticut,6824,Chocolate,Atlantic,CHO-MIL-31000,Wonka Bar - Milk Chocolate,13.0,4,8.44,4.56,Wicked Choccy's,135.0
6454,US-2023-155768-CHO-TRI-54000,2025-01-12,2025-05-23,Same Day,155768,United States,Oxnard,California,93030,Chocolate,Pacific,CHO-TRI-54000,Wonka Bar - Triple Dazzle Caramel,7.5,2,4.9,2.6,Wicked Choccy's,131.0
6455,US-2023-136434-CHO-NUT-13000,2025-01-12,2025-05-29,Standard Class,136434,United States,Richmond,Indiana,47374,Chocolate,Interior,CHO-NUT-13000,Wonka Bar - Nutty Crunch Surprise,10.47,3,7.47,3.0,Lot's O' Nuts,137.0
6456,US-2023-142594-CHO-MIL-31000,2025-01-12,2025-05-28,Second Class,142594,United States,Franklin,Massachusetts,2038,Chocolate,Atlantic,CHO-MIL-31000,Wonka Bar - Milk Chocolate,16.25,5,10.55,5.7,Wicked Choccy's,136.0
6457,US-2023-150035-CHO-MIL-31000,2025-01-12,2025-05-27,Standard Class,150035,United States,San Francisco,California,94122,Chocolate,Pacific,CHO-MIL-31000,Wonka Bar - Milk Chocolate,6.5,2,4.22,2.28,Wicked Choccy's,135.0
6458,US-2023-142594-CHO-MIL-31000,2025-01-12,2025-05-28,Second Class,142594,United States,Franklin,Massachusetts,2038,Chocolate,Atlantic,CHO-MIL-31000,Wonka Bar - Milk Chocolate,9.75,3,6.33,3.42,Wicked Choccy's,136.0
6459,US-2023-142594-CHO-MIL-31000,2025-01-12,2025-05-28,Second Class,142594,United States,Franklin,Massachusetts,2038,Chocolate,Atlantic,CHO-MIL-31000,Wonka Bar - Milk Chocolate,9.75,3,6.33,3.42,Wicked Choccy's,136.0
6460,US-2023-143805-CHO-MIL-31000,2025-01-12,2025-05-25,Second Class,143805,United States,Richmond,Virginia,23223,Chocolate,Gulf,CHO-MIL-31000,Wonka Bar - Milk Chocolate,22.75,7,14.77,7.98,Wicked Choccy's,133.0
6461,US-2023-130393-CHO-MIL-31000,2025-01-12,2025-05-25,Second Class,130393,United States,San Angelo,Texas,76903,Chocolate,Interior,CHO-MIL-31000,Wonka Bar - Milk Chocolate,13.0,4,8.44,4.56,Wicked Choccy's,133.0
6462,US-2023-136483-CHO-NUT-13000,2025-01-12,2025-05-28,Standard Class,136483,United States,Knoxville,Tennessee,37918,Chocolate,Gulf,CHO-NUT-13000,Wonka Bar - Nutty Crunch Surprise,6.98,2,4.98,2.0,Lot's O' Nuts,136.0
6463,US-2023-104689-CHO-TRI-54000,2025-01-12,2025-05-27,Standard Class,104689,United States,Los Angeles,California,90004,Chocolate,Pacific,CHO-TRI-54000,Wonka Bar - Triple Dazzle Caramel,30.0,8,19.6,10.4,Wicked Choccy's,135.0
6464,US-2023-157336-CHO-NUT-13000,2025-01-12,2025-05-27,Second Class,157336,United States,Fairfield,Connecticut,6824,Chocolate,Atlantic,CHO-NUT-13000,Wonka Bar - Nutty Crunch Surprise,20.94,6,14.94,6.0,Lot's O' Nuts,135.0
6465,US-2023-155768-CHO-SCR-58000,2025-01-12,2025-05-23,Same Day,155768,United States,Oxnard,California,93030,Chocolate,Pacific,CHO-SCR-58000,Wonka Bar -Scrumdiddlyumptious,10.8,3,7.5,3.3,Lot's O' Nuts,131.0
6466,US-2023-155768-CHO-MIL-31000,2025-01-12,2025-05-23,Same Day,155768,United States,Oxnard,California,93030,Chocolate,Pacific,CHO-MIL-31000,Wonka Bar - Milk Chocolate,3.25,1,2.11,1.14,Wicked Choccy's,131.0
6467,US-2023-129903-CHO-TRI-54000,2025-01-12,2025-05-26,Second Class,129903,United States,Rochester,Minnesota,55901,Chocolate,Interior,CHO-TRI-54000,Wonka Bar - Triple Dazzle Caramel,15.0,4,9.8,5.2,Wicked Choccy's,134.0
6468,US-2023-155768-OTH-KAZ-38000,2025-01-12,2025-05-23,Same Day,155768,United States,Oxnard,California,93030,Other,Pacific,OTH-KAZ-38000,Kazookles,9.75,3,0.75,9.0,Secret Factory,131.0
6469,US-2023-143805-CHO-FUD-51000,2025-01-12,2025-05-25,Second Class,143805,United States,Richmond,Virginia,23223,Chocolate,Gulf,CHO-FUD-51000,Wonka Bar - Fudge Mallows,18.0,5,12.0,6.0,Lot's O' Nuts,133.0
6470,US-2023-142594-CHO-TRI-54000,2025-01-12,2025-05-28,Second Class,142594,United States,Franklin,Massachusetts,2038,Chocolate,Atlantic,CHO-TRI-54000,Wonka Bar - Triple Dazzle Caramel,11.25,3,7.35,3.9,Wicked Choccy's,136.0
6471,US-2023-127698-CHO-NUT-13000,2025-01-12,2025-05-23,Same Day,127698,United States,Raleigh,North Carolina,27604,Chocolate,Gulf,CHO-NUT-13000,Wonka Bar - Nutty Crunch Surprise,31.41,9,22.41,9.0,Lot's O' Nuts,131.0
6472,US-2023-113621-CHO-NUT-13000,2025-01-12,2025-05-27,Standard Class,113621,United States,Rockville,Maryland,20852,Chocolate,Atlantic,CHO-NUT-13000,Wonka Bar - Nutty Crunch Surprise,10.47,3,7.47,3.0,Lot's O' Nuts,135.0
6473,US-2023-164770-OTH-LIC-15000,2025-02-12,2025-05-26,Second Class,164770,United States,Houston,Texas,77036,Other,Interior,OTH-LIC-15000,Lickable Wallpaper,200.0,10,100.0,100.0,Secret Factory,103.0
6474,US-2023-113985-OTH-KAZ-38000,2025-02-12,2025-05-29,Standard Class,113985,United States,San Jose,California,95123,Other,Pacific,OTH-KAZ-38000,Kazookles,9.75,3,0.75,9.0,Secret Factory,106.0
6475,US-2023-163804-CHO-MIL-31000,2025-02-12,2025-05-30,Standard Class,163804,United States,Providence,Rhode Island,2908,Chocolate,Atlantic,CHO-MIL-31000,Wonka Bar - Milk Chocolate,19.5,6,12.66,6.84,Wicked Choccy's,107.0
6476,US-2023-113985-CHO-FUD-51000,2025-02-12,2025-05-29,Standard Class,113985,United States,San Jose,California,95123,Chocolate,Pacific,CHO-FUD-51000,Wonka Bar - Fudge Mallows,10.8,3,7.2,3.6,Lot's O' Nuts,106.0
6477,US-2023-113985-CHO-MIL-31000,2025-02-12,2025-05-29,Standard Class,113985,United States,San Jose,California,95123,Chocolate,Pacific,CHO-MIL-31000,Wonka Bar - Milk Chocolate,9.75,3,6.33,3.42,Wicked Choccy's,106.0
6478,US-2023-105354-CHO-NUT-13000,2025-02-12,2025-05-28,Standard Class,105354,United States,Marion,Iowa,52302,Chocolate,Interior,CHO-NUT-13000,Wonka Bar - Nutty Crunch Surprise,27.92,8,19.92,8.0,Lot's O' Nuts,105.0
6479,US-2023-113985-CHO-NUT-13000,2025-02-12,2025-05-29,Standard Class,113985,United States,San Jose,California,95123,Chocolate,Pacific,CHO-NUT-13000,Wonka Bar - Nutty Crunch Surprise,6.98,2,4.98,2.0,Lot's O' Nuts,106.0
6480,US-2023-155103-CHO-NUT-13000,2025-02-12,2025-05-29,Standard Class,155103,United States,New York City,New York,10024,Chocolate,Atlantic,CHO-NUT-13000,Wonka Bar - Nutty Crunch Surprise,10.47,3,7.47,3.0,Lot's O' Nuts,106.0
6481,US-2023-155103-CHO-TRI-54000,2025-02-12,2025-05-29,Standard Class,155103,United States,New York City,New York,10024,Chocolate,Atlantic,CHO-TRI-54000,Wonka Bar - Triple Dazzle Caramel,11.25,3,7.35,3.9,Wicked Choccy's,106.0
6482,US-2023-155103-CHO-TRI-54000,2025-02-12,2025-05-29,Standard Class,155103,United States,New York City,New York,10024,Chocolate,Atlantic,CHO-TRI-54000,Wonka Bar - Triple Dazzle Caramel,3.75,1,2.45,1.3,Wicked Choccy's,106.0
6483,US-2023-108455-CHO-NUT-13000,2025-02-12,2025-05-30,Standard Class,108455,United States,San Francisco,California,94122,Chocolate,Pacific,CHO-NUT-13000,Wonka Bar - Nutty Crunch Surprise,13.96,4,9.96,4.0,Lot's O' Nuts,107.0
6484,US-2023-108455-CHO-TRI-54000,2025-02-12,2025-05-30,Standard Class,108455,United States,San Francisco,California,94122,Chocolate,Pacific,CHO-TRI-54000,Wonka Bar - Triple Dazzle Caramel,26.25,7,17.15,9.1,Wicked Choccy's,107.0
6485,US-2023-164770-CHO-SCR-58000,2025-02-12,2025-05-26,Second Class,164770,United States,Houston,Texas,77036,Chocolate,Interior,CHO-SCR-58000,Wonka Bar -Scrumdiddlyumptious,32.4,9,22.5,9.9,Lot's O' Nuts,103.0
6486,US-2023-163804-OTH-LIC-15000,2025-02-12,2025-05-30,Standard Class,163804,United States,Providence,Rhode Island,2908,Other,Atlantic,OTH-LIC-15000,Lickable Wallpaper,100.0,5,50.0,50.0,Secret Factory,107.0
6487,US-2023-108455-CHO-SCR-58000,2025-02-12,2025-05-30,Standard Class,108455,United States,San Francisco,California,94122,Chocolate,Pacific,CHO-SCR-58000,Wonka Bar -Scrumdiddlyumptious,10.8,3,7.5,3.3,Lot's O' Nuts,107.0
6488,US-2023-143154-CHO-NUT-13000,2025-02-12,2025-05-30,Standard Class,143154,United States,Longmont,Colorado,80501,Chocolate,Pacific,CHO-NUT-13000,Wonka Bar - Nutty Crunch Surprise,10.47,3,7.47,3.0,Lot's O' Nuts,107.0
6489,US-2023-163804-CHO-MIL-31000,2025-02-12,2025-05-30,Standard Class,163804,United States,Providence,Rhode Island,2908,Chocolate,Atlantic,CHO-MIL-31000,Wonka Bar - Milk Chocolate,16.25,5,10.55,5.7,Wicked Choccy's,107.0
6490,CA-2023-133541-CHO-MIL-31000,2025-02-12,2025-05-28,Standard Class,133541,Canada,Halifax,Nova Scotia,B3H,Chocolate,Atlantic,CHO-MIL-31000,Wonka Bar - Milk Chocolate,16.25,5,10.55,5.7,Wicked Choccy's,105.0
6491,CA-2023-124574-CHO-TRI-54000,2025-02-12,2025-05-28,Standard Class,124574,Canada,Moncton,New Brunswick,E1A,Chocolate,Atlantic,CHO-TRI-54000,Wonka Bar - Triple Dazzle Caramel,18.75,5,12.25,6.5,Wicked Choccy's,105.0
6492,CA-2023-111254-CHO-NUT-13000,2025-02-12,2025-05-28,Standard Class,111254,Canada,Moncton,New Brunswick,E1A,Chocolate,Atlantic,CHO-NUT-13000,Wonka Bar - Nutty Crunch Surprise,24.43,7,17.43,7.0,Lot's O' Nuts,105.0
6493,US-2023-149762-CHO-MIL-31000,2025-03-12,2025-05-29,Standard Class,149762,United States,Morgan Hill,California,95037,Chocolate,Pacific,CHO-MIL-31000,Wonka Bar - Milk Chocolate,6.5,2,4.22,2.28,Wicked Choccy's,78.0
6494,US-2023-150861-CHO-FUD-51000,2025-03-12,2025-05-28,First Class,150861,United States,Oceanside,New York,11572,Chocolate,Atlantic,CHO-FUD-51000,Wonka Bar - Fudge Mallows,10.8,3,7.2,3.6,Lot's O' Nuts,77.0
6495,US-2023-122063-CHO-MIL-31000,2025-03-12,2025-05-29,Standard Class,122063,United States,Richmond,Indiana,47374,Chocolate,Interior,CHO-MIL-31000,Wonka Bar - Milk Chocolate,3.25,1,2.11,1.14,Wicked Choccy's,78.0
6496,US-2023-153598-CHO-SCR-58000,2025-03-12,2025-05-28,First Class,153598,United States,Los Angeles,California,90045,Chocolate,Pacific,CHO-SCR-58000,Wonka Bar -Scrumdiddlyumptious,21.6,6,15.0,6.6,Lot's O' Nuts,77.0
6497,US-2023-150861-CHO-MIL-31000,2025-03-12,2025-05-28,First Class,150861,United States,Oceanside,New York,11572,Chocolate,Atlantic,CHO-MIL-31000,Wonka Bar - Milk Chocolate,6.5,2,4.22,2.28,Wicked Choccy's,77.0
6498,US-2023-149762-CHO-SCR-58000,2025-03-12,2025-05-29,Standard Class,149762,United States,Morgan Hill,California,95037,Chocolate,Pacific,CHO-SCR-58000,Wonka Bar -Scrumdiddlyumptious,10.8,3,7.5,3.3,Lot's O' Nuts,78.0
6499,US-2023-122063-CHO-FUD-51000,2025-03-12,2025-05-29,Standard Class,122063,United States,Richmond,Indiana,47374,Chocolate,Interior,CHO-FUD-51000,Wonka Bar - Fudge Mallows,7.2,2,4.8,2.4,Lot's O' Nuts,78.0
6500,US-2023-161683-CHO-FUD-51000,2025-03-12,2025-05-30,Standard Class,161683,United States,Philadelphia,Pennsylvania,19134,Chocolate,Atlantic,CHO-FUD-51000,Wonka Bar - Fudge Mallows,14.4,4,9.6,4.8,Lot's O' Nuts,79.0
6501,US-2023-149762-CHO-TRI-54000,2025-03-12,2025-05-29,Standard Class,149762,United States,Morgan Hill,California,95037,Chocolate,Pacific,CHO-TRI-54000,Wonka Bar - Triple Dazzle Caramel,30.0,8,19.6,10.4,Wicked Choccy's,78.0
6502,US-2023-161683-CHO-FUD-51000,2025-03-12,2025-05-30,Standard Class,161683,United States,Philadelphia,Pennsylvania,19134,Chocolate,Atlantic,CHO-FUD-51000,Wonka Bar - Fudge Mallows,14.4,4,9.6,4.8,Lot's O' Nuts,79.0
6503,US-2023-150861-CHO-SCR-58000,2025-03-12,2025-05-28,First Class,150861,United States,Oceanside,New York,11572,Chocolate,Atlantic,CHO-SCR-58000,Wonka Bar -Scrumdiddlyumptious,7.2,2,5.0,2.2,Lot's O' Nuts,77.0
6504,US-2023-150861-CHO-SCR-58000,2025-03-12,2025-05-28,First Class,150861,United States,Oceanside,New York,11572,Chocolate,Atlantic,CHO-SCR-58000,Wonka Bar -Scrumdiddlyumptious,28.8,8,20.0,8.8,Lot's O' Nuts,77.0
6505,US-2023-149762-CHO-MIL-31000,2025-03-12,2025-05-29,Standard Class,149762,United States,Morgan Hill,California,95037,Chocolate,Pacific,CHO-MIL-31000,Wonka Bar - Milk Chocolate,9.75,3,6.33,3.42,Wicked Choccy's,78.0
6506,US-2023-161025-CHO-FUD-51000,2025-03-12,2025-05-31,Standard Class,161025,United States,Los Angeles,California,90049,Chocolate,Pacific,CHO-FUD-51000,Wonka Bar - Fudge Mallows,14.4,4,9.6,4.8,Lot's O' Nuts,80.0
6507,US-2023-150861-CHO-SCR-58000,2025-03-12,2025-05-28,First Class,150861,United States,Oceanside,New York,11572,Chocolate,Atlantic,CHO-SCR-58000,Wonka Bar -Scrumdiddlyumptious,10.8,3,7.5,3.3,Lot's O' Nuts,77.0
6508,US-2023-153598-CHO-MIL-31000,2025-03-12,2025-05-28,First Class,153598,United States,Los Angeles,California,90045,Chocolate,Pacific,CHO-MIL-31000,Wonka Bar - Milk Chocolate,16.25,5,10.55,5.7,Wicked Choccy's,77.0
6509,US-2023-126004-CHO-NUT-13000,2025-04-12,2025-05-27,First Class,126004,United States,New York City,New York,10024,Chocolate,Atlantic,CHO-NUT-13000,Wonka Bar - Nutty Crunch Surprise,10.47,3,7.47,3.0,Lot's O' Nuts,45.0
6510,US-2023-105277-CHO-NUT-13000,2025-04-12,2025-05-30,Standard Class,105277,United States,Auburn,New York,13021,Chocolate,Atlantic,CHO-NUT-13000,Wonka Bar - Nutty Crunch Surprise,10.47,3,7.47,3.0,Lot's O' Nuts,48.0
6511,US-2023-126004-CHO-FUD-51000,2025-04-12,2025-05-27,First Class,126004,United States,New York City,New York,10024,Chocolate,Atlantic,CHO-FUD-51000,Wonka Bar - Fudge Mallows,3.6,1,2.4,1.2,Lot's O' Nuts,45.0
6512,US-2023-112060-CHO-TRI-54000,2025-04-12,2025-05-31,Standard Class,112060,United States,San Francisco,California,94109,Chocolate,Pacific,CHO-TRI-54000,Wonka Bar - Triple Dazzle Caramel,3.75,1,2.45,1.3,Wicked Choccy's,49.0
6513,US-2023-126004-CHO-FUD-51000,2025-04-12,2025-05-27,First Class,126004,United States,New York City,New York,10024,Chocolate,Atlantic,CHO-FUD-51000,Wonka Bar - Fudge Mallows,14.4,4,9.6,4.8,Lot's O' Nuts,45.0
6514,US-2023-126004-CHO-NUT-13000,2025-04-12,2025-05-27,First Class,126004,United States,New York City,New York,10024,Chocolate,Atlantic,CHO-NUT-13000,Wonka Bar - Nutty Crunch Surprise,6.98,2,4.98,2.0,Lot's O' Nuts,45.0
6515,US-2023-126004-CHO-NUT-13000,2025-04-12,2025-05-27,First Class,126004,United States,New York City,New York,10024,Chocolate,Atlantic,CHO-NUT-13000,Wonka Bar - Nutty Crunch Surprise,10.47,3,7.47,3.0,Lot's O' Nuts,45.0
6516,US-2023-139885-CHO-NUT-13000,2025-04-12,2025-05-30,Standard Class,139885,United States,New York City,New York,10035,Chocolate,Atlantic,CHO-NUT-13000,Wonka Bar - Nutty Crunch Surprise,20.94,6,14.94,6.0,Lot's O' Nuts,48.0
6517,US-2023-126004-CHO-SCR-58000,2025-04-12,2025-05-27,First Class,126004,United States,New York City,New York,10024,Chocolate,Atlantic,CHO-SCR-58000,Wonka Bar -Scrumdiddlyumptious,3.6,1,2.5,1.1,Lot's O' Nuts,45.0
6518,CA-2023-119508-CHO-NUT-13000,2025-04-12,2025-05-31,Standard Class,119508,Canada,Vancouver,British Columbia,V6B,Chocolate,Pacific,CHO-NUT-13000,Wonka Bar - Nutty Crunch Surprise,20.94,6,14.94,6.0,Lot's O' Nuts,49.0
6519,CA-2023-119508-CHO-FUD-51000,2025-04-12,2025-05-31,Standard Class,119508,Canada,Vancouver,British Columbia,V6B,Chocolate,Pacific,CHO-FUD-51000,Wonka Bar - Fudge Mallows,18.0,5,12.0,6.0,Lot's O' Nuts,49.0
6520,US-2023-143749-OTH-LIC-15000,2025-05-12,2025-05-29,First Class,143749,United States,Franklin,Massachusetts,2038,Other,Atlantic,OTH-LIC-15000,Lickable Wallpaper,20.0,1,10.0,10.0,Secret Factory,17.0
6521,US-2023-114489-CHO-FUD-51000,2025-05-12,2025-05-31,Standard Class,114489,United States,Franklin,Wisconsin,53132,Chocolate,Interior,CHO-FUD-51000,Wonka Bar - Fudge Mallows,28.8,8,19.2,9.6,Lot's O' Nuts,19.0
6522,US-2023-146374-CHO-NUT-13000,2025-05-12,2025-06-01,Second Class,146374,United States,Newark,Delaware,19711,Chocolate,Atlantic,CHO-NUT-13000,Wonka Bar - Nutty Crunch Surprise,3.49,1,2.49,1.0,Lot's O' Nuts,20.0
6523,US-2023-124772-CHO-SCR-58000,2025-05-12,2025-05-28,First Class,124772,United States,Murray,Kentucky,42071,Chocolate,Gulf,CHO-SCR-58000,Wonka Bar -Scrumdiddlyumptious,10.8,3,7.5,3.3,Lot's O' Nuts,16.0
6524,US-2023-140564-CHO-FUD-51000,2025-05-12,2025-06-01,Second Class,140564,United States,Washington,District of Columbia,20016,Chocolate,Atlantic,CHO-FUD-51000,Wonka Bar - Fudge Mallows,28.8,8,19.2,9.6,Lot's O' Nuts,20.0
6525,US-2023-163636-CHO-SCR-58000,2025-05-12,2025-05-31,Second Class,163636,United States,Chicago,Illinois,60623,Chocolate,Interior,CHO-SCR-58000,Wonka Bar -Scrumdiddlyumptious,7.2,2,5.0,2.2,Lot's O' Nuts,19.0
6526,US-2023-114489-CHO-SCR-58000,2025-05-12,2025-05-31,Standard Class,114489,United States,Franklin,Wisconsin,53132,Chocolate,Interior,CHO-SCR-58000,Wonka Bar -Scrumdiddlyumptious,18.0,5,12.5,5.5,Lot's O' Nuts,19.0
6527,US-2023-161389-CHO-SCR-58000,2025-05-12,2025-06-01,Standard Class,161389,United States,Seattle,Washington,98103,Chocolate,Pacific,CHO-SCR-58000,Wonka Bar -Scrumdiddlyumptious,10.8,3,7.5,3.3,Lot's O' Nuts,20.0
6528,US-2023-146374-CHO-SCR-58000,2025-05-12,2025-06-01,Second Class,146374,United States,Newark,Delaware,19711,Chocolate,Atlantic,CHO-SCR-58000,Wonka Bar -Scrumdiddlyumptious,25.2,7,17.5,7.7,Lot's O' Nuts,20.0
6529,US-2023-145009-CHO-SCR-58000,2025-05-12,2025-05-30,Second Class,145009,United States,Chicago,Illinois,60610,Chocolate,Interior,CHO-SCR-58000,Wonka Bar -Scrumdiddlyumptious,10.8,3,7.5,3.3,Lot's O' Nuts,18.0
6530,US-2023-146374-CHO-MIL-31000,2025-05-12,2025-06-01,Second Class,146374,United States,Newark,Delaware,19711,Chocolate,Atlantic,CHO-MIL-31000,Wonka Bar - Milk Chocolate,3.25,1,2.11,1.14,Wicked Choccy's,20.0
6531,US-2023-109722-CHO-TRI-54000,2025-05-12,2025-05-29,Second Class,109722,United States,Georgetown,Kentucky,40324,Chocolate,Gulf,CHO-TRI-54000,Wonka Bar - Triple Dazzle Caramel,33.75,9,22.05,11.7,Wicked Choccy's,17.0
6532,US-2023-108434-CHO-TRI-54000,2025-05-12,2025-05-29,Second Class,108434,United States,New York City,New York,10024,Chocolate,Atlantic,CHO-TRI-54000,Wonka Bar - Triple Dazzle Caramel,11.25,3,7.35,3.9,Wicked Choccy's,17.0
6533,US-2023-114489-CHO-FUD-51000,2025-05-12,2025-05-31,Standard Class,114489,United States,Franklin,Wisconsin,53132,Chocolate,Interior,CHO-FUD-51000,Wonka Bar - Fudge Mallows,39.6,11,26.4,13.2,Lot's O' Nuts,19.0
6534,US-2023-109722-CHO-SCR-58000,2025-05-12,2025-05-29,Second Class,109722,United States,Georgetown,Kentucky,40324,Chocolate,Gulf,CHO-SCR-58000,Wonka Bar -Scrumdiddlyumptious,7.2,2,5.0,2.2,Lot's O' Nuts,17.0
6535,US-2023-114489-CHO-FUD-51000,2025-05-12,2025-05-31,Standard Class,114489,United States,Franklin,Wisconsin,53132,Chocolate,Interior,CHO-FUD-51000,Wonka Bar - Fudge Mallows,10.8,3,7.2,3.6,Lot's O' Nuts,19.0
6536,US-2023-103674-CHO-MIL-31000,2025-06-12,2026-06-01,Standard Class,103674,United States,Los Angeles,California,90032,Chocolate,Pacific,CHO-MIL-31000,Wonka Bar - Milk Chocolate,22.75,7,14.77,7.98,Wicked Choccy's,354.0
6537,US-2023-169040-CHO-FUD-51000,2025-06-12,2026-06-03,Standard Class,169040,United States,Seattle,Washington,98105,Chocolate,Pacific,CHO-FUD-51000,Wonka Bar - Fudge Mallows,25.2,7,16.8,8.4,Lot's O' Nuts,356.0
6538,US-2023-169040-CHO-NUT-13000,2025-06-12,2026-06-03,Standard Class,169040,United States,Seattle,Washington,98105,Chocolate,Pacific,CHO-NUT-13000,Wonka Bar - Nutty Crunch Surprise,10.47,3,7.47,3.0,Lot's O' Nuts,356.0
6539,US-2023-162390-CHO-MIL-31000,2025-06-12,2026-06-03,Standard Class,162390,United States,Hempstead,New York,11550,Chocolate,Atlantic,CHO-MIL-31000,Wonka Bar - Milk Chocolate,42.25,13,27.43,14.82,Wicked Choccy's,356.0
6540,US-2023-103674-CHO-NUT-13000,2025-06-12,2026-06-01,Standard Class,103674,United States,Los Angeles,California,90032,Chocolate,Pacific,CHO-NUT-13000,Wonka Bar - Nutty Crunch Surprise,48.86,14,34.86,14.0,Lot's O' Nuts,354.0
6541,US-2023-103674-CHO-TRI-54000,2025-06-12,2026-06-01,Standard Class,103674,United States,Los Angeles,California,90032,Chocolate,Pacific,CHO-TRI-54000,Wonka Bar - Triple Dazzle Caramel,15.0,4,9.8,5.2,Wicked Choccy's,354.0
6542,US-2023-162390-CHO-TRI-54000,2025-06-12,2026-06-03,Standard Class,162390,United States,Hempstead,New York,11550,Chocolate,Atlantic,CHO-TRI-54000,Wonka Bar - Triple Dazzle Caramel,26.25,7,17.15,9.1,Wicked Choccy's,356.0
6543,US-2023-169040-CHO-NUT-13000,2025-06-12,2026-06-03,Standard Class,169040,United States,Seattle,Washington,98105,Chocolate,Pacific,CHO-NUT-13000,Wonka Bar - Nutty Crunch Surprise,3.49,1,2.49,1.0,Lot's O' Nuts,356.0
6544,US-2023-103674-CHO-TRI-54000,2025-06-12,2026-06-01,Standard Class,103674,United States,Los Angeles,California,90032,Chocolate,Pacific,CHO-TRI-54000,Wonka Bar - Triple Dazzle Caramel,26.25,7,17.15,9.1,Wicked Choccy's,354.0
6545,US-2023-169040-CHO-NUT-13000,2025-06-12,2026-06-03,Standard Class,169040,United States,Seattle,Washington,98105,Chocolate,Pacific,CHO-NUT-13000,Wonka Bar - Nutty Crunch Surprise,17.45,5,12.45,5.0,Lot's O' Nuts,356.0
6546,US-2023-103674-CHO-SCR-58000,2025-06-12,2026-06-01,Standard Class,103674,United States,Los Angeles,California,90032,Chocolate,Pacific,CHO-SCR-58000,Wonka Bar -Scrumdiddlyumptious,7.2,2,5.0,2.2,Lot's O' Nuts,354.0
6547,US-2023-169040-CHO-FUD-51000,2025-06-12,2026-06-03,Standard Class,169040,United States,Seattle,Washington,98105,Chocolate,Pacific,CHO-FUD-51000,Wonka Bar - Fudge Mallows,25.2,7,16.8,8.4,Lot's O' Nuts,356.0
6548,US-2023-114776-CHO-NUT-13000,2025-06-12,2026-05-29,First Class,114776,United States,Antioch,California,94509,Chocolate,Pacific,CHO-NUT-13000,Wonka Bar - Nutty Crunch Surprise,10.47,3,7.47,3.0,Lot's O' Nuts,351.0
6549,US-2023-162390-CHO-SCR-58000,2025-06-12,2026-06-03,Standard Class,162390,United States,Hempstead,New York,11550,Chocolate,Atlantic,CHO-SCR-58000,Wonka Bar -Scrumdiddlyumptious,7.2,2,5.0,2.2,Lot's O' Nuts,356.0
6550,US-2023-169040-CHO-MIL-31000,2025-06-12,2026-06-03,Standard Class,169040,United States,Seattle,Washington,98105,Chocolate,Pacific,CHO-MIL-31000,Wonka Bar - Milk Chocolate,3.25,1,2.11,1.14,Wicked Choccy's,356.0
6551,US-2023-103674-CHO-TRI-54000,2025-06-12,2026-06-01,Standard Class,103674,United States,Los Angeles,California,90032,Chocolate,Pacific,CHO-TRI-54000,Wonka Bar - Triple Dazzle Caramel,7.5,2,4.9,2.6,Wicked Choccy's,354.0
6552,US-2023-169040-CHO-FUD-51000,2025-06-12,2026-06-03,Standard Class,169040,United States,Seattle,Washington,98105,Chocolate,Pacific,CHO-FUD-51000,Wonka Bar - Fudge Mallows,10.8,3,7.2,3.6,Lot's O' Nuts,356.0
6553,US-2023-103674-CHO-FUD-51000,2025-06-12,2026-06-01,Standard Class,103674,United States,Los Angeles,California,90032,Chocolate,Pacific,CHO-FUD-51000,Wonka Bar - Fudge Mallows,18.0,5,12.0,6.0,Lot's O' Nuts,354.0
6554,US-2023-160108-CHO-NUT-13000,2025-08-12,2026-06-03,Standard Class,160108,United States,Eau Claire,Wisconsin,54703,Chocolate,Interior,CHO-NUT-13000,Wonka Bar - Nutty Crunch Surprise,24.43,7,17.43,7.0,Lot's O' Nuts,295.0
6555,US-2023-160108-CHO-SCR-58000,2025-08-12,2026-06-03,Standard Class,160108,United States,Eau Claire,Wisconsin,54703,Chocolate,Interior,CHO-SCR-58000,Wonka Bar -Scrumdiddlyumptious,10.8,3,7.5,3.3,Lot's O' Nuts,295.0
6556,US-2023-117590-CHO-TRI-54000,2025-08-12,2026-06-01,First Class,117590,United States,Richardson,Texas,75080,Chocolate,Interior,CHO-TRI-54000,Wonka Bar - Triple Dazzle Caramel,18.75,5,12.25,6.5,Wicked Choccy's,293.0
6557,US-2023-131289-CHO-TRI-54000,2025-08-12,2026-06-05,Standard Class,131289,United States,San Francisco,California,94110,Chocolate,Pacific,CHO-TRI-54000,Wonka Bar - Triple Dazzle Caramel,22.5,6,14.7,7.8,Wicked Choccy's,297.0
6558,US-2023-131289-CHO-TRI-54000,2025-08-12,2026-06-05,Standard Class,131289,United States,San Francisco,California,94110,Chocolate,Pacific,CHO-TRI-54000,Wonka Bar - Triple Dazzle Caramel,7.5,2,4.9,2.6,Wicked Choccy's,297.0
6559,US-2023-124562-CHO-SCR-58000,2025-08-12,2026-06-03,Standard Class,124562,United States,Columbus,Ohio,43229,Chocolate,Atlantic,CHO-SCR-58000,Wonka Bar -Scrumdiddlyumptious,25.2,7,17.5,7.7,Lot's O' Nuts,295.0
6560,US-2023-158302-CHO-TRI-54000,2025-08-12,2026-06-03,Second Class,158302,United States,Columbus,Ohio,43229,Chocolate,Atlantic,CHO-TRI-54000,Wonka Bar - Triple Dazzle Caramel,11.25,3,7.35,3.9,Wicked Choccy's,295.0
6561,US-2023-131289-CHO-SCR-58000,2025-08-12,2026-06-05,Standard Class,131289,United States,San Francisco,California,94110,Chocolate,Pacific,CHO-SCR-58000,Wonka Bar -Scrumdiddlyumptious,25.2,7,17.5,7.7,Lot's O' Nuts,297.0
6562,US-2023-115224-CHO-FUD-51000,2025-08-12,2026-06-02,Second Class,115224,United States,San Francisco,California,94110,Chocolate,Pacific,CHO-FUD-51000,Wonka Bar - Fudge Mallows,10.8,3,7.2,3.6,Lot's O' Nuts,294.0
6563,US-2023-115224-CHO-TRI-54000,2025-08-12,2026-06-02,Second Class,115224,United States,San Francisco,California,94110,Chocolate,Pacific,CHO-TRI-54000,Wonka Bar - Triple Dazzle Caramel,7.5,2,4.9,2.6,Wicked Choccy's,294.0
6564,US-2023-113733-CHO-FUD-51000,2025-08-12,2026-06-03,Standard Class,113733,United States,Greenville,North Carolina,27834,Chocolate,Gulf,CHO-FUD-51000,Wonka Bar - Fudge Mallows,10.8,3,7.2,3.6,Lot's O' Nuts,295.0
6565,US-2023-113733-CHO-MIL-31000,2025-08-12,2026-06-03,Standard Class,113733,United States,Greenville,North Carolina,27834,Chocolate,Gulf,CHO-MIL-31000,Wonka Bar - Milk Chocolate,9.75,3,6.33,3.42,Wicked Choccy's,295.0
6566,US-2023-113733-CHO-TRI-54000,2025-08-12,2026-06-03,Standard Class,113733,United States,Greenville,North Carolina,27834,Chocolate,Gulf,CHO-TRI-54000,Wonka Bar - Triple Dazzle Caramel,7.5,2,4.9,2.6,Wicked Choccy's,295.0
6567,US-2023-134425-CHO-NUT-13000,2025-08-12,2026-06-03,Second Class,134425,United States,Saint Paul,Minnesota,55106,Chocolate,Interior,CHO-NUT-13000,Wonka Bar - Nutty Crunch Surprise,17.45,5,12.45,5.0,Lot's O' Nuts,295.0
6568,US-2023-117590-CHO-FUD-51000,2025-08-12,2026-06-01,First Class,117590,United States,Richardson,Texas,75080,Chocolate,Interior,CHO-FUD-51000,Wonka Bar - Fudge Mallows,25.2,7,16.8,8.4,Lot's O' Nuts,293.0
6569,US-2023-161844-CHO-SCR-58000,2025-09-12,2026-06-05,Second Class,161844,United States,Franklin,Tennessee,37064,Chocolate,Gulf,CHO-SCR-58000,Wonka Bar -Scrumdiddlyumptious,10.8,3,7.5,3.3,Lot's O' Nuts,266.0
6570,US-2023-102092-CHO-NUT-13000,2025-09-12,2026-06-02,First Class,102092,United States,Springfield,Virginia,22153,Chocolate,Gulf,CHO-NUT-13000,Wonka Bar - Nutty Crunch Surprise,24.43,7,17.43,7.0,Lot's O' Nuts,263.0
6571,US-2023-137330-CHO-NUT-13000,2025-09-12,2026-06-04,Standard Class,137330,United States,Fremont,Nebraska,68025,Chocolate,Interior,CHO-NUT-13000,Wonka Bar - Nutty Crunch Surprise,24.43,7,17.43,7.0,Lot's O' Nuts,265.0
6572,US-2023-133340-CHO-FUD-51000,2025-09-12,2026-06-04,Standard Class,133340,United States,Jackson,Michigan,49201,Chocolate,Interior,CHO-FUD-51000,Wonka Bar - Fudge Mallows,3.6,1,2.4,1.2,Lot's O' Nuts,265.0
6573,US-2023-131114-CHO-SCR-58000,2025-09-12,2026-06-04,Second Class,131114,United States,Chicago,Illinois,60610,Chocolate,Interior,CHO-SCR-58000,Wonka Bar -Scrumdiddlyumptious,7.2,2,5.0,2.2,Lot's O' Nuts,265.0
6574,US-2023-137330-CHO-SCR-58000,2025-09-12,2026-06-04,Standard Class,137330,United States,Fremont,Nebraska,68025,Chocolate,Interior,CHO-SCR-58000,Wonka Bar -Scrumdiddlyumptious,25.2,7,17.5,7.7,Lot's O' Nuts,265.0
6575,US-2023-128923-CHO-SCR-58000,2025-09-12,2026-06-04,Standard Class,128923,United States,Fort Worth,Texas,76106,Chocolate,Interior,CHO-SCR-58000,Wonka Bar -Scrumdiddlyumptious,3.6,1,2.5,1.1,Lot's O' Nuts,265.0
6576,US-2023-149503-CHO-MIL-31000,2025-09-12,2026-06-03,First Class,149503,United States,Stockton,California,95207,Chocolate,Pacific,CHO-MIL-31000,Wonka Bar - Milk Chocolate,26.0,8,16.88,9.12,Wicked Choccy's,264.0
6577,US-2023-161844-CHO-SCR-58000,2025-09-12,2026-06-05,Second Class,161844,United States,Franklin,Tennessee,37064,Chocolate,Gulf,CHO-SCR-58000,Wonka Bar -Scrumdiddlyumptious,7.2,2,5.0,2.2,Lot's O' Nuts,266.0
6578,US-2023-141082-CHO-FUD-51000,2025-09-12,2026-06-04,Standard Class,141082,United States,Lawrence,Massachusetts,1841,Chocolate,Atlantic,CHO-FUD-51000,Wonka Bar - Fudge Mallows,3.6,1,2.4,1.2,Lot's O' Nuts,265.0
6579,US-2023-141082-CHO-FUD-51000,2025-09-12,2026-06-04,Standard Class,141082,United States,Lawrence,Massachusetts,1841,Chocolate,Atlantic,CHO-FUD-51000,Wonka Bar - Fudge Mallows,14.4,4,9.6,4.8,Lot's O' Nuts,265.0
6580,US-2023-128923-CHO-SCR-58000,2025-09-12,2026-06-04,Standard Class,128923,United States,Fort Worth,Texas,76106,Chocolate,Interior,CHO-SCR-58000,Wonka Bar -Scrumdiddlyumptious,7.2,2,5.0,2.2,Lot's O' Nuts,265.0
6581,US-2023-131114-CHO-MIL-31000,2025-09-12,2026-06-04,Second Class,131114,United States,Chicago,Illinois,60610,Chocolate,Interior,CHO-MIL-31000,Wonka Bar - Milk Chocolate,9.75,3,6.33,3.42,Wicked Choccy's,265.0
6582,US-2023-131114-CHO-MIL-31000,2025-09-12,2026-06-04,Second Class,131114,United States,Chicago,Illinois,60610,Chocolate,Interior,CHO-MIL-31000,Wonka Bar - Milk Chocolate,13.0,4,8.44,4.56,Wicked Choccy's,265.0
6583,US-2023-133340-CHO-NUT-13000,2025-09-12,2026-06-04,Standard Class,133340,United States,Jackson,Michigan,49201,Chocolate,Interior,CHO-NUT-13000,Wonka Bar - Nutty Crunch Surprise,6.98,2,4.98,2.0,Lot's O' Nuts,265.0
6584,US-2023-159989-CHO-FUD-51000,2025-09-12,2026-06-04,Standard Class,159989,United States,Franklin,Tennessee,37064,Chocolate,Gulf,CHO-FUD-51000,Wonka Bar - Fudge Mallows,10.8,3,7.2,3.6,Lot's O' Nuts,265.0
6585,US-2023-133340-CHO-TRI-54000,2025-09-12,2026-06-04,Standard Class,133340,United States,Jackson,Michigan,49201,Chocolate,Interior,CHO-TRI-54000,Wonka Bar - Triple Dazzle Caramel,3.75,1,2.45,1.3,Wicked Choccy's,265.0
6586,CA-2023-141082-CHO-FUD-51000,2025-09-12,2026-06-04,Standard Class,141082,Canada,Montreal,Quebec,H1A,Chocolate,Atlantic,CHO-FUD-51000,Wonka Bar - Fudge Mallows,10.8,3,7.2,3.6,Lot's O' Nuts,265.0
6587,CA-2023-141082-CHO-FUD-51000,2025-09-12,2026-06-04,Standard Class,141082,Canada,Montreal,Quebec,H1A,Chocolate,Atlantic,CHO-FUD-51000,Wonka Bar - Fudge Mallows,7.2,2,4.8,2.4,Lot's O' Nuts,265.0
6588,US-2023-154739-CHO-FUD-51000,2025-10-12,2026-06-06,Second Class,154739,United States,San Francisco,California,94109,Chocolate,Pacific,CHO-FUD-51000,Wonka Bar - Fudge Mallows,7.2,2,4.8,2.4,Lot's O' Nuts,237.0
6589,US-2023-143448-CHO-FUD-51000,2025-10-12,2026-06-01,Same Day,143448,United States,Greenwood,Indiana,46142,Chocolate,Interior,CHO-FUD-51000,Wonka Bar - Fudge Mallows,18.0,5,12.0,6.0,Lot's O' Nuts,232.0
6590,US-2023-128412-CHO-FUD-51000,2025-10-12,2026-06-08,Standard Class,128412,United States,Seattle,Washington,98105,Chocolate,Pacific,CHO-FUD-51000,Wonka Bar - Fudge Mallows,10.8,3,7.2,3.6,Lot's O' Nuts,239.0
6591,US-2023-128412-CHO-MIL-31000,2025-10-12,2026-06-08,Standard Class,128412,United States,Seattle,Washington,98105,Chocolate,Pacific,CHO-MIL-31000,Wonka Bar - Milk Chocolate,9.75,3,6.33,3.42,Wicked Choccy's,239.0
6592,US-2023-128412-CHO-TRI-54000,2025-10-12,2026-06-08,Standard Class,128412,United States,Seattle,Washington,98105,Chocolate,Pacific,CHO-TRI-54000,Wonka Bar - Triple Dazzle Caramel,11.25,3,7.35,3.9,Wicked Choccy's,239.0
6593,US-2023-144309-CHO-SCR-58000,2025-10-12,2026-06-07,Standard Class,144309,United States,Watertown,New York,13601,Chocolate,Atlantic,CHO-SCR-58000,Wonka Bar -Scrumdiddlyumptious,18.0,5,12.5,5.5,Lot's O' Nuts,238.0
6594,US-2023-146941-CHO-SCR-58000,2025-10-12,2026-06-04,First Class,146941,United States,New York City,New York,10024,Chocolate,Atlantic,CHO-SCR-58000,Wonka Bar -Scrumdiddlyumptious,14.4,4,10.0,4.4,Lot's O' Nuts,235.0
6595,US-2023-147123-CHO-SCR-58000,2025-10-12,2026-06-03,First Class,147123,United States,Long Beach,California,90805,Chocolate,Pacific,CHO-SCR-58000,Wonka Bar -Scrumdiddlyumptious,43.2,12,30.0,13.2,Lot's O' Nuts,234.0
6596,US-2023-127194-CHO-FUD-51000,2025-10-12,2026-06-07,Standard Class,127194,United States,New York City,New York,10024,Chocolate,Atlantic,CHO-FUD-51000,Wonka Bar - Fudge Mallows,32.4,9,21.6,10.8,Lot's O' Nuts,238.0
6597,US-2023-128412-CHO-MIL-31000,2025-10-12,2026-06-08,Standard Class,128412,United States,Seattle,Washington,98105,Chocolate,Pacific,CHO-MIL-31000,Wonka Bar - Milk Chocolate,13.0,4,8.44,4.56,Wicked Choccy's,239.0
6598,US-2023-144309-CHO-MIL-31000,2025-10-12,2026-06-07,Standard Class,144309,United States,Watertown,New York,13601,Chocolate,Atlantic,CHO-MIL-31000,Wonka Bar - Milk Chocolate,6.5,2,4.22,2.28,Wicked Choccy's,238.0
6599,US-2023-100587-OTH-GUM-21000,2025-10-12,2026-06-05,Standard Class,100587,United States,New York City,New York,10024,Other,Atlantic,OTH-GUM-21000,Wonka Gum,1.25,1,0.65,0.6,Secret Factory,236.0
6600,US-2023-146941-CHO-TRI-54000,2025-10-12,2026-06-04,First Class,146941,United States,New York City,New York,10024,Chocolate,Atlantic,CHO-TRI-54000,Wonka Bar - Triple Dazzle Caramel,22.5,6,14.7,7.8,Wicked Choccy's,235.0
6601,US-2023-128412-CHO-NUT-13000,2025-10-12,2026-06-08,Standard Class,128412,United States,Seattle,Washington,98105,Chocolate,Pacific,CHO-NUT-13000,Wonka Bar - Nutty Crunch Surprise,17.45,5,12.45,5.0,Lot's O' Nuts,239.0
6602,CA-2023-124626-CHO-SCR-58000,2025-10-12,2026-06-06,Standard Class,124626,Canada,St. John's,Newfoundland and Labrador,A0A,Chocolate,Atlantic,CHO-SCR-58000,Wonka Bar -Scrumdiddlyumptious,28.8,8,20.0,8.8,Lot's O' Nuts,237.0
6603,US-2023-162187-CHO-SCR-58000,2025-11-12,2026-06-02,Same Day,162187,United States,Columbus,Ohio,43229,Chocolate,Atlantic,CHO-SCR-58000,Wonka Bar -Scrumdiddlyumptious,18.0,5,12.5,5.5,Lot's O' Nuts,202.0
6604,US-2023-165330-CHO-MIL-31000,2025-11-12,2026-06-02,Same Day,165330,United States,Anaheim,California,92804,Chocolate,Pacific,CHO-MIL-31000,Wonka Bar - Milk Chocolate,16.25,5,10.55,5.7,Wicked Choccy's,202.0
6605,US-2023-143609-CHO-TRI-54000,2025-11-12,2026-06-04,First Class,143609,United States,Portland,Oregon,97206,Chocolate,Pacific,CHO-TRI-54000,Wonka Bar - Triple Dazzle Caramel,18.75,5,12.25,6.5,Wicked Choccy's,204.0
6606,US-2023-160745-CHO-TRI-54000,2025-11-12,2026-06-07,Second Class,160745,United States,Vancouver,Washington,98661,Chocolate,Pacific,CHO-TRI-54000,Wonka Bar - Triple Dazzle Caramel,15.0,4,9.8,5.2,Wicked Choccy's,207.0
6607,US-2023-162187-CHO-FUD-51000,2025-11-12,2026-06-02,Same Day,162187,United States,Columbus,Ohio,43229,Chocolate,Atlantic,CHO-FUD-51000,Wonka Bar - Fudge Mallows,10.8,3,7.2,3.6,Lot's O' Nuts,202.0
6608,US-2023-165330-CHO-NUT-13000,2025-11-12,2026-06-02,Same Day,165330,United States,Anaheim,California,92804,Chocolate,Pacific,CHO-NUT-13000,Wonka Bar - Nutty Crunch Surprise,24.43,7,17.43,7.0,Lot's O' Nuts,202.0
6609,US-2023-162187-CHO-NUT-13000,2025-11-12,2026-06-02,Same Day,162187,United States,Columbus,Ohio,43229,Chocolate,Atlantic,CHO-NUT-13000,Wonka Bar - Nutty Crunch Surprise,13.96,4,9.96,4.0,Lot's O' Nuts,202.0
6610,US-2023-165330-CHO-SCR-58000,2025-11-12,2026-06-02,Same Day,165330,United States,Anaheim,California,92804,Chocolate,Pacific,CHO-SCR-58000,Wonka Bar -Scrumdiddlyumptious,7.2,2,5.0,2.2,Lot's O' Nuts,202.0
6611,US-2023-151260-CHO-SCR-58000,2025-11-12,2026-06-05,First Class,151260,United States,Springfield,Ohio,45503,Chocolate,Atlantic,CHO-SCR-58000,Wonka Bar -Scrumdiddlyumptious,14.4,4,10.0,4.4,Lot's O' Nuts,205.0
6612,US-2023-165330-CHO-TRI-54000,2025-11-12,2026-06-02,Same Day,165330,United States,Anaheim,California,92804,Chocolate,Pacific,CHO-TRI-54000,Wonka Bar - Triple Dazzle Caramel,7.5,2,4.9,2.6,Wicked Choccy's,202.0
6613,US-2023-132857-CHO-FUD-51000,2025-11-12,2026-06-08,Standard Class,132857,United States,Smyrna,Tennessee,37167,Chocolate,Gulf,CHO-FUD-51000,Wonka Bar - Fudge Mallows,10.8,3,7.2,3.6,Lot's O' Nuts,208.0
6614,US-2023-165330-CHO-NUT-13000,2025-11-12,2026-06-02,Same Day,165330,United States,Anaheim,California,92804,Chocolate,Pacific,CHO-NUT-13000,Wonka Bar - Nutty Crunch Surprise,10.47,3,7.47,3.0,Lot's O' Nuts,202.0
6615,US-2023-165330-CHO-NUT-13000,2025-11-12,2026-06-02,Same Day,165330,United States,Anaheim,California,92804,Chocolate,Pacific,CHO-NUT-13000,Wonka Bar - Nutty Crunch Surprise,6.98,2,4.98,2.0,Lot's O' Nuts,202.0
6616,US-2023-165330-CHO-TRI-54000,2025-11-12,2026-06-02,Same Day,165330,United States,Anaheim,California,92804,Chocolate,Pacific,CHO-TRI-54000,Wonka Bar - Triple Dazzle Caramel,33.75,9,22.05,11.7,Wicked Choccy's,202.0
6617,US-2023-165330-CHO-SCR-58000,2025-11-12,2026-06-02,Same Day,165330,United States,Anaheim,California,92804,Chocolate,Pacific,CHO-SCR-58000,Wonka Bar -Scrumdiddlyumptious,18.0,5,12.5,5.5,Lot's O' Nuts,202.0
6618,US-2023-105816-CHO-NUT-13000,2025-11-12,2026-06-08,Standard Class,105816,United States,New York City,New York,10024,Chocolate,Atlantic,CHO-NUT-13000,Wonka Bar - Nutty Crunch Surprise,24.43,7,17.43,7.0,Lot's O' Nuts,208.0
6619,US-2023-165330-CHO-FUD-51000,2025-11-12,2026-06-02,Same Day,165330,United States,Anaheim,California,92804,Chocolate,Pacific,CHO-FUD-51000,Wonka Bar - Fudge Mallows,3.6,1,2.4,1.2,Lot's O' Nuts,202.0
6620,US-2023-165330-CHO-SCR-58000,2025-11-12,2026-06-02,Same Day,165330,United States,Anaheim,California,92804,Chocolate,Pacific,CHO-SCR-58000,Wonka Bar -Scrumdiddlyumptious,10.8,3,7.5,3.3,Lot's O' Nuts,202.0
6621,US-2023-148803-CHO-MIL-31000,2025-11-12,2026-06-02,Same Day,148803,United States,Homestead,Florida,33030,Chocolate,Gulf,CHO-MIL-31000,Wonka Bar - Milk Chocolate,9.75,3,6.33,3.42,Wicked Choccy's,202.0
6622,US-2023-162187-CHO-MIL-31000,2025-11-12,2026-06-02,Same Day,162187,United States,Columbus,Ohio,43229,Chocolate,Atlantic,CHO-MIL-31000,Wonka Bar - Milk Chocolate,16.25,5,10.55,5.7,Wicked Choccy's,202.0
6623,US-2023-135720-CHO-TRI-54000,2025-11-12,2026-06-04,Second Class,135720,United States,Aurora,Colorado,80013,Chocolate,Pacific,CHO-TRI-54000,Wonka Bar - Triple Dazzle Caramel,11.25,3,7.35,3.9,Wicked Choccy's,204.0
6624,US-2023-162187-CHO-FUD-51000,2025-11-12,2026-06-02,Same Day,162187,United States,Columbus,Ohio,43229,Chocolate,Atlantic,CHO-FUD-51000,Wonka Bar - Fudge Mallows,7.2,2,4.8,2.4,Lot's O' Nuts,202.0
6625,US-2023-165330-CHO-SCR-58000,2025-11-12,2026-06-02,Same Day,165330,United States,Anaheim,California,92804,Chocolate,Pacific,CHO-SCR-58000,Wonka Bar -Scrumdiddlyumptious,14.4,4,10.0,4.4,Lot's O' Nuts,202.0
6626,US-2023-160745-CHO-SCR-58000,2025-11-12,2026-06-07,Second Class,160745,United States,Vancouver,Washington,98661,Chocolate,Pacific,CHO-SCR-58000,Wonka Bar -Scrumdiddlyumptious,14.4,4,10.0,4.4,Lot's O' Nuts,207.0
6627,US-2023-135720-CHO-FUD-51000,2025-11-12,2026-06-04,Second Class,135720,United States,Aurora,Colorado,80013,Chocolate,Pacific,CHO-FUD-51000,Wonka Bar - Fudge Mallows,18.0,5,12.0,6.0,Lot's O' Nuts,204.0
6628,US-2023-135720-CHO-FUD-51000,2025-11-12,2026-06-04,Second Class,135720,United States,Aurora,Colorado,80013,Chocolate,Pacific,CHO-FUD-51000,Wonka Bar - Fudge Mallows,14.4,4,9.6,4.8,Lot's O' Nuts,204.0
6629,US-2023-105816-CHO-NUT-13000,2025-11-12,2026-06-08,Standard Class,105816,United States,New York City,New York,10024,Chocolate,Atlantic,CHO-NUT-13000,Wonka Bar - Nutty Crunch Surprise,17.45,5,12.45,5.0,Lot's O' Nuts,208.0
6630,US-2023-160745-OTH-GUM-21000,2025-11-12,2026-06-07,Second Class,160745,United States,Vancouver,Washington,98661,Other,Pacific,OTH-GUM-21000,Wonka Gum,3.75,3,1.95,1.8,Secret Factory,207.0
6631,US-2023-139395-CHO-MIL-31000,2025-12-12,2026-06-09,Standard Class,139395,United States,Jackson,Michigan,49201,Chocolate,Interior,CHO-MIL-31000,Wonka Bar - Milk Chocolate,13.0,4,8.44,4.56,Wicked Choccy's,179.0
6632,US-2023-136686-CHO-MIL-31000,2025-12-12,2026-06-07,Standard Class,136686,United States,Pasadena,California,91104,Chocolate,Pacific,CHO-MIL-31000,Wonka Bar - Milk Chocolate,19.5,6,12.66,6.84,Wicked Choccy's,177.0
6633,US-2023-169824-CHO-MIL-31000,2025-12-12,2026-06-08,Standard Class,169824,United States,New York City,New York,10009,Chocolate,Atlantic,CHO-MIL-31000,Wonka Bar - Milk Chocolate,16.25,5,10.55,5.7,Wicked Choccy's,178.0
6634,US-2023-136686-CHO-SCR-58000,2025-12-12,2026-06-07,Standard Class,136686,United States,Pasadena,California,91104,Chocolate,Pacific,CHO-SCR-58000,Wonka Bar -Scrumdiddlyumptious,10.8,3,7.5,3.3,Lot's O' Nuts,177.0
6635,US-2023-169824-CHO-FUD-51000,2025-12-12,2026-06-08,Standard Class,169824,United States,New York City,New York,10009,Chocolate,Atlantic,CHO-FUD-51000,Wonka Bar - Fudge Mallows,25.2,7,16.8,8.4,Lot's O' Nuts,178.0
6636,US-2023-139395-CHO-MIL-31000,2025-12-12,2026-06-09,Standard Class,139395,United States,Jackson,Michigan,49201,Chocolate,Interior,CHO-MIL-31000,Wonka Bar - Milk Chocolate,16.25,5,10.55,5.7,Wicked Choccy's,179.0
6637,US-2023-108777-CHO-FUD-51000,2025-12-12,2026-06-03,Same Day,108777,United States,Lorain,Ohio,44052,Chocolate,Atlantic,CHO-FUD-51000,Wonka Bar - Fudge Mallows,10.8,3,7.2,3.6,Lot's O' Nuts,173.0
6638,US-2023-169369-CHO-MIL-31000,2025-12-12,2026-06-09,Standard Class,169369,United States,Columbus,Georgia,31907,Chocolate,Gulf,CHO-MIL-31000,Wonka Bar - Milk Chocolate,13.0,4,8.44,4.56,Wicked Choccy's,179.0
6639,US-2023-139395-CHO-FUD-51000,2025-12-12,2026-06-09,Standard Class,139395,United States,Jackson,Michigan,49201,Chocolate,Interior,CHO-FUD-51000,Wonka Bar - Fudge Mallows,7.2,2,4.8,2.4,Lot's O' Nuts,179.0
6640,US-2023-169824-OTH-LIC-15000,2025-12-12,2026-06-08,Standard Class,169824,United States,New York City,New York,10009,Other,Atlantic,OTH-LIC-15000,Lickable Wallpaper,80.0,4,40.0,40.0,Secret Factory,178.0
6641,US-2023-169369-CHO-TRI-54000,2025-12-12,2026-06-09,Standard Class,169369,United States,Columbus,Georgia,31907,Chocolate,Gulf,CHO-TRI-54000,Wonka Bar - Triple Dazzle Caramel,18.75,5,12.25,6.5,Wicked Choccy's,179.0
6642,US-2023-108777-CHO-TRI-54000,2025-12-12,2026-06-03,Same Day,108777,United States,Lorain,Ohio,44052,Chocolate,Atlantic,CHO-TRI-54000,Wonka Bar - Triple Dazzle Caramel,22.5,6,14.7,7.8,Wicked Choccy's,173.0
6643,US-2023-139395-CHO-FUD-51000,2025-12-12,2026-06-09,Standard Class,139395,United States,Jackson,Michigan,49201,Chocolate,Interior,CHO-FUD-51000,Wonka Bar - Fudge Mallows,25.2,7,16.8,8.4,Lot's O' Nuts,179.0
6644,CA-2023-155586-CHO-SCR-58000,2025-12-12,2026-06-07,Second Class,155586,Canada,Calgary,Alberta,T2C,Chocolate,Pacific,CHO-SCR-58000,Wonka Bar -Scrumdiddlyumptious,3.6,1,2.5,1.1,Lot's O' Nuts,177.0
6645,CA-2023-155586-CHO-SCR-58000,2025-12-12,2026-06-07,Second Class,155586,Canada,Calgary,Alberta,T2C,Chocolate,Pacific,CHO-SCR-58000,Wonka Bar -Scrumdiddlyumptious,14.4,4,10.0,4.4,Lot's O' Nuts,177.0
6646,CA-2023-155586-CHO-NUT-13000,2025-12-12,2026-06-07,Second Class,155586,Canada,Calgary,Alberta,T2C,Chocolate,Pacific,CHO-NUT-13000,Wonka Bar - Nutty Crunch Surprise,13.96,4,9.96,4.0,Lot's O' Nuts,177.0
6816,US-2024-151750-CHO-SCR-58000,2025-01-01,2025-06-27,Standard Class,151750,United States,Huntsville,Texas,77340,Chocolate,Interior,CHO-SCR-58000,Wonka Bar -Scrumdiddlyumptious,14.4,4,10.0,4.4,Lot's O' Nuts,177.0
6817,US-2024-144463-CHO-SCR-58000,2025-01-01,2025-06-27,Standard Class,144463,United States,Los Angeles,California,90036,Chocolate,Pacific,CHO-SCR-58000,Wonka Bar -Scrumdiddlyumptious,39.6,11,27.5,12.1,Lot's O' Nuts,177.0
6818,US-2024-151750-CHO-MIL-31000,2025-01-01,2025-06-27,Standard Class,151750,United States,Huntsville,Texas,77340,Chocolate,Interior,CHO-MIL-31000,Wonka Bar - Milk Chocolate,16.25,5,10.55,5.7,Wicked Choccy's,177.0
6819,US-2024-107503-CHO-MIL-31000,2025-01-01,2025-06-28,Standard Class,107503,United States,Lorain,Ohio,44052,Chocolate,Atlantic,CHO-MIL-31000,Wonka Bar - Milk Chocolate,13.0,4,8.44,4.56,Wicked Choccy's,178.0
6820,US-2024-151750-CHO-TRI-54000,2025-01-01,2025-06-27,Standard Class,151750,United States,Huntsville,Texas,77340,Chocolate,Interior,CHO-TRI-54000,Wonka Bar - Triple Dazzle Caramel,7.5,2,4.9,2.6,Wicked Choccy's,177.0
6821,US-2024-151750-CHO-SCR-58000,2025-01-01,2025-06-27,Standard Class,151750,United States,Huntsville,Texas,77340,Chocolate,Interior,CHO-SCR-58000,Wonka Bar -Scrumdiddlyumptious,14.4,4,10.0,4.4,Lot's O' Nuts,177.0
6822,US-2024-151750-CHO-NUT-13000,2025-01-01,2025-06-27,Standard Class,151750,United States,Huntsville,Texas,77340,Chocolate,Interior,CHO-NUT-13000,Wonka Bar - Nutty Crunch Surprise,17.45,5,12.45,5.0,Lot's O' Nuts,177.0
6823,US-2024-151750-CHO-MIL-31000,2025-01-01,2025-06-27,Standard Class,151750,United States,Huntsville,Texas,77340,Chocolate,Interior,CHO-MIL-31000,Wonka Bar - Milk Chocolate,45.5,14,29.54,15.96,Wicked Choccy's,177.0
6824,US-2024-154466-CHO-TRI-54000,2025-01-01,2025-06-24,First Class,154466,United States,Franklin,Wisconsin,53132,Chocolate,Interior,CHO-TRI-54000,Wonka Bar - Triple Dazzle Caramel,7.5,2,4.9,2.6,Wicked Choccy's,174.0
6825,US-2024-151750-CHO-SCR-58000,2025-01-01,2025-06-27,Standard Class,151750,United States,Huntsville,Texas,77340,Chocolate,Interior,CHO-SCR-58000,Wonka Bar -Scrumdiddlyumptious,18.0,5,12.5,5.5,Lot's O' Nuts,177.0
6826,US-2024-147207-CHO-MIL-31000,2025-02-01,2025-06-26,Second Class,147207,United States,El Paso,Texas,79907,Chocolate,Interior,CHO-MIL-31000,Wonka Bar - Milk Chocolate,16.25,5,10.55,5.7,Wicked Choccy's,145.0
6827,US-2024-147207-CHO-SCR-58000,2025-02-01,2025-06-26,Second Class,147207,United States,El Paso,Texas,79907,Chocolate,Interior,CHO-SCR-58000,Wonka Bar -Scrumdiddlyumptious,7.2,2,5.0,2.2,Lot's O' Nuts,145.0
6828,US-2024-147207-CHO-SCR-58000,2025-02-01,2025-06-26,Second Class,147207,United States,El Paso,Texas,79907,Chocolate,Interior,CHO-SCR-58000,Wonka Bar -Scrumdiddlyumptious,7.2,2,5.0,2.2,Lot's O' Nuts,145.0
6829,US-2024-113481-CHO-MIL-31000,2025-02-01,2025-06-26,First Class,113481,United States,Jacksonville,North Carolina,28540,Chocolate,Gulf,CHO-MIL-31000,Wonka Bar - Milk Chocolate,19.5,6,12.66,6.84,Wicked Choccy's,145.0
6830,US-2024-113481-CHO-NUT-13000,2025-02-01,2025-06-26,First Class,113481,United States,Jacksonville,North Carolina,28540,Chocolate,Gulf,CHO-NUT-13000,Wonka Bar - Nutty Crunch Surprise,17.45,5,12.45,5.0,Lot's O' Nuts,145.0
6831,US-2024-147207-CHO-TRI-54000,2025-02-01,2025-06-26,Second Class,147207,United States,El Paso,Texas,79907,Chocolate,Interior,CHO-TRI-54000,Wonka Bar - Triple Dazzle Caramel,11.25,3,7.35,3.9,Wicked Choccy's,145.0
6832,US-2024-118668-CHO-MIL-31000,2025-02-01,2025-06-26,Second Class,118668,United States,Los Angeles,California,90032,Chocolate,Pacific,CHO-MIL-31000,Wonka Bar - Milk Chocolate,3.25,1,2.11,1.14,Wicked Choccy's,145.0
6833,US-2024-113481-CHO-NUT-13000,2025-02-01,2025-06-26,First Class,113481,United States,Jacksonville,North Carolina,28540,Chocolate,Gulf,CHO-NUT-13000,Wonka Bar - Nutty Crunch Surprise,6.98,2,4.98,2.0,Lot's O' Nuts,145.0
6834,US-2024-111738-CHO-SCR-58000,2025-03-01,2025-06-29,Standard Class,111738,United States,San Francisco,California,94110,Chocolate,Pacific,CHO-SCR-58000,Wonka Bar -Scrumdiddlyumptious,10.8,3,7.5,3.3,Lot's O' Nuts,120.0
6835,US-2024-111738-CHO-TRI-54000,2025-03-01,2025-06-29,Standard Class,111738,United States,San Francisco,California,94110,Chocolate,Pacific,CHO-TRI-54000,Wonka Bar - Triple Dazzle Caramel,30.0,8,19.6,10.4,Wicked Choccy's,120.0
6836,US-2024-114034-CHO-TRI-54000,2025-03-01,2025-06-30,Standard Class,114034,United States,Rancho Cucamonga,California,91730,Chocolate,Pacific,CHO-TRI-54000,Wonka Bar - Triple Dazzle Caramel,22.5,6,14.7,7.8,Wicked Choccy's,121.0
6837,US-2024-150931-CHO-SCR-58000,2025-06-01,2025-07-05,Standard Class,150931,United States,Tuscaloosa,Alabama,35401,Chocolate,Gulf,CHO-SCR-58000,Wonka Bar -Scrumdiddlyumptious,25.2,7,17.5,7.7,Lot's O' Nuts,34.0
6838,US-2024-168690-CHO-MIL-31000,2025-07-01,2025-07-05,Standard Class,168690,United States,Ormond Beach,Florida,32174,Chocolate,Gulf,CHO-MIL-31000,Wonka Bar - Milk Chocolate,9.75,3,6.33,3.42,Wicked Choccy's,4.0
6839,US-2024-123862-CHO-FUD-51000,2025-07-01,2025-07-01,Second Class,123862,United States,Long Beach,California,90805,Chocolate,Pacific,CHO-FUD-51000,Wonka Bar - Fudge Mallows,3.6,1,2.4,1.2,Lot's O' Nuts,0.0
6840,US-2024-123862-CHO-FUD-51000,2025-07-01,2025-07-01,Second Class,123862,United States,Long Beach,California,90805,Chocolate,Pacific,CHO-FUD-51000,Wonka Bar - Fudge Mallows,39.6,11,26.4,13.2,Lot's O' Nuts,0.0
6841,US-2024-123862-CHO-SCR-58000,2025-07-01,2025-07-01,Second Class,123862,United States,Long Beach,California,90805,Chocolate,Pacific,CHO-SCR-58000,Wonka Bar -Scrumdiddlyumptious,10.8,3,7.5,3.3,Lot's O' Nuts,0.0
6842,US-2024-123862-CHO-MIL-31000,2025-07-01,2025-07-01,Second Class,123862,United States,Long Beach,California,90805,Chocolate,Pacific,CHO-MIL-31000,Wonka Bar - Milk Chocolate,22.75,7,14.77,7.98,Wicked Choccy's,0.0
6843,US-2024-159366-CHO-SCR-58000,2025-07-01,2025-07-02,First Class,159366,United States,Detroit,Michigan,48205,Chocolate,Interior,CHO-SCR-58000,Wonka Bar -Scrumdiddlyumptious,7.2,2,5.0,2.2,Lot's O' Nuts,1.0
6844,US-2024-115154-OTH-GUM-21000,2025-08-01,2026-07-03,First Class,115154,United States,Seattle,Washington,98115,Other,Pacific,OTH-GUM-21000,Wonka Gum,2.5,2,1.3,1.2,Secret Factory,336.0
6845,US-2024-154760-CHO-NUT-13000,2025-09-01,2026-07-05,Standard Class,154760,United States,Philadelphia,Pennsylvania,19140,Chocolate,Atlantic,CHO-NUT-13000,Wonka Bar - Nutty Crunch Surprise,10.47,3,7.47,3.0,Lot's O' Nuts,307.0
6846,US-2024-158512-CHO-FUD-51000,2025-12-01,2026-07-09,Second Class,158512,United States,Washington,District of Columbia,20016,Chocolate,Atlantic,CHO-FUD-51000,Wonka Bar - Fudge Mallows,7.2,2,4.8,2.4,Lot's O' Nuts,220.0
6847,US-2024-148551-CHO-FUD-51000,2025-12-01,2026-07-08,Standard Class,148551,United States,Dallas,Texas,75217,Chocolate,Interior,CHO-FUD-51000,Wonka Bar - Fudge Mallows,18.0,5,12.0,6.0,Lot's O' Nuts,219.0
6848,US-2024-108000-CHO-SCR-58000,2025-12-01,2026-07-08,Standard Class,108000,United States,San Francisco,California,94110,Chocolate,Pacific,CHO-SCR-58000,Wonka Bar -Scrumdiddlyumptious,3.6,1,2.5,1.1,Lot's O' Nuts,219.0
6849,US-2024-158512-CHO-FUD-51000,2025-12-01,2026-07-09,Second Class,158512,United States,Washington,District of Columbia,20016,Chocolate,Atlantic,CHO-FUD-51000,Wonka Bar - Fudge Mallows,21.6,6,14.4,7.2,Lot's O' Nuts,220.0
6977,US-2024-128076-CHO-TRI-54000,2025-02-02,2025-07-30,Standard Class,128076,United States,San Diego,California,92105,Chocolate,Pacific,CHO-TRI-54000,Wonka Bar - Triple Dazzle Caramel,7.5,2,4.9,2.6,Wicked Choccy's,178.0
6978,US-2024-161333-CHO-FUD-51000,2025-02-02,2025-07-30,Standard Class,161333,United States,Los Angeles,California,90045,Chocolate,Pacific,CHO-FUD-51000,Wonka Bar - Fudge Mallows,7.2,2,4.8,2.4,Lot's O' Nuts,178.0
6979,US-2024-161333-CHO-FUD-51000,2025-02-02,2025-07-30,Standard Class,161333,United States,Los Angeles,California,90045,Chocolate,Pacific,CHO-FUD-51000,Wonka Bar - Fudge Mallows,14.4,4,9.6,4.8,Lot's O' Nuts,178.0
6980,US-2024-128076-CHO-SCR-58000,2025-02-02,2025-07-30,Standard Class,128076,United States,San Diego,California,92105,Chocolate,Pacific,CHO-SCR-58000,Wonka Bar -Scrumdiddlyumptious,7.2,2,5.0,2.2,Lot's O' Nuts,178.0
6981,US-2024-164147-OTH-LIC-15000,2025-02-02,2025-07-28,First Class,164147,United States,Columbus,Ohio,43229,Other,Atlantic,OTH-LIC-15000,Lickable Wallpaper,180.0,9,90.0,90.0,Secret Factory,176.0
6982,US-2024-164147-CHO-FUD-51000,2025-02-02,2025-07-28,First Class,164147,United States,Columbus,Ohio,43229,Chocolate,Atlantic,CHO-FUD-51000,Wonka Bar - Fudge Mallows,7.2,2,4.8,2.4,Lot's O' Nuts,176.0
6983,US-2024-161333-CHO-FUD-51000,2025-02-02,2025-07-30,Standard Class,161333,United States,Los Angeles,California,90045,Chocolate,Pacific,CHO-FUD-51000,Wonka Bar - Fudge Mallows,14.4,4,9.6,4.8,Lot's O' Nuts,178.0
6984,US-2024-128076-OTH-GUM-21000,2025-02-02,2025-07-30,Standard Class,128076,United States,San Diego,California,92105,Other,Pacific,OTH-GUM-21000,Wonka Gum,2.5,2,1.3,1.2,Secret Factory,178.0
6985,US-2024-164147-CHO-NUT-13000,2025-02-02,2025-07-28,First Class,164147,United States,Columbus,Ohio,43229,Chocolate,Atlantic,CHO-NUT-13000,Wonka Bar - Nutty Crunch Surprise,17.45,5,12.45,5.0,Lot's O' Nuts,176.0
6986,US-2024-127474-CHO-NUT-13000,2025-03-02,2025-07-30,Second Class,127474,United States,Chicago,Illinois,60610,Chocolate,Interior,CHO-NUT-13000,Wonka Bar - Nutty Crunch Surprise,3.49,1,2.49,1.0,Lot's O' Nuts,150.0
6987,US-2024-126354-CHO-NUT-13000,2025-03-02,2025-07-31,Standard Class,126354,United States,Pembroke Pines,Florida,33024,Chocolate,Gulf,CHO-NUT-13000,Wonka Bar - Nutty Crunch Surprise,6.98,2,4.98,2.0,Lot's O' Nuts,151.0
6988,US-2024-167703-CHO-MIL-31000,2025-03-02,2025-07-31,Standard Class,167703,United States,Cincinnati,Ohio,45231,Chocolate,Atlantic,CHO-MIL-31000,Wonka Bar - Milk Chocolate,9.75,3,6.33,3.42,Wicked Choccy's,151.0
6989,US-2024-127474-CHO-FUD-51000,2025-03-02,2025-07-30,Second Class,127474,United States,Chicago,Illinois,60610,Chocolate,Interior,CHO-FUD-51000,Wonka Bar - Fudge Mallows,18.0,5,12.0,6.0,Lot's O' Nuts,150.0
6990,US-2024-127474-CHO-TRI-54000,2025-03-02,2025-07-30,Second Class,127474,United States,Chicago,Illinois,60610,Chocolate,Interior,CHO-TRI-54000,Wonka Bar - Triple Dazzle Caramel,7.5,2,4.9,2.6,Wicked Choccy's,150.0
6991,US-2024-127474-CHO-FUD-51000,2025-03-02,2025-07-30,Second Class,127474,United States,Chicago,Illinois,60610,Chocolate,Interior,CHO-FUD-51000,Wonka Bar - Fudge Mallows,3.6,1,2.4,1.2,Lot's O' Nuts,150.0
6992,US-2024-126354-CHO-NUT-13000,2025-03-02,2025-07-31,Standard Class,126354,United States,Pembroke Pines,Florida,33024,Chocolate,Gulf,CHO-NUT-13000,Wonka Bar - Nutty Crunch Surprise,10.47,3,7.47,3.0,Lot's O' Nuts,151.0
6993,US-2024-167703-CHO-FUD-51000,2025-03-02,2025-07-31,Standard Class,167703,United States,Cincinnati,Ohio,45231,Chocolate,Atlantic,CHO-FUD-51000,Wonka Bar - Fudge Mallows,7.2,2,4.8,2.4,Lot's O' Nuts,151.0
6994,US-2024-169474-CHO-SCR-58000,2025-04-02,2025-08-01,Standard Class,169474,United States,Rochester,New York,14609,Chocolate,Atlantic,CHO-SCR-58000,Wonka Bar -Scrumdiddlyumptious,10.8,3,7.5,3.3,Lot's O' Nuts,121.0
6995,US-2024-107517-CHO-TRI-54000,2025-05-02,2025-08-01,Standard Class,107517,United States,Torrance,California,90503,Chocolate,Pacific,CHO-TRI-54000,Wonka Bar - Triple Dazzle Caramel,18.75,5,12.25,6.5,Wicked Choccy's,91.0
6996,US-2024-131282-CHO-SCR-58000,2025-05-02,2025-07-31,Second Class,131282,United States,Waco,Texas,76706,Chocolate,Interior,CHO-SCR-58000,Wonka Bar -Scrumdiddlyumptious,18.0,5,12.5,5.5,Lot's O' Nuts,90.0
6997,US-2024-131282-CHO-NUT-13000,2025-05-02,2025-07-31,Second Class,131282,United States,Waco,Texas,76706,Chocolate,Interior,CHO-NUT-13000,Wonka Bar - Nutty Crunch Surprise,13.96,4,9.96,4.0,Lot's O' Nuts,90.0
6998,US-2024-107517-CHO-NUT-13000,2025-05-02,2025-08-01,Standard Class,107517,United States,Torrance,California,90503,Chocolate,Pacific,CHO-NUT-13000,Wonka Bar - Nutty Crunch Surprise,17.45,5,12.45,5.0,Lot's O' Nuts,91.0
6999,US-2024-115105-CHO-FUD-51000,2025-06-02,2025-08-03,Standard Class,115105,United States,New York City,New York,10024,Chocolate,Atlantic,CHO-FUD-51000,Wonka Bar - Fudge Mallows,3.6,1,2.4,1.2,Lot's O' Nuts,62.0
7000,US-2024-122994-CHO-SCR-58000,2025-06-02,2025-08-01,First Class,122994,United States,Arlington,Virginia,22204,Chocolate,Gulf,CHO-SCR-58000,Wonka Bar -Scrumdiddlyumptious,10.8,3,7.5,3.3,Lot's O' Nuts,60.0
7001,US-2024-101840-CHO-SCR-58000,2025-06-02,2025-08-04,Standard Class,101840,United States,New York City,New York,10024,Chocolate,Atlantic,CHO-SCR-58000,Wonka Bar -Scrumdiddlyumptious,14.4,4,10.0,4.4,Lot's O' Nuts,63.0
7002,US-2024-154102-CHO-MIL-31000,2025-06-02,2025-08-05,Standard Class,154102,United States,San Francisco,California,94109,Chocolate,Pacific,CHO-MIL-31000,Wonka Bar - Milk Chocolate,16.25,5,10.55,5.7,Wicked Choccy's,64.0
7003,US-2024-101840-CHO-MIL-31000,2025-06-02,2025-08-04,Standard Class,101840,United States,New York City,New York,10024,Chocolate,Atlantic,CHO-MIL-31000,Wonka Bar - Milk Chocolate,19.5,6,12.66,6.84,Wicked Choccy's,63.0
7004,US-2024-118773-CHO-SCR-58000,2025-09-02,2026-08-06,Standard Class,118773,United States,Houston,Texas,77070,Chocolate,Interior,CHO-SCR-58000,Wonka Bar -Scrumdiddlyumptious,7.2,2,5.0,2.2,Lot's O' Nuts,338.0
7005,US-2024-150602-CHO-MIL-31000,2025-09-02,2026-08-06,Second Class,150602,United States,Los Angeles,California,90045,Chocolate,Pacific,CHO-MIL-31000,Wonka Bar - Milk Chocolate,13.0,4,8.44,4.56,Wicked Choccy's,338.0
7006,US-2024-118773-CHO-NUT-13000,2025-09-02,2026-08-06,Standard Class,118773,United States,Houston,Texas,77070,Chocolate,Interior,CHO-NUT-13000,Wonka Bar - Nutty Crunch Surprise,6.98,2,4.98,2.0,Lot's O' Nuts,338.0
7007,US-2024-118773-CHO-TRI-54000,2025-09-02,2026-08-06,Standard Class,118773,United States,Houston,Texas,77070,Chocolate,Interior,CHO-TRI-54000,Wonka Bar - Triple Dazzle Caramel,15.0,4,9.8,5.2,Wicked Choccy's,338.0
7008,US-2024-145807-CHO-FUD-51000,2025-09-02,2026-08-05,Standard Class,145807,United States,Los Angeles,California,90032,Chocolate,Pacific,CHO-FUD-51000,Wonka Bar - Fudge Mallows,18.0,5,12.0,6.0,Lot's O' Nuts,337.0
7009,US-2024-118773-CHO-FUD-51000,2025-09-02,2026-08-06,Standard Class,118773,United States,Houston,Texas,77070,Chocolate,Interior,CHO-FUD-51000,Wonka Bar - Fudge Mallows,7.2,2,4.8,2.4,Lot's O' Nuts,338.0
7010,US-2024-124086-CHO-SCR-58000,2025-10-02,2026-08-06,Standard Class,124086,United States,Laguna Niguel,California,92677,Chocolate,Pacific,CHO-SCR-58000,Wonka Bar -Scrumdiddlyumptious,7.2,2,5.0,2.2,Lot's O' Nuts,308.0
7011,US-2024-123659-CHO-TRI-54000,2025-10-02,2026-08-05,First Class,123659,United States,Clinton,Maryland,20735,Chocolate,Atlantic,CHO-TRI-54000,Wonka Bar - Triple Dazzle Caramel,15.0,4,9.8,5.2,Wicked Choccy's,307.0
7012,US-2024-131828-CHO-NUT-13000,2025-11-02,2026-08-05,Second Class,131828,United States,Seattle,Washington,98105,Chocolate,Pacific,CHO-NUT-13000,Wonka Bar - Nutty Crunch Surprise,13.96,4,9.96,4.0,Lot's O' Nuts,276.0
7013,US-2024-138156-CHO-SCR-58000,2025-11-02,2026-08-06,First Class,138156,United States,Columbus,Ohio,43229,Chocolate,Atlantic,CHO-SCR-58000,Wonka Bar -Scrumdiddlyumptious,7.2,2,5.0,2.2,Lot's O' Nuts,277.0
7014,US-2024-116204-CHO-FUD-51000,2025-11-02,2026-08-06,Second Class,116204,United States,San Francisco,California,94110,Chocolate,Pacific,CHO-FUD-51000,Wonka Bar - Fudge Mallows,25.2,7,16.8,8.4,Lot's O' Nuts,277.0
7015,US-2024-118535-CHO-TRI-54000,2025-11-02,2026-08-07,Standard Class,118535,United States,New York City,New York,10024,Chocolate,Atlantic,CHO-TRI-54000,Wonka Bar - Triple Dazzle Caramel,7.5,2,4.9,2.6,Wicked Choccy's,278.0
7016,US-2024-131828-CHO-SCR-58000,2025-11-02,2026-08-05,Second Class,131828,United States,Seattle,Washington,98105,Chocolate,Pacific,CHO-SCR-58000,Wonka Bar -Scrumdiddlyumptious,10.8,3,7.5,3.3,Lot's O' Nuts,276.0
7084,US-2024-104885-CHO-TRI-54000,2025-02-03,2025-08-29,Standard Class,104885,United States,Newark,Delaware,19711,Chocolate,Atlantic,CHO-TRI-54000,Wonka Bar - Triple Dazzle Caramel,7.5,2,4.9,2.6,Wicked Choccy's,207.0
7085,US-2024-104885-CHO-NUT-13000,2025-02-03,2025-08-29,Standard Class,104885,United States,Newark,Delaware,19711,Chocolate,Atlantic,CHO-NUT-13000,Wonka Bar - Nutty Crunch Surprise,10.47,3,7.47,3.0,Lot's O' Nuts,207.0
7086,US-2024-152261-CHO-NUT-13000,2025-02-03,2025-08-27,Standard Class,152261,United States,Cuyahoga Falls,Ohio,44221,Chocolate,Atlantic,CHO-NUT-13000,Wonka Bar - Nutty Crunch Surprise,13.96,4,9.96,4.0,Lot's O' Nuts,205.0
7087,US-2024-146024-CHO-MIL-31000,2025-02-03,2025-08-29,Standard Class,146024,United States,Dallas,Texas,75081,Chocolate,Interior,CHO-MIL-31000,Wonka Bar - Milk Chocolate,22.75,7,14.77,7.98,Wicked Choccy's,207.0
7088,US-2024-124114-CHO-FUD-51000,2025-02-03,2025-08-23,Same Day,124114,United States,Waco,Texas,76706,Chocolate,Interior,CHO-FUD-51000,Wonka Bar - Fudge Mallows,3.6,1,2.4,1.2,Lot's O' Nuts,201.0
7089,US-2024-155712-CHO-FUD-51000,2025-02-03,2025-08-29,Standard Class,155712,United States,Los Angeles,California,90008,Chocolate,Pacific,CHO-FUD-51000,Wonka Bar - Fudge Mallows,7.2,2,4.8,2.4,Lot's O' Nuts,207.0
7090,US-2024-104885-CHO-MIL-31000,2025-02-03,2025-08-29,Standard Class,104885,United States,Newark,Delaware,19711,Chocolate,Atlantic,CHO-MIL-31000,Wonka Bar - Milk Chocolate,22.75,7,14.77,7.98,Wicked Choccy's,207.0
7091,US-2024-104885-OTH-KAZ-38000,2025-02-03,2025-08-29,Standard Class,104885,United States,Newark,Delaware,19711,Other,Atlantic,OTH-KAZ-38000,Kazookles,19.5,6,1.5,18.0,Secret Factory,207.0
7092,US-2024-146024-CHO-FUD-51000,2025-02-03,2025-08-29,Standard Class,146024,United States,Dallas,Texas,75081,Chocolate,Interior,CHO-FUD-51000,Wonka Bar - Fudge Mallows,14.4,4,9.6,4.8,Lot's O' Nuts,207.0
7093,US-2024-163902-CHO-SCR-58000,2025-02-03,2025-08-29,Standard Class,163902,United States,Los Angeles,California,90045,Chocolate,Pacific,CHO-SCR-58000,Wonka Bar -Scrumdiddlyumptious,21.6,6,15.0,6.6,Lot's O' Nuts,207.0
7094,US-2024-163902-CHO-FUD-51000,2025-02-03,2025-08-29,Standard Class,163902,United States,Los Angeles,California,90045,Chocolate,Pacific,CHO-FUD-51000,Wonka Bar - Fudge Mallows,10.8,3,7.2,3.6,Lot's O' Nuts,207.0
7095,US-2024-111815-CHO-SCR-58000,2025-03-03,2025-08-31,Standard Class,111815,United States,Dearborn Heights,Michigan,48127,Chocolate,Interior,CHO-SCR-58000,Wonka Bar -Scrumdiddlyumptious,3.6,1,2.5,1.1,Lot's O' Nuts,181.0
7096,US-2024-123085-CHO-SCR-58000,2025-03-03,2025-08-29,Standard Class,123085,United States,Los Angeles,California,90008,Chocolate,Pacific,CHO-SCR-58000,Wonka Bar -Scrumdiddlyumptious,10.8,3,7.5,3.3,Lot's O' Nuts,179.0
7097,US-2024-117513-CHO-NUT-13000,2025-03-03,2025-08-29,Standard Class,117513,United States,Los Angeles,California,90004,Chocolate,Pacific,CHO-NUT-13000,Wonka Bar - Nutty Crunch Surprise,24.43,7,17.43,7.0,Lot's O' Nuts,179.0
7098,US-2024-121804-CHO-MIL-31000,2025-03-03,2025-08-29,Standard Class,121804,United States,Murray,Kentucky,42071,Chocolate,Gulf,CHO-MIL-31000,Wonka Bar - Milk Chocolate,16.25,5,10.55,5.7,Wicked Choccy's,179.0
7099,US-2024-127621-CHO-FUD-51000,2025-03-03,2025-08-28,Standard Class,127621,United States,Dallas,Texas,75081,Chocolate,Interior,CHO-FUD-51000,Wonka Bar - Fudge Mallows,28.8,8,19.2,9.6,Lot's O' Nuts,178.0
7100,US-2024-123085-CHO-NUT-13000,2025-03-03,2025-08-29,Standard Class,123085,United States,Los Angeles,California,90008,Chocolate,Pacific,CHO-NUT-13000,Wonka Bar - Nutty Crunch Surprise,27.92,8,19.92,8.0,Lot's O' Nuts,179.0
7101,US-2024-111815-CHO-TRI-54000,2025-03-03,2025-08-31,Standard Class,111815,United States,Dearborn Heights,Michigan,48127,Chocolate,Interior,CHO-TRI-54000,Wonka Bar - Triple Dazzle Caramel,7.5,2,4.9,2.6,Wicked Choccy's,181.0
7102,US-2024-119816-CHO-FUD-51000,2025-04-03,2025-08-27,Second Class,119816,United States,Houston,Texas,77095,Chocolate,Interior,CHO-FUD-51000,Wonka Bar - Fudge Mallows,18.0,5,12.0,6.0,Lot's O' Nuts,146.0
7103,US-2024-110478-CHO-MIL-31000,2025-04-03,2025-08-30,Standard Class,110478,United States,Los Angeles,California,90045,Chocolate,Pacific,CHO-MIL-31000,Wonka Bar - Milk Chocolate,13.0,4,8.44,4.56,Wicked Choccy's,149.0
7104,US-2024-110478-CHO-FUD-51000,2025-04-03,2025-08-30,Standard Class,110478,United States,Los Angeles,California,90045,Chocolate,Pacific,CHO-FUD-51000,Wonka Bar - Fudge Mallows,3.6,1,2.4,1.2,Lot's O' Nuts,149.0
7105,US-2024-119816-CHO-NUT-13000,2025-04-03,2025-08-27,Second Class,119816,United States,Houston,Texas,77095,Chocolate,Interior,CHO-NUT-13000,Wonka Bar - Nutty Crunch Surprise,3.49,1,2.49,1.0,Lot's O' Nuts,146.0
7106,US-2024-142174-CHO-SCR-58000,2025-04-03,2025-08-30,Standard Class,142174,United States,Houston,Texas,77041,Chocolate,Interior,CHO-SCR-58000,Wonka Bar -Scrumdiddlyumptious,7.2,2,5.0,2.2,Lot's O' Nuts,149.0
7107,US-2024-119816-CHO-SCR-58000,2025-04-03,2025-08-27,Second Class,119816,United States,Houston,Texas,77095,Chocolate,Interior,CHO-SCR-58000,Wonka Bar -Scrumdiddlyumptious,3.6,1,2.5,1.1,Lot's O' Nuts,146.0
7108,US-2024-161046-CHO-FUD-51000,2025-05-03,2025-08-26,Same Day,161046,United States,Southaven,Mississippi,38671,Chocolate,Gulf,CHO-FUD-51000,Wonka Bar - Fudge Mallows,7.2,2,4.8,2.4,Lot's O' Nuts,115.0
7109,US-2024-168123-CHO-MIL-31000,2025-05-03,2025-08-26,Same Day,168123,United States,Rochester,Minnesota,55901,Chocolate,Interior,CHO-MIL-31000,Wonka Bar - Milk Chocolate,6.5,2,4.22,2.28,Wicked Choccy's,115.0
7110,US-2024-168123-CHO-TRI-54000,2025-05-03,2025-08-26,Same Day,168123,United States,Rochester,Minnesota,55901,Chocolate,Interior,CHO-TRI-54000,Wonka Bar - Triple Dazzle Caramel,11.25,3,7.35,3.9,Wicked Choccy's,115.0
7111,US-2024-161046-CHO-NUT-13000,2025-05-03,2025-08-26,Same Day,161046,United States,Southaven,Mississippi,38671,Chocolate,Gulf,CHO-NUT-13000,Wonka Bar - Nutty Crunch Surprise,20.94,6,14.94,6.0,Lot's O' Nuts,115.0
7112,US-2024-161046-CHO-TRI-54000,2025-05-03,2025-08-26,Same Day,161046,United States,Southaven,Mississippi,38671,Chocolate,Gulf,CHO-TRI-54000,Wonka Bar - Triple Dazzle Caramel,15.0,4,9.8,5.2,Wicked Choccy's,115.0
7113,US-2024-168123-CHO-MIL-31000,2025-05-03,2025-08-26,Same Day,168123,United States,Rochester,Minnesota,55901,Chocolate,Interior,CHO-MIL-31000,Wonka Bar - Milk Chocolate,6.5,2,4.22,2.28,Wicked Choccy's,115.0
7114,US-2024-147753-CHO-FUD-51000,2025-05-03,2025-08-26,Same Day,147753,United States,Milwaukee,Wisconsin,53209,Chocolate,Interior,CHO-FUD-51000,Wonka Bar - Fudge Mallows,7.2,2,4.8,2.4,Lot's O' Nuts,115.0
7115,US-2024-168123-CHO-MIL-31000,2025-05-03,2025-08-26,Same Day,168123,United States,Rochester,Minnesota,55901,Chocolate,Interior,CHO-MIL-31000,Wonka Bar - Milk Chocolate,13.0,4,8.44,4.56,Wicked Choccy's,115.0
7116,US-2024-161046-CHO-NUT-13000,2025-05-03,2025-08-26,Same Day,161046,United States,Southaven,Mississippi,38671,Chocolate,Gulf,CHO-NUT-13000,Wonka Bar - Nutty Crunch Surprise,10.47,3,7.47,3.0,Lot's O' Nuts,115.0
7117,US-2024-168193-CHO-TRI-54000,2025-06-03,2025-09-01,Second Class,168193,United States,New York City,New York,10011,Chocolate,Atlantic,CHO-TRI-54000,Wonka Bar - Triple Dazzle Caramel,11.25,3,7.35,3.9,Wicked Choccy's,90.0
7118,US-2024-148642-CHO-TRI-54000,2025-06-03,2025-09-02,Standard Class,148642,United States,Dallas,Texas,75220,Chocolate,Interior,CHO-TRI-54000,Wonka Bar - Triple Dazzle Caramel,15.0,4,9.8,5.2,Wicked Choccy's,91.0
7119,US-2024-167640-CHO-SCR-58000,2025-06-03,2025-08-31,Standard Class,167640,United States,San Francisco,California,94109,Chocolate,Pacific,CHO-SCR-58000,Wonka Bar -Scrumdiddlyumptious,21.6,6,15.0,6.6,Lot's O' Nuts,89.0
7120,US-2024-119039-CHO-SCR-58000,2025-06-03,2025-08-31,Standard Class,119039,United States,San Francisco,California,94109,Chocolate,Pacific,CHO-SCR-58000,Wonka Bar -Scrumdiddlyumptious,32.4,9,22.5,9.9,Lot's O' Nuts,89.0
7121,US-2024-148642-CHO-TRI-54000,2025-06-03,2025-09-02,Standard Class,148642,United States,Dallas,Texas,75220,Chocolate,Interior,CHO-TRI-54000,Wonka Bar - Triple Dazzle Caramel,7.5,2,4.9,2.6,Wicked Choccy's,91.0
7122,US-2024-167640-CHO-SCR-58000,2025-06-03,2025-08-31,Standard Class,167640,United States,San Francisco,California,94109,Chocolate,Pacific,CHO-SCR-58000,Wonka Bar -Scrumdiddlyumptious,14.4,4,10.0,4.4,Lot's O' Nuts,89.0
7123,US-2024-167640-CHO-TRI-54000,2025-06-03,2025-08-31,Standard Class,167640,United States,San Francisco,California,94109,Chocolate,Pacific,CHO-TRI-54000,Wonka Bar - Triple Dazzle Caramel,26.25,7,17.15,9.1,Wicked Choccy's,89.0
7124,US-2024-168193-CHO-TRI-54000,2025-06-03,2025-09-01,Second Class,168193,United States,New York City,New York,10011,Chocolate,Atlantic,CHO-TRI-54000,Wonka Bar - Triple Dazzle Caramel,3.75,1,2.45,1.3,Wicked Choccy's,90.0
7125,US-2024-125101-CHO-NUT-13000,2025-06-03,2025-08-31,Second Class,125101,United States,San Francisco,California,94109,Chocolate,Pacific,CHO-NUT-13000,Wonka Bar - Nutty Crunch Surprise,6.98,2,4.98,2.0,Lot's O' Nuts,89.0
7126,US-2024-167640-CHO-TRI-54000,2025-06-03,2025-08-31,Standard Class,167640,United States,San Francisco,California,94109,Chocolate,Pacific,CHO-TRI-54000,Wonka Bar - Triple Dazzle Caramel,7.5,2,4.9,2.6,Wicked Choccy's,89.0
7127,US-2024-110884-CHO-FUD-51000,2025-07-03,2025-09-02,Standard Class,110884,United States,New York City,New York,10035,Chocolate,Atlantic,CHO-FUD-51000,Wonka Bar - Fudge Mallows,21.6,6,14.4,7.2,Lot's O' Nuts,61.0
7128,US-2024-110884-CHO-NUT-13000,2025-07-03,2025-09-02,Standard Class,110884,United States,New York City,New York,10035,Chocolate,Atlantic,CHO-NUT-13000,Wonka Bar - Nutty Crunch Surprise,10.47,3,7.47,3.0,Lot's O' Nuts,61.0
7129,US-2024-136672-CHO-NUT-13000,2025-07-03,2025-09-02,Standard Class,136672,United States,Clinton,Maryland,20735,Chocolate,Atlantic,CHO-NUT-13000,Wonka Bar - Nutty Crunch Surprise,10.47,3,7.47,3.0,Lot's O' Nuts,61.0
7130,US-2024-155698-OTH-GUM-21000,2025-08-03,2025-09-01,First Class,155698,United States,Columbus,Georgia,31907,Other,Gulf,OTH-GUM-21000,Wonka Gum,10.0,8,5.2,4.8,Secret Factory,29.0
7131,US-2024-104080-CHO-NUT-13000,2025-08-03,2025-09-05,Standard Class,104080,United States,Anaheim,California,92804,Chocolate,Pacific,CHO-NUT-13000,Wonka Bar - Nutty Crunch Surprise,6.98,2,4.98,2.0,Lot's O' Nuts,33.0
7132,US-2024-104080-CHO-TRI-54000,2025-08-03,2025-09-05,Standard Class,104080,United States,Anaheim,California,92804,Chocolate,Pacific,CHO-TRI-54000,Wonka Bar - Triple Dazzle Caramel,18.75,5,12.25,6.5,Wicked Choccy's,33.0
7133,US-2024-155698-CHO-MIL-31000,2025-08-03,2025-09-01,First Class,155698,United States,Columbus,Georgia,31907,Chocolate,Gulf,CHO-MIL-31000,Wonka Bar - Milk Chocolate,6.5,2,4.22,2.28,Wicked Choccy's,29.0
7134,US-2024-147354-CHO-TRI-54000,2025-09-03,2025-09-03,Standard Class,147354,United States,Los Angeles,California,90008,Chocolate,Pacific,CHO-TRI-54000,Wonka Bar - Triple Dazzle Caramel,18.75,5,12.25,6.5,Wicked Choccy's,0.0
7135,US-2024-102834-CHO-MIL-31000,2025-09-03,2025-09-03,Standard Class,102834,United States,San Francisco,California,94110,Chocolate,Pacific,CHO-MIL-31000,Wonka Bar - Milk Chocolate,6.5,2,4.22,2.28,Wicked Choccy's,0.0
7136,US-2024-147354-CHO-MIL-31000,2025-09-03,2025-09-03,Standard Class,147354,United States,Los Angeles,California,90008,Chocolate,Pacific,CHO-MIL-31000,Wonka Bar - Milk Chocolate,6.5,2,4.22,2.28,Wicked Choccy's,0.0
7137,US-2024-144638-CHO-NUT-13000,2025-10-03,2026-09-04,Standard Class,144638,United States,Chester,Pennsylvania,19013,Chocolate,Atlantic,CHO-NUT-13000,Wonka Bar - Nutty Crunch Surprise,6.98,2,4.98,2.0,Lot's O' Nuts,336.0
7138,US-2024-144638-CHO-MIL-31000,2025-10-03,2026-09-04,Standard Class,144638,United States,Chester,Pennsylvania,19013,Chocolate,Atlantic,CHO-MIL-31000,Wonka Bar - Milk Chocolate,3.25,1,2.11,1.14,Wicked Choccy's,336.0
7139,US-2024-132290-CHO-MIL-31000,2025-10-03,2026-09-04,Standard Class,132290,United States,Dallas,Texas,75217,Chocolate,Interior,CHO-MIL-31000,Wonka Bar - Milk Chocolate,13.0,4,8.44,4.56,Wicked Choccy's,336.0
7140,US-2024-155824-CHO-TRI-54000,2025-10-03,2026-09-05,Standard Class,155824,United States,Raleigh,North Carolina,27604,Chocolate,Gulf,CHO-TRI-54000,Wonka Bar - Triple Dazzle Caramel,3.75,1,2.45,1.3,Wicked Choccy's,337.0
7141,US-2024-144638-OTH-GUM-21000,2025-10-03,2026-09-04,Standard Class,144638,United States,Chester,Pennsylvania,19013,Other,Atlantic,OTH-GUM-21000,Wonka Gum,2.5,2,1.3,1.2,Secret Factory,336.0
7142,US-2024-155824-CHO-TRI-54000,2025-10-03,2026-09-05,Standard Class,155824,United States,Raleigh,North Carolina,27604,Chocolate,Gulf,CHO-TRI-54000,Wonka Bar - Triple Dazzle Caramel,15.0,4,9.8,5.2,Wicked Choccy's,337.0
7143,US-2024-140494-CHO-SCR-58000,2025-10-03,2026-09-05,Second Class,140494,United States,San Francisco,California,94109,Chocolate,Pacific,CHO-SCR-58000,Wonka Bar -Scrumdiddlyumptious,14.4,4,10.0,4.4,Lot's O' Nuts,337.0
7144,US-2024-144638-CHO-MIL-31000,2025-10-03,2026-09-04,Standard Class,144638,United States,Chester,Pennsylvania,19013,Chocolate,Atlantic,CHO-MIL-31000,Wonka Bar - Milk Chocolate,9.75,3,6.33,3.42,Wicked Choccy's,336.0
7145,US-2024-130967-CHO-NUT-13000,2025-10-03,2026-09-06,Standard Class,130967,United States,Philadelphia,Pennsylvania,19140,Chocolate,Atlantic,CHO-NUT-13000,Wonka Bar - Nutty Crunch Surprise,10.47,3,7.47,3.0,Lot's O' Nuts,338.0
7146,US-2024-133081-CHO-FUD-51000,2025-11-03,2026-09-05,Standard Class,133081,United States,Cambridge,Massachusetts,2138,Chocolate,Atlantic,CHO-FUD-51000,Wonka Bar - Fudge Mallows,3.6,1,2.4,1.2,Lot's O' Nuts,306.0
7147,US-2024-141558-CHO-SCR-58000,2025-11-03,2026-09-06,Standard Class,141558,United States,Philadelphia,Pennsylvania,19140,Chocolate,Atlantic,CHO-SCR-58000,Wonka Bar -Scrumdiddlyumptious,10.8,3,7.5,3.3,Lot's O' Nuts,307.0
7148,US-2024-141558-CHO-TRI-54000,2025-11-03,2026-09-06,Standard Class,141558,United States,Philadelphia,Pennsylvania,19140,Chocolate,Atlantic,CHO-TRI-54000,Wonka Bar - Triple Dazzle Caramel,3.75,1,2.45,1.3,Wicked Choccy's,307.0
7149,US-2024-147291-CHO-NUT-13000,2025-11-03,2026-09-07,Standard Class,147291,United States,Detroit,Michigan,48227,Chocolate,Interior,CHO-NUT-13000,Wonka Bar - Nutty Crunch Surprise,13.96,4,9.96,4.0,Lot's O' Nuts,308.0
7150,US-2024-141558-SUG-NER-92000,2025-11-03,2026-09-06,Standard Class,141558,United States,Philadelphia,Pennsylvania,19140,Sugar,Atlantic,SUG-NER-92000,Nerds,1.5,1,0.7,0.8,Sugar Shack,307.0
7151,US-2024-133081-CHO-MIL-31000,2025-11-03,2026-09-05,Standard Class,133081,United States,Cambridge,Massachusetts,2138,Chocolate,Atlantic,CHO-MIL-31000,Wonka Bar - Milk Chocolate,13.0,4,8.44,4.56,Wicked Choccy's,306.0
7152,US-2024-141558-CHO-MIL-31000,2025-11-03,2026-09-06,Standard Class,141558,United States,Philadelphia,Pennsylvania,19140,Chocolate,Atlantic,CHO-MIL-31000,Wonka Bar - Milk Chocolate,16.25,5,10.55,5.7,Wicked Choccy's,307.0
7153,US-2024-152786-CHO-FUD-51000,2025-12-03,2026-09-07,Standard Class,152786,United States,Rogers,Arkansas,72756,Chocolate,Gulf,CHO-FUD-51000,Wonka Bar - Fudge Mallows,32.4,9,21.6,10.8,Lot's O' Nuts,278.0
7154,US-2024-116288-CHO-TRI-54000,2025-12-03,2026-09-07,Standard Class,116288,United States,San Francisco,California,94122,Chocolate,Pacific,CHO-TRI-54000,Wonka Bar - Triple Dazzle Caramel,11.25,3,7.35,3.9,Wicked Choccy's,278.0
7155,US-2024-159352-CHO-MIL-31000,2025-12-03,2026-09-07,Standard Class,159352,United States,Lowell,Massachusetts,1852,Chocolate,Atlantic,CHO-MIL-31000,Wonka Bar - Milk Chocolate,22.75,7,14.77,7.98,Wicked Choccy's,278.0
7329,US-2024-149881-CHO-NUT-13000,2025-01-04,2025-09-24,First Class,149881,United States,San Francisco,California,94110,Chocolate,Pacific,CHO-NUT-13000,Wonka Bar - Nutty Crunch Surprise,27.92,8,19.92,8.0,Lot's O' Nuts,263.0
7330,US-2024-134495-CHO-MIL-31000,2025-01-04,2025-09-25,Second Class,134495,United States,Jacksonville,Florida,32216,Chocolate,Gulf,CHO-MIL-31000,Wonka Bar - Milk Chocolate,9.75,3,6.33,3.42,Wicked Choccy's,264.0
7331,US-2024-129028-CHO-SCR-58000,2025-01-04,2025-09-24,First Class,129028,United States,Florence,South Carolina,29501,Chocolate,Gulf,CHO-SCR-58000,Wonka Bar -Scrumdiddlyumptious,10.8,3,7.5,3.3,Lot's O' Nuts,263.0
7332,US-2024-134495-CHO-FUD-51000,2025-01-04,2025-09-25,Second Class,134495,United States,Jacksonville,Florida,32216,Chocolate,Gulf,CHO-FUD-51000,Wonka Bar - Fudge Mallows,10.8,3,7.2,3.6,Lot's O' Nuts,264.0
7333,US-2024-147942-CHO-NUT-13000,2025-01-04,2025-09-26,Standard Class,147942,United States,San Francisco,California,94110,Chocolate,Pacific,CHO-NUT-13000,Wonka Bar - Nutty Crunch Surprise,45.37,13,32.37,13.0,Lot's O' Nuts,265.0
7334,US-2024-145877-CHO-MIL-31000,2025-01-04,2025-09-25,Second Class,145877,United States,Springfield,Missouri,65807,Chocolate,Interior,CHO-MIL-31000,Wonka Bar - Milk Chocolate,16.25,5,10.55,5.7,Wicked Choccy's,264.0
7335,US-2024-134495-CHO-MIL-31000,2025-01-04,2025-09-25,Second Class,134495,United States,Jacksonville,Florida,32216,Chocolate,Gulf,CHO-MIL-31000,Wonka Bar - Milk Chocolate,9.75,3,6.33,3.42,Wicked Choccy's,264.0
7336,US-2024-147942-CHO-SCR-58000,2025-01-04,2025-09-26,Standard Class,147942,United States,San Francisco,California,94110,Chocolate,Pacific,CHO-SCR-58000,Wonka Bar -Scrumdiddlyumptious,7.2,2,5.0,2.2,Lot's O' Nuts,265.0
7337,US-2024-118360-CHO-SCR-58000,2025-01-04,2025-09-28,Standard Class,118360,United States,New York City,New York,10011,Chocolate,Atlantic,CHO-SCR-58000,Wonka Bar -Scrumdiddlyumptious,32.4,9,22.5,9.9,Lot's O' Nuts,267.0
7338,US-2024-145877-CHO-FUD-51000,2025-01-04,2025-09-25,Second Class,145877,United States,Springfield,Missouri,65807,Chocolate,Interior,CHO-FUD-51000,Wonka Bar - Fudge Mallows,21.6,6,14.4,7.2,Lot's O' Nuts,264.0
7339,US-2024-149881-CHO-TRI-54000,2025-01-04,2025-09-24,First Class,149881,United States,San Francisco,California,94110,Chocolate,Pacific,CHO-TRI-54000,Wonka Bar - Triple Dazzle Caramel,7.5,2,4.9,2.6,Wicked Choccy's,263.0
7340,US-2024-134495-CHO-SCR-58000,2025-01-04,2025-09-25,Second Class,134495,United States,Jacksonville,Florida,32216,Chocolate,Gulf,CHO-SCR-58000,Wonka Bar -Scrumdiddlyumptious,10.8,3,7.5,3.3,Lot's O' Nuts,264.0
7341,US-2024-123281-CHO-MIL-31000,2025-02-04,2025-09-28,Standard Class,123281,United States,Los Angeles,California,90008,Chocolate,Pacific,CHO-MIL-31000,Wonka Bar - Milk Chocolate,9.75,3,6.33,3.42,Wicked Choccy's,236.0
7342,US-2024-121419-CHO-SCR-58000,2025-02-04,2025-09-25,First Class,121419,United States,Columbus,Georgia,31907,Chocolate,Gulf,CHO-SCR-58000,Wonka Bar -Scrumdiddlyumptious,7.2,2,5.0,2.2,Lot's O' Nuts,233.0
7343,US-2024-106355-CHO-SCR-58000,2025-02-04,2025-09-26,First Class,106355,United States,Meriden,Connecticut,6450,Chocolate,Atlantic,CHO-SCR-58000,Wonka Bar -Scrumdiddlyumptious,14.4,4,10.0,4.4,Lot's O' Nuts,234.0
7344,US-2024-145275-CHO-TRI-54000,2025-02-04,2025-09-27,Standard Class,145275,United States,Decatur,Alabama,35601,Chocolate,Gulf,CHO-TRI-54000,Wonka Bar - Triple Dazzle Caramel,11.25,3,7.35,3.9,Wicked Choccy's,235.0
7345,US-2024-121419-CHO-TRI-54000,2025-02-04,2025-09-25,First Class,121419,United States,Columbus,Georgia,31907,Chocolate,Gulf,CHO-TRI-54000,Wonka Bar - Triple Dazzle Caramel,15.0,4,9.8,5.2,Wicked Choccy's,233.0
7346,US-2024-131156-CHO-FUD-51000,2025-03-04,2025-09-28,Standard Class,131156,United States,Philadelphia,Pennsylvania,19143,Chocolate,Atlantic,CHO-FUD-51000,Wonka Bar - Fudge Mallows,14.4,4,9.6,4.8,Lot's O' Nuts,208.0
7347,US-2024-127264-CHO-NUT-13000,2025-03-04,2025-09-26,First Class,127264,United States,Chicago,Illinois,60653,Chocolate,Interior,CHO-NUT-13000,Wonka Bar - Nutty Crunch Surprise,10.47,3,7.47,3.0,Lot's O' Nuts,206.0
7348,US-2024-140536-CHO-NUT-13000,2025-04-04,2025-09-26,First Class,140536,United States,New York City,New York,10035,Chocolate,Atlantic,CHO-NUT-13000,Wonka Bar - Nutty Crunch Surprise,13.96,4,9.96,4.0,Lot's O' Nuts,175.0
7349,US-2024-109211-OTH-KAZ-38000,2025-04-04,2025-10-01,Standard Class,109211,United States,New York City,New York,10011,Other,Atlantic,OTH-KAZ-38000,Kazookles,3.25,1,0.25,3.0,Secret Factory,180.0
7350,US-2024-144848-CHO-SCR-58000,2025-04-04,2025-09-26,First Class,144848,United States,New York City,New York,10009,Chocolate,Atlantic,CHO-SCR-58000,Wonka Bar -Scrumdiddlyumptious,3.6,1,2.5,1.1,Lot's O' Nuts,175.0
7351,US-2024-144848-OTH-LIC-15000,2025-04-04,2025-09-26,First Class,144848,United States,New York City,New York,10009,Other,Atlantic,OTH-LIC-15000,Lickable Wallpaper,40.0,2,20.0,20.0,Secret Factory,175.0
7352,US-2024-144848-CHO-SCR-58000,2025-04-04,2025-09-26,First Class,144848,United States,New York City,New York,10009,Chocolate,Atlantic,CHO-SCR-58000,Wonka Bar -Scrumdiddlyumptious,3.6,1,2.5,1.1,Lot's O' Nuts,175.0
7353,US-2024-157903-CHO-NUT-13000,2025-04-04,2025-09-29,Standard Class,157903,United States,Des Plaines,Illinois,60016,Chocolate,Interior,CHO-NUT-13000,Wonka Bar - Nutty Crunch Surprise,13.96,4,9.96,4.0,Lot's O' Nuts,178.0
7354,US-2024-161592-CHO-FUD-51000,2025-06-04,2025-10-01,Standard Class,161592,United States,Chattanooga,Tennessee,37421,Chocolate,Gulf,CHO-FUD-51000,Wonka Bar - Fudge Mallows,18.0,5,12.0,6.0,Lot's O' Nuts,119.0
7355,US-2024-107265-CHO-FUD-51000,2025-06-04,2025-10-03,Standard Class,107265,United States,Marion,Iowa,52302,Chocolate,Interior,CHO-FUD-51000,Wonka Bar - Fudge Mallows,10.8,3,7.2,3.6,Lot's O' Nuts,121.0
7356,US-2024-100930-CHO-FUD-51000,2025-07-04,2025-10-03,Standard Class,100930,United States,Tampa,Florida,33614,Chocolate,Gulf,CHO-FUD-51000,Wonka Bar - Fudge Mallows,10.8,3,7.2,3.6,Lot's O' Nuts,91.0
7357,US-2024-100930-CHO-FUD-51000,2025-07-04,2025-10-03,Standard Class,100930,United States,Tampa,Florida,33614,Chocolate,Gulf,CHO-FUD-51000,Wonka Bar - Fudge Mallows,7.2,2,4.8,2.4,Lot's O' Nuts,91.0
7358,US-2024-100930-CHO-MIL-31000,2025-07-04,2025-10-03,Standard Class,100930,United States,Tampa,Florida,33614,Chocolate,Gulf,CHO-MIL-31000,Wonka Bar - Milk Chocolate,9.75,3,6.33,3.42,Wicked Choccy's,91.0
7359,US-2024-165904-CHO-NUT-13000,2025-07-04,2025-10-02,Standard Class,165904,United States,Jacksonville,Florida,32216,Chocolate,Gulf,CHO-NUT-13000,Wonka Bar - Nutty Crunch Surprise,6.98,2,4.98,2.0,Lot's O' Nuts,90.0
7360,US-2024-100930-CHO-SCR-58000,2025-07-04,2025-10-03,Standard Class,100930,United States,Tampa,Florida,33614,Chocolate,Gulf,CHO-SCR-58000,Wonka Bar -Scrumdiddlyumptious,7.2,2,5.0,2.2,Lot's O' Nuts,91.0
7361,US-2024-100930-CHO-FUD-51000,2025-07-04,2025-10-03,Standard Class,100930,United States,Tampa,Florida,33614,Chocolate,Gulf,CHO-FUD-51000,Wonka Bar - Fudge Mallows,10.8,3,7.2,3.6,Lot's O' Nuts,91.0
7362,US-2024-165904-CHO-FUD-51000,2025-07-04,2025-10-02,Standard Class,165904,United States,Jacksonville,Florida,32216,Chocolate,Gulf,CHO-FUD-51000,Wonka Bar - Fudge Mallows,7.2,2,4.8,2.4,Lot's O' Nuts,90.0
7363,US-2024-157854-CHO-MIL-31000,2025-08-04,2025-10-06,Standard Class,157854,United States,Roswell,Georgia,30076,Chocolate,Gulf,CHO-MIL-31000,Wonka Bar - Milk Chocolate,19.5,6,12.66,6.84,Wicked Choccy's,63.0
7364,US-2024-136721-CHO-FUD-51000,2025-08-04,2025-10-03,Standard Class,136721,United States,Oak Park,Michigan,48237,Chocolate,Interior,CHO-FUD-51000,Wonka Bar - Fudge Mallows,10.8,3,7.2,3.6,Lot's O' Nuts,60.0
7365,US-2024-136721-CHO-MIL-31000,2025-08-04,2025-10-03,Standard Class,136721,United States,Oak Park,Michigan,48237,Chocolate,Interior,CHO-MIL-31000,Wonka Bar - Milk Chocolate,6.5,2,4.22,2.28,Wicked Choccy's,60.0
7366,US-2024-112333-CHO-SCR-58000,2025-08-04,2025-10-05,Standard Class,112333,United States,Plainfield,New Jersey,7060,Chocolate,Atlantic,CHO-SCR-58000,Wonka Bar -Scrumdiddlyumptious,18.0,5,12.5,5.5,Lot's O' Nuts,62.0
7367,US-2024-157854-CHO-FUD-51000,2025-08-04,2025-10-06,Standard Class,157854,United States,Roswell,Georgia,30076,Chocolate,Gulf,CHO-FUD-51000,Wonka Bar - Fudge Mallows,10.8,3,7.2,3.6,Lot's O' Nuts,63.0
7368,US-2024-150987-CHO-TRI-54000,2025-08-04,2025-10-03,Standard Class,150987,United States,San Francisco,California,94110,Chocolate,Pacific,CHO-TRI-54000,Wonka Bar - Triple Dazzle Caramel,18.75,5,12.25,6.5,Wicked Choccy's,60.0
7369,US-2024-150987-CHO-TRI-54000,2025-08-04,2025-10-03,Standard Class,150987,United States,San Francisco,California,94110,Chocolate,Pacific,CHO-TRI-54000,Wonka Bar - Triple Dazzle Caramel,15.0,4,9.8,5.2,Wicked Choccy's,60.0
7370,US-2024-112333-CHO-MIL-31000,2025-08-04,2025-10-05,Standard Class,112333,United States,Plainfield,New Jersey,7060,Chocolate,Atlantic,CHO-MIL-31000,Wonka Bar - Milk Chocolate,13.0,4,8.44,4.56,Wicked Choccy's,62.0
7371,US-2024-135279-CHO-SCR-58000,2025-09-04,2025-10-02,First Class,135279,United States,New York City,New York,10011,Chocolate,Atlantic,CHO-SCR-58000,Wonka Bar -Scrumdiddlyumptious,10.8,3,7.5,3.3,Lot's O' Nuts,28.0
7372,US-2024-122154-CHO-NUT-13000,2025-09-04,2025-10-02,First Class,122154,United States,Jacksonville,Florida,32216,Chocolate,Gulf,CHO-NUT-13000,Wonka Bar - Nutty Crunch Surprise,3.49,1,2.49,1.0,Lot's O' Nuts,28.0
7373,US-2024-112900-CHO-FUD-51000,2025-09-04,2025-10-03,Second Class,112900,United States,Detroit,Michigan,48205,Chocolate,Interior,CHO-FUD-51000,Wonka Bar - Fudge Mallows,28.8,8,19.2,9.6,Lot's O' Nuts,29.0
7374,US-2024-169404-CHO-FUD-51000,2025-09-04,2025-10-05,Standard Class,169404,United States,York,Pennsylvania,17403,Chocolate,Atlantic,CHO-FUD-51000,Wonka Bar - Fudge Mallows,14.4,4,9.6,4.8,Lot's O' Nuts,31.0
7375,US-2024-122154-CHO-FUD-51000,2025-09-04,2025-10-02,First Class,122154,United States,Jacksonville,Florida,32216,Chocolate,Gulf,CHO-FUD-51000,Wonka Bar - Fudge Mallows,10.8,3,7.2,3.6,Lot's O' Nuts,28.0
7376,US-2024-135279-CHO-NUT-13000,2025-09-04,2025-10-02,First Class,135279,United States,New York City,New York,10011,Chocolate,Atlantic,CHO-NUT-13000,Wonka Bar - Nutty Crunch Surprise,10.47,3,7.47,3.0,Lot's O' Nuts,28.0
7377,US-2024-135279-CHO-FUD-51000,2025-09-04,2025-10-02,First Class,135279,United States,New York City,New York,10011,Chocolate,Atlantic,CHO-FUD-51000,Wonka Bar - Fudge Mallows,7.2,2,4.8,2.4,Lot's O' Nuts,28.0
7378,US-2024-122154-CHO-TRI-54000,2025-09-04,2025-10-02,First Class,122154,United States,Jacksonville,Florida,32216,Chocolate,Gulf,CHO-TRI-54000,Wonka Bar - Triple Dazzle Caramel,11.25,3,7.35,3.9,Wicked Choccy's,28.0
7379,US-2024-169404-CHO-TRI-54000,2025-09-04,2025-10-05,Standard Class,169404,United States,York,Pennsylvania,17403,Chocolate,Atlantic,CHO-TRI-54000,Wonka Bar - Triple Dazzle Caramel,7.5,2,4.9,2.6,Wicked Choccy's,31.0
7380,US-2024-135279-OTH-FIZ-56000,2025-09-04,2025-10-02,First Class,135279,United States,New York City,New York,10011,Sugar,Atlantic,OTH-FIZ-56000,Fizzy Lifting Drinks,15.0,4,9.0,6.0,Sugar Shack,28.0
7381,US-2024-135279-CHO-FUD-51000,2025-09-04,2025-10-02,First Class,135279,United States,New York City,New York,10011,Chocolate,Atlantic,CHO-FUD-51000,Wonka Bar - Fudge Mallows,7.2,2,4.8,2.4,Lot's O' Nuts,28.0
7382,US-2024-135279-CHO-SCR-58000,2025-09-04,2025-10-02,First Class,135279,United States,New York City,New York,10011,Chocolate,Atlantic,CHO-SCR-58000,Wonka Bar -Scrumdiddlyumptious,10.8,3,7.5,3.3,Lot's O' Nuts,28.0
7383,US-2024-115070-CHO-SCR-58000,2025-10-04,2025-10-05,Second Class,115070,United States,Jacksonville,Florida,32216,Chocolate,Gulf,CHO-SCR-58000,Wonka Bar -Scrumdiddlyumptious,18.0,5,12.5,5.5,Lot's O' Nuts,1.0
7384,US-2024-135069-CHO-MIL-31000,2025-10-04,2025-10-05,Standard Class,135069,United States,Philadelphia,Pennsylvania,19143,Chocolate,Atlantic,CHO-MIL-31000,Wonka Bar - Milk Chocolate,9.75,3,6.33,3.42,Wicked Choccy's,1.0
7385,US-2024-135069-CHO-MIL-31000,2025-10-04,2025-10-05,Standard Class,135069,United States,Philadelphia,Pennsylvania,19143,Chocolate,Atlantic,CHO-MIL-31000,Wonka Bar - Milk Chocolate,13.0,4,8.44,4.56,Wicked Choccy's,1.0
7386,US-2024-115070-CHO-SCR-58000,2025-10-04,2025-10-05,Second Class,115070,United States,Jacksonville,Florida,32216,Chocolate,Gulf,CHO-SCR-58000,Wonka Bar -Scrumdiddlyumptious,10.8,3,7.5,3.3,Lot's O' Nuts,1.0
7387,US-2024-161984-CHO-SCR-58000,2025-10-04,2025-10-06,Standard Class,161984,United States,New Brunswick,New Jersey,8901,Chocolate,Atlantic,CHO-SCR-58000,Wonka Bar -Scrumdiddlyumptious,7.2,2,5.0,2.2,Lot's O' Nuts,2.0
7388,US-2024-125115-CHO-TRI-54000,2025-10-04,2026-10-01,Same Day,125115,United States,Austin,Texas,78745,Chocolate,Interior,CHO-TRI-54000,Wonka Bar - Triple Dazzle Caramel,7.5,2,4.9,2.6,Wicked Choccy's,362.0
7389,US-2024-161984-CHO-NUT-13000,2025-10-04,2025-10-06,Standard Class,161984,United States,New Brunswick,New Jersey,8901,Chocolate,Atlantic,CHO-NUT-13000,Wonka Bar - Nutty Crunch Surprise,3.49,1,2.49,1.0,Lot's O' Nuts,2.0
7390,US-2024-150623-CHO-SCR-58000,2025-10-04,2025-10-05,Standard Class,150623,United States,Waterbury,Connecticut,6708,Chocolate,Atlantic,CHO-SCR-58000,Wonka Bar -Scrumdiddlyumptious,18.0,5,12.5,5.5,Lot's O' Nuts,1.0
7391,US-2024-125115-CHO-SCR-58000,2025-10-04,2026-10-01,Same Day,125115,United States,Austin,Texas,78745,Chocolate,Interior,CHO-SCR-58000,Wonka Bar -Scrumdiddlyumptious,10.8,3,7.5,3.3,Lot's O' Nuts,362.0
7392,US-2024-150623-CHO-NUT-13000,2025-10-04,2025-10-05,Standard Class,150623,United States,Waterbury,Connecticut,6708,Chocolate,Atlantic,CHO-NUT-13000,Wonka Bar - Nutty Crunch Surprise,3.49,1,2.49,1.0,Lot's O' Nuts,1.0
7393,US-2024-130904-CHO-SCR-58000,2025-11-04,2026-10-07,Standard Class,130904,United States,Burlington,North Carolina,27217,Chocolate,Gulf,CHO-SCR-58000,Wonka Bar -Scrumdiddlyumptious,28.8,8,20.0,8.8,Lot's O' Nuts,337.0
7394,US-2024-130904-CHO-SCR-58000,2025-11-04,2026-10-07,Standard Class,130904,United States,Burlington,North Carolina,27217,Chocolate,Gulf,CHO-SCR-58000,Wonka Bar -Scrumdiddlyumptious,3.6,1,2.5,1.1,Lot's O' Nuts,337.0
7395,US-2024-166128-CHO-NUT-13000,2025-11-04,2026-10-09,Standard Class,166128,United States,Pasadena,California,91104,Chocolate,Pacific,CHO-NUT-13000,Wonka Bar - Nutty Crunch Surprise,24.43,7,17.43,7.0,Lot's O' Nuts,339.0
7396,US-2024-143028-CHO-MIL-31000,2025-11-04,2026-10-09,Standard Class,143028,United States,Lubbock,Texas,79424,Chocolate,Interior,CHO-MIL-31000,Wonka Bar - Milk Chocolate,9.75,3,6.33,3.42,Wicked Choccy's,339.0
7397,US-2024-100482-CHO-TRI-54000,2025-11-04,2026-10-06,Standard Class,100482,United States,Lancaster,Ohio,43130,Chocolate,Atlantic,CHO-TRI-54000,Wonka Bar - Triple Dazzle Caramel,7.5,2,4.9,2.6,Wicked Choccy's,336.0
7398,US-2024-166128-CHO-TRI-54000,2025-11-04,2026-10-09,Standard Class,166128,United States,Pasadena,California,91104,Chocolate,Pacific,CHO-TRI-54000,Wonka Bar - Triple Dazzle Caramel,18.75,5,12.25,6.5,Wicked Choccy's,339.0
7399,US-2024-100482-CHO-NUT-13000,2025-11-04,2026-10-06,Standard Class,100482,United States,Lancaster,Ohio,43130,Chocolate,Atlantic,CHO-NUT-13000,Wonka Bar - Nutty Crunch Surprise,6.98,2,4.98,2.0,Lot's O' Nuts,336.0
7400,US-2024-122735-CHO-TRI-54000,2025-12-04,2026-10-06,Second Class,122735,United States,Providence,Rhode Island,2908,Chocolate,Atlantic,CHO-TRI-54000,Wonka Bar - Triple Dazzle Caramel,18.75,5,12.25,6.5,Wicked Choccy's,306.0
7401,US-2024-122735-CHO-SCR-58000,2025-12-04,2026-10-06,Second Class,122735,United States,Providence,Rhode Island,2908,Chocolate,Atlantic,CHO-SCR-58000,Wonka Bar -Scrumdiddlyumptious,14.4,4,10.0,4.4,Lot's O' Nuts,306.0
7533,US-2024-110198-CHO-SCR-58000,2025-01-05,2025-10-23,First Class,110198,United States,Coral Springs,Florida,33065,Chocolate,Gulf,CHO-SCR-58000,Wonka Bar -Scrumdiddlyumptious,10.8,3,7.5,3.3,Lot's O' Nuts,291.0
7534,US-2024-102204-CHO-TRI-54000,2025-01-05,2025-10-27,Standard Class,102204,United States,Jacksonville,Florida,32216,Chocolate,Gulf,CHO-TRI-54000,Wonka Bar - Triple Dazzle Caramel,18.75,5,12.25,6.5,Wicked Choccy's,295.0
7535,US-2024-102204-CHO-MIL-31000,2025-01-05,2025-10-27,Standard Class,102204,United States,Jacksonville,Florida,32216,Chocolate,Gulf,CHO-MIL-31000,Wonka Bar - Milk Chocolate,13.0,4,8.44,4.56,Wicked Choccy's,295.0
7536,US-2024-110198-CHO-NUT-13000,2025-01-05,2025-10-23,First Class,110198,United States,Coral Springs,Florida,33065,Chocolate,Gulf,CHO-NUT-13000,Wonka Bar - Nutty Crunch Surprise,6.98,2,4.98,2.0,Lot's O' Nuts,291.0
7537,US-2024-102204-CHO-FUD-51000,2025-01-05,2025-10-27,Standard Class,102204,United States,Jacksonville,Florida,32216,Chocolate,Gulf,CHO-FUD-51000,Wonka Bar - Fudge Mallows,7.2,2,4.8,2.4,Lot's O' Nuts,295.0
7538,US-2024-110212-CHO-TRI-54000,2025-01-05,2025-10-26,Standard Class,110212,United States,Texarkana,Arkansas,71854,Chocolate,Gulf,CHO-TRI-54000,Wonka Bar - Triple Dazzle Caramel,18.75,5,12.25,6.5,Wicked Choccy's,294.0
7539,US-2024-123134-CHO-NUT-13000,2025-02-05,2025-10-28,Standard Class,123134,United States,Westfield,New Jersey,7090,Chocolate,Atlantic,CHO-NUT-13000,Wonka Bar - Nutty Crunch Surprise,10.47,3,7.47,3.0,Lot's O' Nuts,265.0
7540,US-2024-147844-CHO-NUT-13000,2025-02-05,2025-10-27,Standard Class,147844,United States,Los Angeles,California,90049,Chocolate,Pacific,CHO-NUT-13000,Wonka Bar - Nutty Crunch Surprise,10.47,3,7.47,3.0,Lot's O' Nuts,264.0
7541,US-2024-147844-CHO-TRI-54000,2025-02-05,2025-10-27,Standard Class,147844,United States,Los Angeles,California,90049,Chocolate,Pacific,CHO-TRI-54000,Wonka Bar - Triple Dazzle Caramel,18.75,5,12.25,6.5,Wicked Choccy's,264.0
7542,US-2024-147844-CHO-FUD-51000,2025-02-05,2025-10-27,Standard Class,147844,United States,Los Angeles,California,90049,Chocolate,Pacific,CHO-FUD-51000,Wonka Bar - Fudge Mallows,18.0,5,12.0,6.0,Lot's O' Nuts,264.0
7543,US-2024-128398-CHO-SCR-58000,2025-02-05,2025-10-26,Second Class,128398,United States,Los Angeles,California,90049,Chocolate,Pacific,CHO-SCR-58000,Wonka Bar -Scrumdiddlyumptious,14.4,4,10.0,4.4,Lot's O' Nuts,263.0
7544,US-2024-132199-CHO-TRI-54000,2025-03-05,2025-10-29,Standard Class,132199,United States,Philadelphia,Pennsylvania,19134,Chocolate,Atlantic,CHO-TRI-54000,Wonka Bar - Triple Dazzle Caramel,7.5,2,4.9,2.6,Wicked Choccy's,238.0
7545,US-2024-132199-CHO-TRI-54000,2025-03-05,2025-10-29,Standard Class,132199,United States,Philadelphia,Pennsylvania,19134,Chocolate,Atlantic,CHO-TRI-54000,Wonka Bar - Triple Dazzle Caramel,18.75,5,12.25,6.5,Wicked Choccy's,238.0
7546,US-2024-163209-CHO-FUD-51000,2025-03-05,2025-10-28,Standard Class,163209,United States,San Francisco,California,94122,Chocolate,Pacific,CHO-FUD-51000,Wonka Bar - Fudge Mallows,25.2,7,16.8,8.4,Lot's O' Nuts,237.0
7547,US-2024-132199-CHO-MIL-31000,2025-03-05,2025-10-29,Standard Class,132199,United States,Philadelphia,Pennsylvania,19134,Chocolate,Atlantic,CHO-MIL-31000,Wonka Bar - Milk Chocolate,16.25,5,10.55,5.7,Wicked Choccy's,238.0
7548,US-2024-132199-CHO-MIL-31000,2025-03-05,2025-10-29,Standard Class,132199,United States,Philadelphia,Pennsylvania,19134,Chocolate,Atlantic,CHO-MIL-31000,Wonka Bar - Milk Chocolate,13.0,4,8.44,4.56,Wicked Choccy's,238.0
7549,US-2024-132199-CHO-TRI-54000,2025-03-05,2025-10-29,Standard Class,132199,United States,Philadelphia,Pennsylvania,19134,Chocolate,Atlantic,CHO-TRI-54000,Wonka Bar - Triple Dazzle Caramel,7.5,2,4.9,2.6,Wicked Choccy's,238.0
7550,US-2024-163209-CHO-FUD-51000,2025-03-05,2025-10-28,Standard Class,163209,United States,San Francisco,California,94122,Chocolate,Pacific,CHO-FUD-51000,Wonka Bar - Fudge Mallows,14.4,4,9.6,4.8,Lot's O' Nuts,237.0
7551,US-2024-132178-CHO-MIL-31000,2025-03-05,2025-10-29,Second Class,132178,United States,Los Angeles,California,90004,Chocolate,Pacific,CHO-MIL-31000,Wonka Bar - Milk Chocolate,26.0,8,16.88,9.12,Wicked Choccy's,238.0
7552,US-2024-132178-CHO-FUD-51000,2025-03-05,2025-10-29,Second Class,132178,United States,Los Angeles,California,90004,Chocolate,Pacific,CHO-FUD-51000,Wonka Bar - Fudge Mallows,7.2,2,4.8,2.4,Lot's O' Nuts,238.0
7553,US-2024-162978-CHO-MIL-31000,2025-04-05,2025-10-30,Standard Class,162978,United States,San Francisco,California,94109,Chocolate,Pacific,CHO-MIL-31000,Wonka Bar - Milk Chocolate,3.25,1,2.11,1.14,Wicked Choccy's,208.0
7554,US-2024-119914-CHO-FUD-51000,2025-04-05,2025-10-30,Second Class,119914,United States,Westminster,California,92683,Chocolate,Pacific,CHO-FUD-51000,Wonka Bar - Fudge Mallows,7.2,2,4.8,2.4,Lot's O' Nuts,208.0
7555,US-2024-133067-CHO-NUT-13000,2025-04-05,2025-10-31,Standard Class,133067,United States,Philadelphia,Pennsylvania,19140,Chocolate,Atlantic,CHO-NUT-13000,Wonka Bar - Nutty Crunch Surprise,6.98,2,4.98,2.0,Lot's O' Nuts,209.0
7556,US-2024-133067-CHO-NUT-13000,2025-04-05,2025-10-31,Standard Class,133067,United States,Philadelphia,Pennsylvania,19140,Chocolate,Atlantic,CHO-NUT-13000,Wonka Bar - Nutty Crunch Surprise,10.47,3,7.47,3.0,Lot's O' Nuts,209.0
7557,US-2024-168900-CHO-TRI-54000,2025-04-05,2025-10-30,Standard Class,168900,United States,Springfield,Ohio,45503,Chocolate,Atlantic,CHO-TRI-54000,Wonka Bar - Triple Dazzle Caramel,3.75,1,2.45,1.3,Wicked Choccy's,208.0
7558,US-2024-128755-CHO-NUT-13000,2025-04-05,2025-10-29,Standard Class,128755,United States,Newport News,Virginia,23602,Chocolate,Gulf,CHO-NUT-13000,Wonka Bar - Nutty Crunch Surprise,3.49,1,2.49,1.0,Lot's O' Nuts,207.0
7559,US-2024-162978-CHO-SCR-58000,2025-04-05,2025-10-30,Standard Class,162978,United States,San Francisco,California,94109,Chocolate,Pacific,CHO-SCR-58000,Wonka Bar -Scrumdiddlyumptious,10.8,3,7.5,3.3,Lot's O' Nuts,208.0
7560,US-2024-128755-CHO-MIL-31000,2025-04-05,2025-10-29,Standard Class,128755,United States,Newport News,Virginia,23602,Chocolate,Gulf,CHO-MIL-31000,Wonka Bar - Milk Chocolate,16.25,5,10.55,5.7,Wicked Choccy's,207.0
7561,US-2024-128755-CHO-TRI-54000,2025-04-05,2025-10-29,Standard Class,128755,United States,Newport News,Virginia,23602,Chocolate,Gulf,CHO-TRI-54000,Wonka Bar - Triple Dazzle Caramel,3.75,1,2.45,1.3,Wicked Choccy's,207.0
7562,US-2024-128755-CHO-MIL-31000,2025-04-05,2025-10-29,Standard Class,128755,United States,Newport News,Virginia,23602,Chocolate,Gulf,CHO-MIL-31000,Wonka Bar - Milk Chocolate,13.0,4,8.44,4.56,Wicked Choccy's,207.0
7563,US-2024-162978-CHO-TRI-54000,2025-04-05,2025-10-30,Standard Class,162978,United States,San Francisco,California,94109,Chocolate,Pacific,CHO-TRI-54000,Wonka Bar - Triple Dazzle Caramel,18.75,5,12.25,6.5,Wicked Choccy's,208.0
7564,US-2024-105991-CHO-TRI-54000,2025-05-05,2025-10-27,First Class,105991,United States,Louisville,Colorado,80027,Chocolate,Pacific,CHO-TRI-54000,Wonka Bar - Triple Dazzle Caramel,11.25,3,7.35,3.9,Wicked Choccy's,175.0
7565,US-2024-105991-CHO-SCR-58000,2025-05-05,2025-10-27,First Class,105991,United States,Louisville,Colorado,80027,Chocolate,Pacific,CHO-SCR-58000,Wonka Bar -Scrumdiddlyumptious,28.8,8,20.0,8.8,Lot's O' Nuts,175.0
7566,US-2024-160724-CHO-SCR-58000,2025-05-05,2025-10-31,Standard Class,160724,United States,Columbus,Georgia,31907,Chocolate,Gulf,CHO-SCR-58000,Wonka Bar -Scrumdiddlyumptious,10.8,3,7.5,3.3,Lot's O' Nuts,179.0
7567,US-2024-105991-CHO-SCR-58000,2025-05-05,2025-10-27,First Class,105991,United States,Louisville,Colorado,80027,Chocolate,Pacific,CHO-SCR-58000,Wonka Bar -Scrumdiddlyumptious,32.4,9,22.5,9.9,Lot's O' Nuts,175.0
7568,US-2024-141943-CHO-NUT-13000,2025-05-05,2025-10-30,Standard Class,141943,United States,San Francisco,California,94122,Chocolate,Pacific,CHO-NUT-13000,Wonka Bar - Nutty Crunch Surprise,6.98,2,4.98,2.0,Lot's O' Nuts,178.0
7569,US-2024-107552-CHO-SCR-58000,2025-05-05,2025-10-26,Same Day,107552,United States,New York City,New York,10035,Chocolate,Atlantic,CHO-SCR-58000,Wonka Bar -Scrumdiddlyumptious,3.6,1,2.5,1.1,Lot's O' Nuts,174.0
7570,CA-2024-158740-CHO-FUD-51000,2025-05-05,2025-10-31,Standard Class,158740,Canada,Montreal,Quebec,H1A,Chocolate,Atlantic,CHO-FUD-51000,Wonka Bar - Fudge Mallows,3.6,1,2.4,1.2,Lot's O' Nuts,179.0
7571,US-2024-133200-CHO-SCR-58000,2025-06-05,2025-11-01,Standard Class,133200,United States,Fort Worth,Texas,76106,Chocolate,Interior,CHO-SCR-58000,Wonka Bar -Scrumdiddlyumptious,25.2,7,17.5,7.7,Lot's O' Nuts,149.0
7572,US-2024-133487-CHO-MIL-31000,2025-06-05,2025-10-30,Second Class,133487,United States,Rancho Cucamonga,California,91730,Chocolate,Pacific,CHO-MIL-31000,Wonka Bar - Milk Chocolate,9.75,3,6.33,3.42,Wicked Choccy's,147.0
7573,US-2024-156769-CHO-TRI-54000,2025-06-05,2025-10-30,First Class,156769,United States,Arlington,Virginia,22204,Chocolate,Gulf,CHO-TRI-54000,Wonka Bar - Triple Dazzle Caramel,22.5,6,14.7,7.8,Wicked Choccy's,147.0
7574,US-2024-140242-CHO-MIL-31000,2025-06-05,2025-11-01,Standard Class,140242,United States,Chicago,Illinois,60623,Chocolate,Interior,CHO-MIL-31000,Wonka Bar - Milk Chocolate,9.75,3,6.33,3.42,Wicked Choccy's,149.0
7575,US-2024-133200-CHO-NUT-13000,2025-06-05,2025-11-01,Standard Class,133200,United States,Fort Worth,Texas,76106,Chocolate,Interior,CHO-NUT-13000,Wonka Bar - Nutty Crunch Surprise,34.9,10,24.9,10.0,Lot's O' Nuts,149.0
7576,US-2024-144498-CHO-FUD-51000,2025-06-05,2025-10-27,Same Day,144498,United States,Charlotte,North Carolina,28205,Chocolate,Gulf,CHO-FUD-51000,Wonka Bar - Fudge Mallows,39.6,11,26.4,13.2,Lot's O' Nuts,144.0
7577,US-2024-144498-CHO-NUT-13000,2025-06-05,2025-10-27,Same Day,144498,United States,Charlotte,North Carolina,28205,Chocolate,Gulf,CHO-NUT-13000,Wonka Bar - Nutty Crunch Surprise,17.45,5,12.45,5.0,Lot's O' Nuts,144.0
7578,US-2024-167668-CHO-FUD-51000,2025-06-05,2025-10-29,First Class,167668,United States,New York City,New York,10035,Chocolate,Atlantic,CHO-FUD-51000,Wonka Bar - Fudge Mallows,14.4,4,9.6,4.8,Lot's O' Nuts,146.0
7579,US-2024-145779-CHO-TRI-54000,2025-06-05,2025-10-31,Standard Class,145779,United States,Tucson,Arizona,85705,Chocolate,Pacific,CHO-TRI-54000,Wonka Bar - Triple Dazzle Caramel,15.0,4,9.8,5.2,Wicked Choccy's,148.0
7580,US-2024-133200-CHO-FUD-51000,2025-06-05,2025-11-01,Standard Class,133200,United States,Fort Worth,Texas,76106,Chocolate,Interior,CHO-FUD-51000,Wonka Bar - Fudge Mallows,18.0,5,12.0,6.0,Lot's O' Nuts,149.0
7581,US-2024-162124-CHO-FUD-51000,2025-06-05,2025-10-31,Standard Class,162124,United States,Chicago,Illinois,60653,Chocolate,Interior,CHO-FUD-51000,Wonka Bar - Fudge Mallows,14.4,4,9.6,4.8,Lot's O' Nuts,148.0
7582,US-2024-140242-CHO-NUT-13000,2025-06-05,2025-11-01,Standard Class,140242,United States,Chicago,Illinois,60623,Chocolate,Interior,CHO-NUT-13000,Wonka Bar - Nutty Crunch Surprise,24.43,7,17.43,7.0,Lot's O' Nuts,149.0
7583,US-2024-144498-CHO-FUD-51000,2025-06-05,2025-10-27,Same Day,144498,United States,Charlotte,North Carolina,28205,Chocolate,Gulf,CHO-FUD-51000,Wonka Bar - Fudge Mallows,14.4,4,9.6,4.8,Lot's O' Nuts,144.0
7584,US-2024-141733-CHO-TRI-54000,2025-07-05,2025-11-01,Standard Class,141733,United States,Detroit,Michigan,48234,Chocolate,Interior,CHO-TRI-54000,Wonka Bar - Triple Dazzle Caramel,7.5,2,4.9,2.6,Wicked Choccy's,119.0
7585,US-2024-141733-CHO-SCR-58000,2025-07-05,2025-11-01,Standard Class,141733,United States,Detroit,Michigan,48234,Chocolate,Interior,CHO-SCR-58000,Wonka Bar -Scrumdiddlyumptious,3.6,1,2.5,1.1,Lot's O' Nuts,119.0
7586,US-2024-141733-CHO-NUT-13000,2025-07-05,2025-11-01,Standard Class,141733,United States,Detroit,Michigan,48234,Chocolate,Interior,CHO-NUT-13000,Wonka Bar - Nutty Crunch Surprise,17.45,5,12.45,5.0,Lot's O' Nuts,119.0
7587,US-2024-141733-CHO-SCR-58000,2025-07-05,2025-11-01,Standard Class,141733,United States,Detroit,Michigan,48234,Chocolate,Interior,CHO-SCR-58000,Wonka Bar -Scrumdiddlyumptious,7.2,2,5.0,2.2,Lot's O' Nuts,119.0
7588,US-2024-159688-CHO-SCR-58000,2025-07-05,2025-11-02,Standard Class,159688,United States,Los Angeles,California,90004,Chocolate,Pacific,CHO-SCR-58000,Wonka Bar -Scrumdiddlyumptious,3.6,1,2.5,1.1,Lot's O' Nuts,120.0
7589,US-2024-102820-CHO-FUD-51000,2025-07-05,2025-11-01,Standard Class,102820,United States,Pasadena,California,91104,Chocolate,Pacific,CHO-FUD-51000,Wonka Bar - Fudge Mallows,25.2,7,16.8,8.4,Lot's O' Nuts,119.0
7590,US-2024-156895-CHO-TRI-54000,2025-08-05,2025-11-02,Standard Class,156895,United States,Philadelphia,Pennsylvania,19140,Chocolate,Atlantic,CHO-TRI-54000,Wonka Bar - Triple Dazzle Caramel,11.25,3,7.35,3.9,Wicked Choccy's,89.0
7591,US-2024-149181-CHO-SCR-58000,2025-08-05,2025-11-02,Standard Class,149181,United States,Columbus,Ohio,43229,Chocolate,Atlantic,CHO-SCR-58000,Wonka Bar -Scrumdiddlyumptious,7.2,2,5.0,2.2,Lot's O' Nuts,89.0
7592,US-2024-104451-CHO-NUT-13000,2025-08-05,2025-11-02,Second Class,104451,United States,San Francisco,California,94110,Chocolate,Pacific,CHO-NUT-13000,Wonka Bar - Nutty Crunch Surprise,13.96,4,9.96,4.0,Lot's O' Nuts,89.0
7593,US-2024-107797-CHO-NUT-13000,2025-08-05,2025-11-01,Second Class,107797,United States,Mansfield,Texas,76063,Chocolate,Interior,CHO-NUT-13000,Wonka Bar - Nutty Crunch Surprise,27.92,8,19.92,8.0,Lot's O' Nuts,88.0
7594,US-2024-133865-CHO-SCR-58000,2025-08-05,2025-11-02,Standard Class,133865,United States,Los Angeles,California,90032,Chocolate,Pacific,CHO-SCR-58000,Wonka Bar -Scrumdiddlyumptious,21.6,6,15.0,6.6,Lot's O' Nuts,89.0
7595,US-2024-134810-CHO-SCR-58000,2025-09-05,2025-10-31,First Class,134810,United States,Jacksonville,North Carolina,28540,Chocolate,Gulf,CHO-SCR-58000,Wonka Bar -Scrumdiddlyumptious,10.8,3,7.5,3.3,Lot's O' Nuts,56.0
7596,US-2024-118199-OTH-GUM-21000,2025-09-05,2025-11-01,First Class,118199,United States,Seattle,Washington,98105,Other,Pacific,OTH-GUM-21000,Wonka Gum,1.25,1,0.65,0.6,Secret Factory,57.0
7597,US-2024-118199-CHO-TRI-54000,2025-09-05,2025-11-01,First Class,118199,United States,Seattle,Washington,98105,Chocolate,Pacific,CHO-TRI-54000,Wonka Bar - Triple Dazzle Caramel,18.75,5,12.25,6.5,Wicked Choccy's,57.0
7598,US-2024-134810-CHO-TRI-54000,2025-09-05,2025-10-31,First Class,134810,United States,Jacksonville,North Carolina,28540,Chocolate,Gulf,CHO-TRI-54000,Wonka Bar - Triple Dazzle Caramel,11.25,3,7.35,3.9,Wicked Choccy's,56.0
7599,US-2024-118199-CHO-FUD-51000,2025-09-05,2025-11-01,First Class,118199,United States,Seattle,Washington,98105,Chocolate,Pacific,CHO-FUD-51000,Wonka Bar - Fudge Mallows,10.8,3,7.2,3.6,Lot's O' Nuts,57.0
7600,US-2024-118199-CHO-SCR-58000,2025-09-05,2025-11-01,First Class,118199,United States,Seattle,Washington,98105,Chocolate,Pacific,CHO-SCR-58000,Wonka Bar -Scrumdiddlyumptious,14.4,4,10.0,4.4,Lot's O' Nuts,57.0
7601,US-2024-118199-CHO-SCR-58000,2025-09-05,2025-11-01,First Class,118199,United States,Seattle,Washington,98105,Chocolate,Pacific,CHO-SCR-58000,Wonka Bar -Scrumdiddlyumptious,7.2,2,5.0,2.2,Lot's O' Nuts,57.0
7602,US-2024-139647-CHO-TRI-54000,2025-11-05,2026-11-03,First Class,139647,United States,Phoenix,Arizona,85023,Chocolate,Pacific,CHO-TRI-54000,Wonka Bar - Triple Dazzle Caramel,26.25,7,17.15,9.1,Wicked Choccy's,363.0
7603,US-2024-140298-CHO-NUT-13000,2025-11-05,2025-11-07,Standard Class,140298,United States,Austin,Texas,78745,Chocolate,Interior,CHO-NUT-13000,Wonka Bar - Nutty Crunch Surprise,3.49,1,2.49,1.0,Lot's O' Nuts,2.0
7604,US-2024-140298-CHO-MIL-31000,2025-11-05,2025-11-07,Standard Class,140298,United States,Austin,Texas,78745,Chocolate,Interior,CHO-MIL-31000,Wonka Bar - Milk Chocolate,6.5,2,4.22,2.28,Wicked Choccy's,2.0
7605,US-2024-115322-CHO-NUT-13000,2025-11-05,2025-11-06,Second Class,115322,United States,New York City,New York,10024,Chocolate,Atlantic,CHO-NUT-13000,Wonka Bar - Nutty Crunch Surprise,10.47,3,7.47,3.0,Lot's O' Nuts,1.0
7606,US-2024-133823-CHO-SCR-58000,2025-11-05,2026-11-02,Same Day,133823,United States,Seattle,Washington,98103,Chocolate,Pacific,CHO-SCR-58000,Wonka Bar -Scrumdiddlyumptious,7.2,2,5.0,2.2,Lot's O' Nuts,362.0
7607,US-2024-133823-CHO-TRI-54000,2025-11-05,2026-11-02,Same Day,133823,United States,Seattle,Washington,98103,Chocolate,Pacific,CHO-TRI-54000,Wonka Bar - Triple Dazzle Caramel,11.25,3,7.35,3.9,Wicked Choccy's,362.0
7608,US-2024-133823-CHO-MIL-31000,2025-11-05,2026-11-02,Same Day,133823,United States,Seattle,Washington,98103,Chocolate,Pacific,CHO-MIL-31000,Wonka Bar - Milk Chocolate,19.5,6,12.66,6.84,Wicked Choccy's,362.0
7609,US-2024-140298-CHO-FUD-51000,2025-11-05,2025-11-07,Standard Class,140298,United States,Austin,Texas,78745,Chocolate,Interior,CHO-FUD-51000,Wonka Bar - Fudge Mallows,7.2,2,4.8,2.4,Lot's O' Nuts,2.0
7610,US-2024-140298-OTH-GUM-21000,2025-11-05,2025-11-07,Standard Class,140298,United States,Austin,Texas,78745,Other,Interior,OTH-GUM-21000,Wonka Gum,2.5,2,1.3,1.2,Secret Factory,2.0
7611,US-2024-122175-CHO-SCR-58000,2025-12-05,2026-11-04,Second Class,122175,United States,Vineland,New Jersey,8360,Chocolate,Atlantic,CHO-SCR-58000,Wonka Bar -Scrumdiddlyumptious,18.0,5,12.5,5.5,Lot's O' Nuts,334.0
7612,US-2024-117632-CHO-NUT-13000,2025-12-05,2026-11-08,Standard Class,117632,United States,San Francisco,California,94122,Chocolate,Pacific,CHO-NUT-13000,Wonka Bar - Nutty Crunch Surprise,17.45,5,12.45,5.0,Lot's O' Nuts,338.0
7613,US-2024-117632-CHO-MIL-31000,2025-12-05,2026-11-08,Standard Class,117632,United States,San Francisco,California,94122,Chocolate,Pacific,CHO-MIL-31000,Wonka Bar - Milk Chocolate,3.25,1,2.11,1.14,Wicked Choccy's,338.0
7614,US-2024-106796-CHO-NUT-13000,2025-12-05,2026-11-09,Standard Class,106796,United States,Springfield,Ohio,45503,Chocolate,Atlantic,CHO-NUT-13000,Wonka Bar - Nutty Crunch Surprise,10.47,3,7.47,3.0,Lot's O' Nuts,339.0
7615,US-2024-117632-CHO-TRI-54000,2025-12-05,2026-11-08,Standard Class,117632,United States,San Francisco,California,94122,Chocolate,Pacific,CHO-TRI-54000,Wonka Bar - Triple Dazzle Caramel,15.0,4,9.8,5.2,Wicked Choccy's,338.0
7616,US-2024-158218-CHO-MIL-31000,2025-12-05,2026-11-05,Second Class,158218,United States,Houston,Texas,77041,Chocolate,Interior,CHO-MIL-31000,Wonka Bar - Milk Chocolate,13.0,4,8.44,4.56,Wicked Choccy's,335.0
7617,US-2024-152226-CHO-NUT-13000,2025-12-05,2026-11-06,Standard Class,152226,United States,Cincinnati,Ohio,45231,Chocolate,Atlantic,CHO-NUT-13000,Wonka Bar - Nutty Crunch Surprise,6.98,2,4.98,2.0,Lot's O' Nuts,336.0
7618,US-2024-122175-CHO-NUT-13000,2025-12-05,2026-11-04,Second Class,122175,United States,Vineland,New Jersey,8360,Chocolate,Atlantic,CHO-NUT-13000,Wonka Bar - Nutty Crunch Surprise,6.98,2,4.98,2.0,Lot's O' Nuts,334.0
7619,US-2024-104577-CHO-FUD-51000,2025-12-05,2026-11-07,Standard Class,104577,United States,Everett,Massachusetts,2149,Chocolate,Atlantic,CHO-FUD-51000,Wonka Bar - Fudge Mallows,18.0,5,12.0,6.0,Lot's O' Nuts,337.0
7620,US-2024-158218-CHO-FUD-51000,2025-12-05,2026-11-05,Second Class,158218,United States,Houston,Texas,77041,Chocolate,Interior,CHO-FUD-51000,Wonka Bar - Fudge Mallows,18.0,5,12.0,6.0,Lot's O' Nuts,335.0
7621,US-2024-117632-CHO-SCR-58000,2025-12-05,2026-11-08,Standard Class,117632,United States,San Francisco,California,94122,Chocolate,Pacific,CHO-SCR-58000,Wonka Bar -Scrumdiddlyumptious,7.2,2,5.0,2.2,Lot's O' Nuts,338.0
7622,US-2024-122175-CHO-SCR-58000,2025-12-05,2026-11-04,Second Class,122175,United States,Vineland,New Jersey,8360,Chocolate,Atlantic,CHO-SCR-58000,Wonka Bar -Scrumdiddlyumptious,7.2,2,5.0,2.2,Lot's O' Nuts,334.0
7623,US-2024-122175-CHO-MIL-31000,2025-12-05,2026-11-04,Second Class,122175,United States,Vineland,New Jersey,8360,Chocolate,Atlantic,CHO-MIL-31000,Wonka Bar - Milk Chocolate,16.25,5,10.55,5.7,Wicked Choccy's,334.0
7780,US-2024-121559-CHO-NUT-13000,2025-01-06,2025-11-24,Second Class,121559,United States,Indianapolis,Indiana,46203,Chocolate,Interior,CHO-NUT-13000,Wonka Bar - Nutty Crunch Surprise,20.94,6,14.94,6.0,Lot's O' Nuts,322.0
7781,US-2024-112928-CHO-TRI-54000,2025-01-06,2025-11-26,Second Class,112928,United States,Toledo,Ohio,43615,Chocolate,Atlantic,CHO-TRI-54000,Wonka Bar - Triple Dazzle Caramel,18.75,5,12.25,6.5,Wicked Choccy's,324.0
7782,US-2024-121559-CHO-MIL-31000,2025-01-06,2025-11-24,Second Class,121559,United States,Indianapolis,Indiana,46203,Chocolate,Interior,CHO-MIL-31000,Wonka Bar - Milk Chocolate,26.0,8,16.88,9.12,Wicked Choccy's,322.0
7783,US-2024-121559-CHO-SCR-58000,2025-01-06,2025-11-24,Second Class,121559,United States,Indianapolis,Indiana,46203,Chocolate,Interior,CHO-SCR-58000,Wonka Bar -Scrumdiddlyumptious,7.2,2,5.0,2.2,Lot's O' Nuts,322.0
7784,US-2024-106831-CHO-SCR-58000,2025-01-06,2025-11-24,First Class,106831,United States,Dublin,Ohio,43017,Chocolate,Atlantic,CHO-SCR-58000,Wonka Bar -Scrumdiddlyumptious,7.2,2,5.0,2.2,Lot's O' Nuts,322.0
7785,US-2024-146493-CHO-FUD-51000,2025-01-06,2025-11-26,Standard Class,146493,United States,Fremont,Nebraska,68025,Chocolate,Interior,CHO-FUD-51000,Wonka Bar - Fudge Mallows,18.0,5,12.0,6.0,Lot's O' Nuts,324.0
7786,US-2024-106831-CHO-NUT-13000,2025-01-06,2025-11-24,First Class,106831,United States,Dublin,Ohio,43017,Chocolate,Atlantic,CHO-NUT-13000,Wonka Bar - Nutty Crunch Surprise,20.94,6,14.94,6.0,Lot's O' Nuts,322.0
7787,US-2024-157413-CHO-FUD-51000,2025-01-06,2025-11-27,Standard Class,157413,United States,Philadelphia,Pennsylvania,19120,Chocolate,Atlantic,CHO-FUD-51000,Wonka Bar - Fudge Mallows,10.8,3,7.2,3.6,Lot's O' Nuts,325.0
7788,US-2024-121559-CHO-SCR-58000,2025-01-06,2025-11-24,Second Class,121559,United States,Indianapolis,Indiana,46203,Chocolate,Interior,CHO-SCR-58000,Wonka Bar -Scrumdiddlyumptious,3.6,1,2.5,1.1,Lot's O' Nuts,322.0
7789,US-2024-121559-CHO-SCR-58000,2025-01-06,2025-11-24,Second Class,121559,United States,Indianapolis,Indiana,46203,Chocolate,Interior,CHO-SCR-58000,Wonka Bar -Scrumdiddlyumptious,10.8,3,7.5,3.3,Lot's O' Nuts,322.0
7790,US-2024-106831-CHO-SCR-58000,2025-01-06,2025-11-24,First Class,106831,United States,Dublin,Ohio,43017,Chocolate,Atlantic,CHO-SCR-58000,Wonka Bar -Scrumdiddlyumptious,14.4,4,10.0,4.4,Lot's O' Nuts,322.0
7791,US-2024-140760-CHO-TRI-54000,2025-02-06,2025-11-26,Second Class,140760,United States,Mesa,Arizona,85204,Chocolate,Pacific,CHO-TRI-54000,Wonka Bar - Triple Dazzle Caramel,18.75,5,12.25,6.5,Wicked Choccy's,293.0
7792,US-2024-143294-CHO-SCR-58000,2025-02-06,2025-11-29,Standard Class,143294,United States,Houston,Texas,77070,Chocolate,Interior,CHO-SCR-58000,Wonka Bar -Scrumdiddlyumptious,7.2,2,5.0,2.2,Lot's O' Nuts,296.0
7793,US-2024-140760-CHO-SCR-58000,2025-02-06,2025-11-26,Second Class,140760,United States,Mesa,Arizona,85204,Chocolate,Pacific,CHO-SCR-58000,Wonka Bar -Scrumdiddlyumptious,21.6,6,15.0,6.6,Lot's O' Nuts,293.0
7794,US-2024-158883-CHO-SCR-58000,2025-02-06,2025-11-24,Same Day,158883,United States,Jacksonville,North Carolina,28540,Chocolate,Gulf,CHO-SCR-58000,Wonka Bar -Scrumdiddlyumptious,14.4,4,10.0,4.4,Lot's O' Nuts,291.0
7795,US-2024-127705-CHO-SCR-58000,2025-02-06,2025-11-27,Standard Class,127705,United States,Lorain,Ohio,44052,Chocolate,Atlantic,CHO-SCR-58000,Wonka Bar -Scrumdiddlyumptious,7.2,2,5.0,2.2,Lot's O' Nuts,294.0
7796,US-2024-127705-CHO-SCR-58000,2025-02-06,2025-11-27,Standard Class,127705,United States,Lorain,Ohio,44052,Chocolate,Atlantic,CHO-SCR-58000,Wonka Bar -Scrumdiddlyumptious,3.6,1,2.5,1.1,Lot's O' Nuts,294.0
7797,US-2024-140872-CHO-FUD-51000,2025-03-06,2025-12-01,Standard Class,140872,United States,Pembroke Pines,Florida,33024,Chocolate,Gulf,CHO-FUD-51000,Wonka Bar - Fudge Mallows,7.2,2,4.8,2.4,Lot's O' Nuts,270.0
7798,US-2024-126382-CHO-TRI-54000,2025-03-06,2025-11-28,Standard Class,126382,United States,Franklin,Tennessee,37064,Chocolate,Gulf,CHO-TRI-54000,Wonka Bar - Triple Dazzle Caramel,26.25,7,17.15,9.1,Wicked Choccy's,267.0
7799,US-2024-113908-CHO-SCR-58000,2025-03-06,2025-11-30,Standard Class,113908,United States,New York City,New York,10011,Chocolate,Atlantic,CHO-SCR-58000,Wonka Bar -Scrumdiddlyumptious,7.2,2,5.0,2.2,Lot's O' Nuts,269.0
7800,US-2024-140872-CHO-TRI-54000,2025-03-06,2025-12-01,Standard Class,140872,United States,Pembroke Pines,Florida,33024,Chocolate,Gulf,CHO-TRI-54000,Wonka Bar - Triple Dazzle Caramel,26.25,7,17.15,9.1,Wicked Choccy's,270.0
7801,US-2024-140872-CHO-MIL-31000,2025-03-06,2025-12-01,Standard Class,140872,United States,Pembroke Pines,Florida,33024,Chocolate,Gulf,CHO-MIL-31000,Wonka Bar - Milk Chocolate,6.5,2,4.22,2.28,Wicked Choccy's,270.0
7802,US-2024-145772-CHO-TRI-54000,2025-03-06,2025-11-28,Standard Class,145772,United States,Los Angeles,California,90036,Chocolate,Pacific,CHO-TRI-54000,Wonka Bar - Triple Dazzle Caramel,3.75,1,2.45,1.3,Wicked Choccy's,267.0
7803,US-2024-140872-CHO-TRI-54000,2025-03-06,2025-12-01,Standard Class,140872,United States,Pembroke Pines,Florida,33024,Chocolate,Gulf,CHO-TRI-54000,Wonka Bar - Triple Dazzle Caramel,11.25,3,7.35,3.9,Wicked Choccy's,270.0
7804,US-2024-140872-CHO-TRI-54000,2025-03-06,2025-12-01,Standard Class,140872,United States,Pembroke Pines,Florida,33024,Chocolate,Gulf,CHO-TRI-54000,Wonka Bar - Triple Dazzle Caramel,11.25,3,7.35,3.9,Wicked Choccy's,270.0
7805,US-2024-145772-CHO-MIL-31000,2025-03-06,2025-11-28,Standard Class,145772,United States,Los Angeles,California,90036,Chocolate,Pacific,CHO-MIL-31000,Wonka Bar - Milk Chocolate,6.5,2,4.22,2.28,Wicked Choccy's,267.0
7806,US-2024-113908-CHO-MIL-31000,2025-03-06,2025-11-30,Standard Class,113908,United States,New York City,New York,10011,Chocolate,Atlantic,CHO-MIL-31000,Wonka Bar - Milk Chocolate,13.0,4,8.44,4.56,Wicked Choccy's,269.0
7807,US-2024-145506-CHO-FUD-51000,2025-03-06,2025-11-28,Standard Class,145506,United States,Spokane,Washington,99207,Chocolate,Pacific,CHO-FUD-51000,Wonka Bar - Fudge Mallows,32.4,9,21.6,10.8,Lot's O' Nuts,267.0
7808,US-2024-140872-CHO-NUT-13000,2025-03-06,2025-12-01,Standard Class,140872,United States,Pembroke Pines,Florida,33024,Chocolate,Gulf,CHO-NUT-13000,Wonka Bar - Nutty Crunch Surprise,6.98,2,4.98,2.0,Lot's O' Nuts,270.0
7809,US-2024-145772-CHO-NUT-13000,2025-03-06,2025-11-28,Standard Class,145772,United States,Los Angeles,California,90036,Chocolate,Pacific,CHO-NUT-13000,Wonka Bar - Nutty Crunch Surprise,17.45,5,12.45,5.0,Lot's O' Nuts,267.0
7810,US-2024-140872-CHO-FUD-51000,2025-03-06,2025-12-01,Standard Class,140872,United States,Pembroke Pines,Florida,33024,Chocolate,Gulf,CHO-FUD-51000,Wonka Bar - Fudge Mallows,3.6,1,2.4,1.2,Lot's O' Nuts,270.0
7811,US-2024-150420-CHO-TRI-54000,2025-03-06,2025-11-29,Standard Class,150420,United States,Bellingham,Washington,98226,Chocolate,Pacific,CHO-TRI-54000,Wonka Bar - Triple Dazzle Caramel,37.5,10,24.5,13.0,Wicked Choccy's,268.0
7812,US-2024-113908-OTH-LIC-15000,2025-03-06,2025-11-30,Standard Class,113908,United States,New York City,New York,10011,Other,Atlantic,OTH-LIC-15000,Lickable Wallpaper,120.0,6,60.0,60.0,Secret Factory,269.0
7813,US-2024-140872-CHO-MIL-31000,2025-03-06,2025-12-01,Standard Class,140872,United States,Pembroke Pines,Florida,33024,Chocolate,Gulf,CHO-MIL-31000,Wonka Bar - Milk Chocolate,16.25,5,10.55,5.7,Wicked Choccy's,270.0
7814,US-2024-158407-CHO-NUT-13000,2025-04-06,2025-12-01,Standard Class,158407,United States,Monroe,North Carolina,28110,Chocolate,Gulf,CHO-NUT-13000,Wonka Bar - Nutty Crunch Surprise,6.98,2,4.98,2.0,Lot's O' Nuts,239.0
7815,US-2024-149720-CHO-SCR-58000,2025-04-06,2025-11-28,Second Class,149720,United States,Frisco,Texas,75034,Chocolate,Interior,CHO-SCR-58000,Wonka Bar -Scrumdiddlyumptious,21.6,6,15.0,6.6,Lot's O' Nuts,236.0
7816,US-2024-158106-CHO-NUT-13000,2025-04-06,2025-12-01,Standard Class,158106,United States,Apple Valley,Minnesota,55124,Chocolate,Interior,CHO-NUT-13000,Wonka Bar - Nutty Crunch Surprise,10.47,3,7.47,3.0,Lot's O' Nuts,239.0
7817,US-2024-133095-CHO-NUT-13000,2025-04-06,2025-11-25,Same Day,133095,United States,Jonesboro,Arkansas,72401,Chocolate,Gulf,CHO-NUT-13000,Wonka Bar - Nutty Crunch Surprise,24.43,7,17.43,7.0,Lot's O' Nuts,233.0
7818,US-2024-158953-CHO-SCR-58000,2025-04-06,2025-11-29,Standard Class,158953,United States,Missouri City,Texas,77489,Chocolate,Interior,CHO-SCR-58000,Wonka Bar -Scrumdiddlyumptious,25.2,7,17.5,7.7,Lot's O' Nuts,237.0
7819,US-2024-133095-CHO-TRI-54000,2025-04-06,2025-11-25,Same Day,133095,United States,Jonesboro,Arkansas,72401,Chocolate,Gulf,CHO-TRI-54000,Wonka Bar - Triple Dazzle Caramel,11.25,3,7.35,3.9,Wicked Choccy's,233.0
7820,US-2024-100426-CHO-MIL-31000,2025-04-06,2025-11-29,Standard Class,100426,United States,Florence,Alabama,35630,Chocolate,Gulf,CHO-MIL-31000,Wonka Bar - Milk Chocolate,6.5,2,4.22,2.28,Wicked Choccy's,237.0
7821,US-2024-158407-CHO-MIL-31000,2025-04-06,2025-12-01,Standard Class,158407,United States,Monroe,North Carolina,28110,Chocolate,Gulf,CHO-MIL-31000,Wonka Bar - Milk Chocolate,6.5,2,4.22,2.28,Wicked Choccy's,239.0
7822,US-2024-141614-CHO-NUT-13000,2025-05-06,2025-11-30,Standard Class,141614,United States,Orlando,Florida,32839,Chocolate,Gulf,CHO-NUT-13000,Wonka Bar - Nutty Crunch Surprise,13.96,4,9.96,4.0,Lot's O' Nuts,208.0
7823,US-2024-126788-CHO-SCR-58000,2025-05-06,2025-11-27,First Class,126788,United States,Pearland,Texas,77581,Chocolate,Interior,CHO-SCR-58000,Wonka Bar -Scrumdiddlyumptious,10.8,3,7.5,3.3,Lot's O' Nuts,205.0
7824,US-2024-131849-CHO-NUT-13000,2025-06-06,2025-12-01,Standard Class,131849,United States,San Francisco,California,94122,Chocolate,Pacific,CHO-NUT-13000,Wonka Bar - Nutty Crunch Surprise,3.49,1,2.49,1.0,Lot's O' Nuts,178.0
7825,US-2024-131849-CHO-SCR-58000,2025-06-06,2025-12-01,Standard Class,131849,United States,San Francisco,California,94122,Chocolate,Pacific,CHO-SCR-58000,Wonka Bar -Scrumdiddlyumptious,18.0,5,12.5,5.5,Lot's O' Nuts,178.0
7826,US-2024-109316-CHO-SCR-58000,2025-08-06,2025-12-01,First Class,109316,United States,Los Angeles,California,90049,Chocolate,Pacific,CHO-SCR-58000,Wonka Bar -Scrumdiddlyumptious,7.2,2,5.0,2.2,Lot's O' Nuts,117.0
7827,US-2024-155299-OTH-LIC-15000,2025-08-06,2025-12-03,Standard Class,155299,United States,Pasadena,Texas,77506,Other,Interior,OTH-LIC-15000,Lickable Wallpaper,40.0,2,20.0,20.0,Secret Factory,119.0
7828,US-2024-106579-CHO-MIL-31000,2025-08-06,2025-12-04,Standard Class,106579,United States,Skokie,Illinois,60076,Chocolate,Interior,CHO-MIL-31000,Wonka Bar - Milk Chocolate,13.0,4,8.44,4.56,Wicked Choccy's,120.0
7829,US-2024-107979-CHO-NUT-13000,2025-08-06,2025-12-04,Standard Class,107979,United States,Glendale,Arizona,85301,Chocolate,Pacific,CHO-NUT-13000,Wonka Bar - Nutty Crunch Surprise,6.98,2,4.98,2.0,Lot's O' Nuts,120.0
7830,US-2024-117436-CHO-SCR-58000,2025-08-06,2025-12-05,Standard Class,117436,United States,Norwich,Connecticut,6360,Chocolate,Atlantic,CHO-SCR-58000,Wonka Bar -Scrumdiddlyumptious,7.2,2,5.0,2.2,Lot's O' Nuts,121.0
7831,US-2024-132682-CHO-FUD-51000,2025-08-06,2025-12-01,Second Class,132682,United States,Dallas,Texas,75081,Chocolate,Interior,CHO-FUD-51000,Wonka Bar - Fudge Mallows,10.8,3,7.2,3.6,Lot's O' Nuts,117.0
7832,US-2024-107979-CHO-TRI-54000,2025-08-06,2025-12-04,Standard Class,107979,United States,Glendale,Arizona,85301,Chocolate,Pacific,CHO-TRI-54000,Wonka Bar - Triple Dazzle Caramel,7.5,2,4.9,2.6,Wicked Choccy's,120.0
7833,US-2024-132682-CHO-TRI-54000,2025-08-06,2025-12-01,Second Class,132682,United States,Dallas,Texas,75081,Chocolate,Interior,CHO-TRI-54000,Wonka Bar - Triple Dazzle Caramel,11.25,3,7.35,3.9,Wicked Choccy's,117.0
7834,US-2024-107979-CHO-MIL-31000,2025-08-06,2025-12-04,Standard Class,107979,United States,Glendale,Arizona,85301,Chocolate,Pacific,CHO-MIL-31000,Wonka Bar - Milk Chocolate,22.75,7,14.77,7.98,Wicked Choccy's,120.0
7835,US-2024-109316-CHO-NUT-13000,2025-08-06,2025-12-01,First Class,109316,United States,Los Angeles,California,90049,Chocolate,Pacific,CHO-NUT-13000,Wonka Bar - Nutty Crunch Surprise,6.98,2,4.98,2.0,Lot's O' Nuts,117.0
7836,US-2024-132682-CHO-MIL-31000,2025-08-06,2025-12-01,Second Class,132682,United States,Dallas,Texas,75081,Chocolate,Interior,CHO-MIL-31000,Wonka Bar - Milk Chocolate,9.75,3,6.33,3.42,Wicked Choccy's,117.0
7837,US-2024-106663-CHO-TRI-54000,2025-09-06,2025-12-04,Standard Class,106663,United States,Chicago,Illinois,60653,Chocolate,Interior,CHO-TRI-54000,Wonka Bar - Triple Dazzle Caramel,11.25,3,7.35,3.9,Wicked Choccy's,89.0
7838,US-2024-106663-CHO-NUT-13000,2025-09-06,2025-12-04,Standard Class,106663,United States,Chicago,Illinois,60653,Chocolate,Interior,CHO-NUT-13000,Wonka Bar - Nutty Crunch Surprise,3.49,1,2.49,1.0,Lot's O' Nuts,89.0
7839,US-2024-146822-CHO-MIL-31000,2025-09-06,2025-12-05,Standard Class,146822,United States,Salem,Virginia,24153,Chocolate,Gulf,CHO-MIL-31000,Wonka Bar - Milk Chocolate,13.0,4,8.44,4.56,Wicked Choccy's,90.0
7840,US-2024-106663-CHO-FUD-51000,2025-09-06,2025-12-04,Standard Class,106663,United States,Chicago,Illinois,60653,Chocolate,Interior,CHO-FUD-51000,Wonka Bar - Fudge Mallows,28.8,8,19.2,9.6,Lot's O' Nuts,89.0
7841,US-2024-100951-CHO-MIL-31000,2025-09-06,2025-12-01,First Class,100951,United States,Dallas,Texas,75217,Chocolate,Interior,CHO-MIL-31000,Wonka Bar - Milk Chocolate,16.25,5,10.55,5.7,Wicked Choccy's,86.0
7842,US-2024-140963-CHO-MIL-31000,2025-10-06,2025-12-04,First Class,140963,United States,Los Angeles,California,90045,Chocolate,Pacific,CHO-MIL-31000,Wonka Bar - Milk Chocolate,16.25,5,10.55,5.7,Wicked Choccy's,59.0
7843,US-2024-137001-OTH-LIC-15000,2025-10-06,2025-12-04,Second Class,137001,United States,Thousand Oaks,California,91360,Other,Pacific,OTH-LIC-15000,Lickable Wallpaper,140.0,7,70.0,70.0,Secret Factory,59.0
7844,US-2024-167080-CHO-MIL-31000,2025-10-06,2025-12-05,Standard Class,167080,United States,New York City,New York,10011,Chocolate,Atlantic,CHO-MIL-31000,Wonka Bar - Milk Chocolate,16.25,5,10.55,5.7,Wicked Choccy's,60.0
7845,US-2024-143343-CHO-TRI-54000,2025-10-06,2025-12-04,First Class,143343,United States,Los Angeles,California,90032,Chocolate,Pacific,CHO-TRI-54000,Wonka Bar - Triple Dazzle Caramel,18.75,5,12.25,6.5,Wicked Choccy's,59.0
7846,US-2024-112172-CHO-FUD-51000,2025-10-06,2025-12-05,Second Class,112172,United States,New York City,New York,10024,Chocolate,Atlantic,CHO-FUD-51000,Wonka Bar - Fudge Mallows,10.8,3,7.2,3.6,Lot's O' Nuts,60.0
7847,US-2024-140963-CHO-FUD-51000,2025-10-06,2025-12-04,First Class,140963,United States,Los Angeles,California,90045,Chocolate,Pacific,CHO-FUD-51000,Wonka Bar - Fudge Mallows,7.2,2,4.8,2.4,Lot's O' Nuts,59.0
7848,US-2024-158071-CHO-TRI-54000,2025-10-06,2025-12-06,Standard Class,158071,United States,Seattle,Washington,98103,Chocolate,Pacific,CHO-TRI-54000,Wonka Bar - Triple Dazzle Caramel,15.0,4,9.8,5.2,Wicked Choccy's,61.0
7849,US-2024-131583-CHO-MIL-31000,2025-10-06,2025-12-01,Same Day,131583,United States,Philadelphia,Pennsylvania,19143,Chocolate,Atlantic,CHO-MIL-31000,Wonka Bar - Milk Chocolate,19.5,6,12.66,6.84,Wicked Choccy's,56.0
7850,US-2024-158071-CHO-TRI-54000,2025-10-06,2025-12-06,Standard Class,158071,United States,Seattle,Washington,98103,Chocolate,Pacific,CHO-TRI-54000,Wonka Bar - Triple Dazzle Caramel,3.75,1,2.45,1.3,Wicked Choccy's,61.0
7851,US-2024-107167-CHO-MIL-31000,2025-10-06,2025-12-05,Standard Class,107167,United States,Jacksonville,Florida,32216,Chocolate,Gulf,CHO-MIL-31000,Wonka Bar - Milk Chocolate,26.0,8,16.88,9.12,Wicked Choccy's,60.0
7852,US-2024-106103-CHO-FUD-51000,2025-10-06,2025-12-06,Standard Class,106103,United States,Rochester Hills,Michigan,48307,Chocolate,Interior,CHO-FUD-51000,Wonka Bar - Fudge Mallows,14.4,4,9.6,4.8,Lot's O' Nuts,61.0
7853,US-2024-140963-CHO-SCR-58000,2025-10-06,2025-12-04,First Class,140963,United States,Los Angeles,California,90045,Chocolate,Pacific,CHO-SCR-58000,Wonka Bar -Scrumdiddlyumptious,18.0,5,12.5,5.5,Lot's O' Nuts,59.0
7854,US-2024-158071-CHO-SCR-58000,2025-10-06,2025-12-06,Standard Class,158071,United States,Seattle,Washington,98103,Chocolate,Pacific,CHO-SCR-58000,Wonka Bar -Scrumdiddlyumptious,10.8,3,7.5,3.3,Lot's O' Nuts,61.0
7855,US-2024-134565-CHO-TRI-54000,2025-11-06,2025-12-04,Second Class,134565,United States,Seattle,Washington,98103,Chocolate,Pacific,CHO-TRI-54000,Wonka Bar - Triple Dazzle Caramel,11.25,3,7.35,3.9,Wicked Choccy's,28.0
7856,US-2024-120418-CHO-MIL-31000,2025-11-06,2025-12-03,First Class,120418,United States,Peoria,Arizona,85345,Chocolate,Pacific,CHO-MIL-31000,Wonka Bar - Milk Chocolate,3.25,1,2.11,1.14,Wicked Choccy's,27.0
7857,US-2024-141481-CHO-FUD-51000,2025-11-06,2025-12-05,First Class,141481,United States,Los Angeles,California,90036,Chocolate,Pacific,CHO-FUD-51000,Wonka Bar - Fudge Mallows,10.8,3,7.2,3.6,Lot's O' Nuts,29.0
7858,US-2024-102554-CHO-SCR-58000,2025-11-06,2025-12-06,Standard Class,102554,United States,Auburn,Alabama,36830,Chocolate,Gulf,CHO-SCR-58000,Wonka Bar -Scrumdiddlyumptious,7.2,2,5.0,2.2,Lot's O' Nuts,30.0
7859,US-2024-120418-CHO-SCR-58000,2025-11-06,2025-12-03,First Class,120418,United States,Peoria,Arizona,85345,Chocolate,Pacific,CHO-SCR-58000,Wonka Bar -Scrumdiddlyumptious,3.6,1,2.5,1.1,Lot's O' Nuts,27.0
7860,US-2024-120418-CHO-TRI-54000,2025-11-06,2025-12-03,First Class,120418,United States,Peoria,Arizona,85345,Chocolate,Pacific,CHO-TRI-54000,Wonka Bar - Triple Dazzle Caramel,18.75,5,12.25,6.5,Wicked Choccy's,27.0
7861,US-2024-133928-CHO-SCR-58000,2025-11-06,2025-12-08,Standard Class,133928,United States,Hickory,North Carolina,28601,Chocolate,Gulf,CHO-SCR-58000,Wonka Bar -Scrumdiddlyumptious,14.4,4,10.0,4.4,Lot's O' Nuts,32.0
7862,US-2024-134565-CHO-FUD-51000,2025-11-06,2025-12-04,Second Class,134565,United States,Seattle,Washington,98103,Chocolate,Pacific,CHO-FUD-51000,Wonka Bar - Fudge Mallows,21.6,6,14.4,7.2,Lot's O' Nuts,28.0
7863,US-2024-152002-CHO-TRI-54000,2025-11-06,2025-12-02,Same Day,152002,United States,Los Angeles,California,90004,Chocolate,Pacific,CHO-TRI-54000,Wonka Bar - Triple Dazzle Caramel,11.25,3,7.35,3.9,Wicked Choccy's,26.0
7864,US-2024-134565-CHO-TRI-54000,2025-11-06,2025-12-04,Second Class,134565,United States,Seattle,Washington,98103,Chocolate,Pacific,CHO-TRI-54000,Wonka Bar - Triple Dazzle Caramel,7.5,2,4.9,2.6,Wicked Choccy's,28.0
7865,US-2024-120418-CHO-TRI-54000,2025-11-06,2025-12-03,First Class,120418,United States,Peoria,Arizona,85345,Chocolate,Pacific,CHO-TRI-54000,Wonka Bar - Triple Dazzle Caramel,11.25,3,7.35,3.9,Wicked Choccy's,27.0
7866,US-2024-120418-CHO-SCR-58000,2025-11-06,2025-12-03,First Class,120418,United States,Peoria,Arizona,85345,Chocolate,Pacific,CHO-SCR-58000,Wonka Bar -Scrumdiddlyumptious,14.4,4,10.0,4.4,Lot's O' Nuts,27.0
7867,US-2024-134565-CHO-SCR-58000,2025-11-06,2025-12-04,Second Class,134565,United States,Seattle,Washington,98103,Chocolate,Pacific,CHO-SCR-58000,Wonka Bar -Scrumdiddlyumptious,7.2,2,5.0,2.2,Lot's O' Nuts,28.0
7868,US-2024-134565-CHO-FUD-51000,2025-11-06,2025-12-04,Second Class,134565,United States,Seattle,Washington,98103,Chocolate,Pacific,CHO-FUD-51000,Wonka Bar - Fudge Mallows,18.0,5,12.0,6.0,Lot's O' Nuts,28.0
7869,US-2024-108441-CHO-TRI-54000,2025-12-06,2025-12-09,Standard Class,108441,United States,New York City,New York,10035,Chocolate,Atlantic,CHO-TRI-54000,Wonka Bar - Triple Dazzle Caramel,15.0,4,9.8,5.2,Wicked Choccy's,3.0
7870,US-2024-143861-CHO-NUT-13000,2025-12-06,2025-12-10,Standard Class,143861,United States,Saint Petersburg,Florida,33710,Chocolate,Gulf,CHO-NUT-13000,Wonka Bar - Nutty Crunch Surprise,6.98,2,4.98,2.0,Lot's O' Nuts,4.0
7871,US-2024-124191-CHO-SCR-58000,2025-12-06,2026-12-05,Second Class,124191,United States,Chicago,Illinois,60610,Chocolate,Interior,CHO-SCR-58000,Wonka Bar -Scrumdiddlyumptious,10.8,3,7.5,3.3,Lot's O' Nuts,364.0
7872,US-2024-148474-CHO-NUT-13000,2025-12-06,2025-12-10,Standard Class,148474,United States,Columbus,Georgia,31907,Chocolate,Gulf,CHO-NUT-13000,Wonka Bar - Nutty Crunch Surprise,10.47,3,7.47,3.0,Lot's O' Nuts,4.0
7873,US-2024-108441-CHO-TRI-54000,2025-12-06,2025-12-09,Standard Class,108441,United States,New York City,New York,10035,Chocolate,Atlantic,CHO-TRI-54000,Wonka Bar - Triple Dazzle Caramel,11.25,3,7.35,3.9,Wicked Choccy's,3.0
7874,US-2024-108441-CHO-FUD-51000,2025-12-06,2025-12-09,Standard Class,108441,United States,New York City,New York,10035,Chocolate,Atlantic,CHO-FUD-51000,Wonka Bar - Fudge Mallows,10.8,3,7.2,3.6,Lot's O' Nuts,3.0
7875,US-2024-148474-CHO-SCR-58000,2025-12-06,2025-12-10,Standard Class,148474,United States,Columbus,Georgia,31907,Chocolate,Gulf,CHO-SCR-58000,Wonka Bar -Scrumdiddlyumptious,10.8,3,7.5,3.3,Lot's O' Nuts,4.0
7876,US-2024-108441-CHO-SCR-58000,2025-12-06,2025-12-09,Standard Class,108441,United States,New York City,New York,10035,Chocolate,Atlantic,CHO-SCR-58000,Wonka Bar -Scrumdiddlyumptious,14.4,4,10.0,4.4,Lot's O' Nuts,3.0
7877,US-2024-119424-CHO-MIL-31000,2025-12-06,2026-12-05,Second Class,119424,United States,Kent,Washington,98031,Chocolate,Pacific,CHO-MIL-31000,Wonka Bar - Milk Chocolate,9.75,3,6.33,3.42,Wicked Choccy's,364.0
7878,US-2024-117821-CHO-MIL-31000,2025-12-06,2025-12-07,Standard Class,117821,United States,Marion,Ohio,43302,Chocolate,Atlantic,CHO-MIL-31000,Wonka Bar - Milk Chocolate,6.5,2,4.22,2.28,Wicked Choccy's,1.0
7879,US-2024-119424-CHO-MIL-31000,2025-12-06,2026-12-05,Second Class,119424,United States,Kent,Washington,98031,Chocolate,Pacific,CHO-MIL-31000,Wonka Bar - Milk Chocolate,9.75,3,6.33,3.42,Wicked Choccy's,364.0
8026,US-2024-148362-CHO-SCR-58000,2025-01-07,2025-12-29,Standard Class,148362,United States,Indianapolis,Indiana,46203,Chocolate,Interior,CHO-SCR-58000,Wonka Bar -Scrumdiddlyumptious,3.6,1,2.5,1.1,Lot's O' Nuts,356.0
8027,US-2024-148362-CHO-MIL-31000,2025-01-07,2025-12-29,Standard Class,148362,United States,Indianapolis,Indiana,46203,Chocolate,Interior,CHO-MIL-31000,Wonka Bar - Milk Chocolate,13.0,4,8.44,4.56,Wicked Choccy's,356.0
8028,US-2024-148362-CHO-NUT-13000,2025-01-07,2025-12-29,Standard Class,148362,United States,Indianapolis,Indiana,46203,Chocolate,Interior,CHO-NUT-13000,Wonka Bar - Nutty Crunch Surprise,13.96,4,9.96,4.0,Lot's O' Nuts,356.0
8029,US-2024-107958-OTH-KAZ-38000,2025-02-07,2025-12-26,First Class,107958,United States,Houston,Texas,77036,Other,Interior,OTH-KAZ-38000,Kazookles,13.0,4,1.0,12.0,Secret Factory,322.0
8030,US-2024-107958-CHO-TRI-54000,2025-02-07,2025-12-26,First Class,107958,United States,Houston,Texas,77036,Chocolate,Interior,CHO-TRI-54000,Wonka Bar - Triple Dazzle Caramel,18.75,5,12.25,6.5,Wicked Choccy's,322.0
8031,US-2024-169124-CHO-SCR-58000,2025-03-07,2025-12-31,Standard Class,169124,United States,Citrus Heights,California,95610,Chocolate,Pacific,CHO-SCR-58000,Wonka Bar -Scrumdiddlyumptious,10.8,3,7.5,3.3,Lot's O' Nuts,299.0
8032,US-2024-126179-CHO-TRI-54000,2025-03-07,2025-12-28,Standard Class,126179,United States,Columbus,Georgia,31907,Chocolate,Gulf,CHO-TRI-54000,Wonka Bar - Triple Dazzle Caramel,3.75,1,2.45,1.3,Wicked Choccy's,296.0
8033,US-2024-140053-CHO-NUT-13000,2025-03-07,2025-12-31,Standard Class,140053,United States,Farmington,New Mexico,87401,Chocolate,Pacific,CHO-NUT-13000,Wonka Bar - Nutty Crunch Surprise,31.41,9,22.41,9.0,Lot's O' Nuts,299.0
8034,US-2024-106747-CHO-FUD-51000,2025-03-07,2025-12-25,First Class,106747,United States,Concord,New Hampshire,3301,Chocolate,Atlantic,CHO-FUD-51000,Wonka Bar - Fudge Mallows,3.6,1,2.4,1.2,Lot's O' Nuts,293.0
8035,US-2024-111024-CHO-TRI-54000,2025-03-07,2025-12-27,Second Class,111024,United States,Lancaster,Ohio,43130,Chocolate,Atlantic,CHO-TRI-54000,Wonka Bar - Triple Dazzle Caramel,7.5,2,4.9,2.6,Wicked Choccy's,295.0
8036,US-2024-124828-CHO-MIL-31000,2025-03-07,2025-12-25,First Class,124828,United States,Burlington,North Carolina,27217,Chocolate,Gulf,CHO-MIL-31000,Wonka Bar - Milk Chocolate,9.75,3,6.33,3.42,Wicked Choccy's,293.0
8037,US-2024-111024-CHO-MIL-31000,2025-03-07,2025-12-27,Second Class,111024,United States,Lancaster,Ohio,43130,Chocolate,Atlantic,CHO-MIL-31000,Wonka Bar - Milk Chocolate,13.0,4,8.44,4.56,Wicked Choccy's,295.0
8038,US-2024-121503-CHO-TRI-54000,2025-03-07,2025-12-27,Second Class,121503,United States,Houston,Texas,77041,Chocolate,Interior,CHO-TRI-54000,Wonka Bar - Triple Dazzle Caramel,26.25,7,17.15,9.1,Wicked Choccy's,295.0
8039,US-2024-129777-CHO-NUT-13000,2025-03-07,2025-12-30,Standard Class,129777,United States,Quincy,Massachusetts,2169,Chocolate,Atlantic,CHO-NUT-13000,Wonka Bar - Nutty Crunch Surprise,6.98,2,4.98,2.0,Lot's O' Nuts,298.0
8040,US-2024-111024-CHO-TRI-54000,2025-03-07,2025-12-27,Second Class,111024,United States,Lancaster,Ohio,43130,Chocolate,Atlantic,CHO-TRI-54000,Wonka Bar - Triple Dazzle Caramel,22.5,6,14.7,7.8,Wicked Choccy's,295.0
8041,US-2024-139437-CHO-TRI-54000,2025-03-07,2025-12-29,Standard Class,139437,United States,Los Angeles,California,90004,Chocolate,Pacific,CHO-TRI-54000,Wonka Bar - Triple Dazzle Caramel,15.0,4,9.8,5.2,Wicked Choccy's,297.0
8042,US-2024-168109-CHO-NUT-13000,2025-03-07,2025-12-24,Same Day,168109,United States,Seattle,Washington,98105,Chocolate,Pacific,CHO-NUT-13000,Wonka Bar - Nutty Crunch Surprise,13.96,4,9.96,4.0,Lot's O' Nuts,292.0
8043,US-2024-166233-CHO-MIL-31000,2025-03-07,2025-12-30,Standard Class,166233,United States,Jacksonville,North Carolina,28540,Chocolate,Gulf,CHO-MIL-31000,Wonka Bar - Milk Chocolate,6.5,2,4.22,2.28,Wicked Choccy's,298.0
8044,US-2024-129777-CHO-NUT-13000,2025-03-07,2025-12-30,Standard Class,129777,United States,Quincy,Massachusetts,2169,Chocolate,Atlantic,CHO-NUT-13000,Wonka Bar - Nutty Crunch Surprise,34.9,10,24.9,10.0,Lot's O' Nuts,298.0
8045,US-2024-168109-CHO-SCR-58000,2025-03-07,2025-12-24,Same Day,168109,United States,Seattle,Washington,98105,Chocolate,Pacific,CHO-SCR-58000,Wonka Bar -Scrumdiddlyumptious,7.2,2,5.0,2.2,Lot's O' Nuts,292.0
8046,US-2024-168109-CHO-NUT-13000,2025-03-07,2025-12-24,Same Day,168109,United States,Seattle,Washington,98105,Chocolate,Pacific,CHO-NUT-13000,Wonka Bar - Nutty Crunch Surprise,20.94,6,14.94,6.0,Lot's O' Nuts,292.0
8047,US-2024-121503-OTH-KAZ-38000,2025-03-07,2025-12-27,Second Class,121503,United States,Houston,Texas,77041,Other,Interior,OTH-KAZ-38000,Kazookles,9.75,3,0.75,9.0,Secret Factory,295.0
8048,US-2024-168109-CHO-SCR-58000,2025-03-07,2025-12-24,Same Day,168109,United States,Seattle,Washington,98105,Chocolate,Pacific,CHO-SCR-58000,Wonka Bar -Scrumdiddlyumptious,3.6,1,2.5,1.1,Lot's O' Nuts,292.0
8049,US-2024-126179-CHO-MIL-31000,2025-03-07,2025-12-28,Standard Class,126179,United States,Columbus,Georgia,31907,Chocolate,Gulf,CHO-MIL-31000,Wonka Bar - Milk Chocolate,9.75,3,6.33,3.42,Wicked Choccy's,296.0
8050,US-2024-111647-CHO-MIL-31000,2025-03-07,2025-12-28,Standard Class,111647,United States,Plano,Texas,75023,Chocolate,Interior,CHO-MIL-31000,Wonka Bar - Milk Chocolate,13.0,4,8.44,4.56,Wicked Choccy's,296.0
8051,US-2024-100223-CHO-SCR-58000,2025-05-07,2025-12-31,Standard Class,100223,United States,Dallas,Texas,75220,Chocolate,Interior,CHO-SCR-58000,Wonka Bar -Scrumdiddlyumptious,32.4,9,22.5,9.9,Lot's O' Nuts,238.0
8052,US-2024-100223-CHO-SCR-58000,2025-05-07,2025-12-31,Standard Class,100223,United States,Dallas,Texas,75220,Chocolate,Interior,CHO-SCR-58000,Wonka Bar -Scrumdiddlyumptious,32.4,9,22.5,9.9,Lot's O' Nuts,238.0
8053,US-2024-100223-CHO-FUD-51000,2025-05-07,2025-12-31,Standard Class,100223,United States,Dallas,Texas,75220,Chocolate,Interior,CHO-FUD-51000,Wonka Bar - Fudge Mallows,3.6,1,2.4,1.2,Lot's O' Nuts,238.0
8054,US-2024-100223-CHO-TRI-54000,2025-05-07,2025-12-31,Standard Class,100223,United States,Dallas,Texas,75220,Chocolate,Interior,CHO-TRI-54000,Wonka Bar - Triple Dazzle Caramel,11.25,3,7.35,3.9,Wicked Choccy's,238.0
8055,US-2024-100223-CHO-FUD-51000,2025-05-07,2025-12-31,Standard Class,100223,United States,Dallas,Texas,75220,Chocolate,Interior,CHO-FUD-51000,Wonka Bar - Fudge Mallows,21.6,6,14.4,7.2,Lot's O' Nuts,238.0
8056,US-2024-104388-CHO-NUT-13000,2025-05-07,2025-12-28,First Class,104388,United States,Fremont,Nebraska,68025,Chocolate,Interior,CHO-NUT-13000,Wonka Bar - Nutty Crunch Surprise,13.96,4,9.96,4.0,Lot's O' Nuts,235.0
8057,US-2024-152492-CHO-NUT-13000,2025-06-07,2025-12-27,Same Day,152492,United States,Miami,Florida,33142,Chocolate,Gulf,CHO-NUT-13000,Wonka Bar - Nutty Crunch Surprise,3.49,1,2.49,1.0,Lot's O' Nuts,203.0
8058,US-2024-101784-CHO-TRI-54000,2025-06-07,2026-01-01,Standard Class,101784,United States,Los Angeles,California,90008,Chocolate,Pacific,CHO-TRI-54000,Wonka Bar - Triple Dazzle Caramel,11.25,3,7.35,3.9,Wicked Choccy's,208.0
8059,US-2024-124303-CHO-MIL-31000,2025-06-07,2026-01-03,Standard Class,124303,United States,Philadelphia,Pennsylvania,19120,Chocolate,Atlantic,CHO-MIL-31000,Wonka Bar - Milk Chocolate,6.5,2,4.22,2.28,Wicked Choccy's,210.0
8060,US-2024-124303-CHO-FUD-51000,2025-06-07,2026-01-03,Standard Class,124303,United States,Philadelphia,Pennsylvania,19120,Chocolate,Atlantic,CHO-FUD-51000,Wonka Bar - Fudge Mallows,10.8,3,7.2,3.6,Lot's O' Nuts,210.0
8061,US-2024-169551-CHO-TRI-54000,2025-07-07,2025-12-30,First Class,169551,United States,Philadelphia,Pennsylvania,19120,Chocolate,Atlantic,CHO-TRI-54000,Wonka Bar - Triple Dazzle Caramel,11.25,3,7.35,3.9,Wicked Choccy's,176.0
8062,US-2024-105053-CHO-TRI-54000,2025-07-07,2025-12-30,Second Class,105053,United States,Long Beach,New York,11561,Chocolate,Atlantic,CHO-TRI-54000,Wonka Bar - Triple Dazzle Caramel,11.25,3,7.35,3.9,Wicked Choccy's,176.0
8063,US-2024-106824-CHO-TRI-54000,2025-07-07,2026-01-01,Standard Class,106824,United States,Los Angeles,California,90049,Chocolate,Pacific,CHO-TRI-54000,Wonka Bar - Triple Dazzle Caramel,11.25,3,7.35,3.9,Wicked Choccy's,178.0
8064,US-2024-169551-CHO-NUT-13000,2025-07-07,2025-12-30,First Class,169551,United States,Philadelphia,Pennsylvania,19120,Chocolate,Atlantic,CHO-NUT-13000,Wonka Bar - Nutty Crunch Surprise,10.47,3,7.47,3.0,Lot's O' Nuts,176.0
8065,US-2024-169551-CHO-MIL-31000,2025-07-07,2025-12-30,First Class,169551,United States,Philadelphia,Pennsylvania,19120,Chocolate,Atlantic,CHO-MIL-31000,Wonka Bar - Milk Chocolate,9.75,3,6.33,3.42,Wicked Choccy's,176.0
8066,US-2024-169551-CHO-SCR-58000,2025-07-07,2025-12-30,First Class,169551,United States,Philadelphia,Pennsylvania,19120,Chocolate,Atlantic,CHO-SCR-58000,Wonka Bar -Scrumdiddlyumptious,10.8,3,7.5,3.3,Lot's O' Nuts,176.0
8067,US-2024-169551-CHO-TRI-54000,2025-07-07,2025-12-30,First Class,169551,United States,Philadelphia,Pennsylvania,19120,Chocolate,Atlantic,CHO-TRI-54000,Wonka Bar - Triple Dazzle Caramel,7.5,2,4.9,2.6,Wicked Choccy's,176.0
8068,US-2024-155152-CHO-MIL-31000,2025-07-07,2025-12-30,Second Class,155152,United States,Warwick,Rhode Island,2886,Chocolate,Atlantic,CHO-MIL-31000,Wonka Bar - Milk Chocolate,13.0,4,8.44,4.56,Wicked Choccy's,176.0
8069,US-2024-169551-CHO-TRI-54000,2025-07-07,2025-12-30,First Class,169551,United States,Philadelphia,Pennsylvania,19120,Chocolate,Atlantic,CHO-TRI-54000,Wonka Bar - Triple Dazzle Caramel,7.5,2,4.9,2.6,Wicked Choccy's,176.0
8070,US-2024-140480-CHO-NUT-13000,2025-08-07,2026-01-02,Standard Class,140480,United States,Newark,Delaware,19711,Chocolate,Atlantic,CHO-NUT-13000,Wonka Bar - Nutty Crunch Surprise,6.98,2,4.98,2.0,Lot's O' Nuts,148.0
8071,US-2024-133249-CHO-MIL-31000,2025-08-07,2026-01-01,First Class,133249,United States,Pico Rivera,California,90660,Chocolate,Pacific,CHO-MIL-31000,Wonka Bar - Milk Chocolate,16.25,5,10.55,5.7,Wicked Choccy's,147.0
8072,US-2024-108560-CHO-TRI-54000,2025-08-07,2026-01-05,Standard Class,108560,United States,Kent,Washington,98031,Chocolate,Pacific,CHO-TRI-54000,Wonka Bar - Triple Dazzle Caramel,7.5,2,4.9,2.6,Wicked Choccy's,151.0
8073,US-2024-138464-CHO-MIL-31000,2025-08-07,2026-01-02,Standard Class,138464,United States,Seattle,Washington,98115,Chocolate,Pacific,CHO-MIL-31000,Wonka Bar - Milk Chocolate,9.75,3,6.33,3.42,Wicked Choccy's,148.0
8074,US-2024-140480-CHO-FUD-51000,2025-08-07,2026-01-02,Standard Class,140480,United States,Newark,Delaware,19711,Chocolate,Atlantic,CHO-FUD-51000,Wonka Bar - Fudge Mallows,14.4,4,9.6,4.8,Lot's O' Nuts,148.0
8075,US-2024-134306-CHO-NUT-13000,2025-08-07,2026-01-02,Standard Class,134306,United States,Lowell,Massachusetts,1852,Chocolate,Atlantic,CHO-NUT-13000,Wonka Bar - Nutty Crunch Surprise,6.98,2,4.98,2.0,Lot's O' Nuts,148.0
8076,US-2024-140480-CHO-TRI-54000,2025-08-07,2026-01-02,Standard Class,140480,United States,Newark,Delaware,19711,Chocolate,Atlantic,CHO-TRI-54000,Wonka Bar - Triple Dazzle Caramel,26.25,7,17.15,9.1,Wicked Choccy's,148.0
8077,US-2024-138464-CHO-FUD-51000,2025-08-07,2026-01-02,Standard Class,138464,United States,Seattle,Washington,98115,Chocolate,Pacific,CHO-FUD-51000,Wonka Bar - Fudge Mallows,10.8,3,7.2,3.6,Lot's O' Nuts,148.0
8078,US-2024-140480-CHO-TRI-54000,2025-08-07,2026-01-02,Standard Class,140480,United States,Newark,Delaware,19711,Chocolate,Atlantic,CHO-TRI-54000,Wonka Bar - Triple Dazzle Caramel,18.75,5,12.25,6.5,Wicked Choccy's,148.0
8079,US-2024-134306-CHO-TRI-54000,2025-08-07,2026-01-02,Standard Class,134306,United States,Lowell,Massachusetts,1852,Chocolate,Atlantic,CHO-TRI-54000,Wonka Bar - Triple Dazzle Caramel,11.25,3,7.35,3.9,Wicked Choccy's,148.0
8080,US-2024-138464-CHO-TRI-54000,2025-08-07,2026-01-02,Standard Class,138464,United States,Seattle,Washington,98115,Chocolate,Pacific,CHO-TRI-54000,Wonka Bar - Triple Dazzle Caramel,15.0,4,9.8,5.2,Wicked Choccy's,148.0
8081,US-2024-108560-CHO-NUT-13000,2025-08-07,2026-01-05,Standard Class,108560,United States,Kent,Washington,98031,Chocolate,Pacific,CHO-NUT-13000,Wonka Bar - Nutty Crunch Surprise,6.98,2,4.98,2.0,Lot's O' Nuts,151.0
8082,US-2024-138464-CHO-NUT-13000,2025-08-07,2026-01-02,Standard Class,138464,United States,Seattle,Washington,98115,Chocolate,Pacific,CHO-NUT-13000,Wonka Bar - Nutty Crunch Surprise,10.47,3,7.47,3.0,Lot's O' Nuts,148.0
8083,US-2024-150189-CHO-SCR-58000,2025-08-07,2025-12-31,First Class,150189,United States,San Mateo,California,94403,Chocolate,Pacific,CHO-SCR-58000,Wonka Bar -Scrumdiddlyumptious,21.6,6,15.0,6.6,Lot's O' Nuts,146.0
8084,US-2024-108560-CHO-FUD-51000,2025-08-07,2026-01-05,Standard Class,108560,United States,Kent,Washington,98031,Chocolate,Pacific,CHO-FUD-51000,Wonka Bar - Fudge Mallows,28.8,8,19.2,9.6,Lot's O' Nuts,151.0
8085,US-2024-134306-CHO-MIL-31000,2025-08-07,2026-01-02,Standard Class,134306,United States,Lowell,Massachusetts,1852,Chocolate,Atlantic,CHO-MIL-31000,Wonka Bar - Milk Chocolate,6.5,2,4.22,2.28,Wicked Choccy's,148.0
8086,US-2024-111759-CHO-FUD-51000,2025-08-07,2026-01-02,Standard Class,111759,United States,Seattle,Washington,98103,Chocolate,Pacific,CHO-FUD-51000,Wonka Bar - Fudge Mallows,7.2,2,4.8,2.4,Lot's O' Nuts,148.0
8087,US-2024-140480-CHO-FUD-51000,2025-08-07,2026-01-02,Standard Class,140480,United States,Newark,Delaware,19711,Chocolate,Atlantic,CHO-FUD-51000,Wonka Bar - Fudge Mallows,18.0,5,12.0,6.0,Lot's O' Nuts,148.0
8088,US-2024-108560-CHO-SCR-58000,2025-08-07,2026-01-05,Standard Class,108560,United States,Kent,Washington,98031,Chocolate,Pacific,CHO-SCR-58000,Wonka Bar -Scrumdiddlyumptious,7.2,2,5.0,2.2,Lot's O' Nuts,151.0
8089,CA-2024-112109-CHO-MIL-31000,2025-08-07,2026-01-02,Standard Class,112109,Canada,Winnipeg,Manitoba,R0H,Chocolate,Interior,CHO-MIL-31000,Wonka Bar - Milk Chocolate,9.75,3,6.33,3.42,Wicked Choccy's,148.0
8090,CA-2024-112109-CHO-TRI-54000,2025-08-07,2026-01-02,Standard Class,112109,Canada,Winnipeg,Manitoba,R0H,Chocolate,Interior,CHO-TRI-54000,Wonka Bar - Triple Dazzle Caramel,15.0,4,9.8,5.2,Wicked Choccy's,148.0
8091,CA-2024-112109-CHO-MIL-31000,2025-08-07,2026-01-02,Standard Class,112109,Canada,Winnipeg,Manitoba,R0H,Chocolate,Interior,CHO-MIL-31000,Wonka Bar - Milk Chocolate,6.5,2,4.22,2.28,Wicked Choccy's,148.0
8092,CA-2024-112109-CHO-MIL-31000,2025-08-07,2026-01-02,Standard Class,112109,Canada,Winnipeg,Manitoba,R0H,Chocolate,Interior,CHO-MIL-31000,Wonka Bar - Milk Chocolate,22.75,7,14.77,7.98,Wicked Choccy's,148.0
8093,US-2024-145128-CHO-TRI-54000,2025-09-07,2026-01-04,Standard Class,145128,United States,Lafayette,Indiana,47905,Chocolate,Interior,CHO-TRI-54000,Wonka Bar - Triple Dazzle Caramel,18.75,5,12.25,6.5,Wicked Choccy's,119.0
8094,US-2024-115651-CHO-NUT-13000,2025-09-07,2026-01-02,First Class,115651,United States,Chicago,Illinois,60610,Chocolate,Interior,CHO-NUT-13000,Wonka Bar - Nutty Crunch Surprise,31.41,9,22.41,9.0,Lot's O' Nuts,117.0
8095,US-2024-115651-OTH-GUM-21000,2025-09-07,2026-01-02,First Class,115651,United States,Chicago,Illinois,60610,Other,Interior,OTH-GUM-21000,Wonka Gum,6.25,5,3.25,3.0,Secret Factory,117.0
8096,US-2024-121083-CHO-NUT-13000,2025-09-07,2026-01-05,Standard Class,121083,United States,Manchester,Connecticut,6040,Chocolate,Atlantic,CHO-NUT-13000,Wonka Bar - Nutty Crunch Surprise,20.94,6,14.94,6.0,Lot's O' Nuts,120.0
8097,US-2024-100209-CHO-TRI-54000,2025-09-07,2026-01-05,Standard Class,100209,United States,Portland,Oregon,97206,Chocolate,Pacific,CHO-TRI-54000,Wonka Bar - Triple Dazzle Caramel,7.5,2,4.9,2.6,Wicked Choccy's,120.0
8098,US-2024-121083-CHO-SCR-58000,2025-09-07,2026-01-05,Standard Class,121083,United States,Manchester,Connecticut,6040,Chocolate,Atlantic,CHO-SCR-58000,Wonka Bar -Scrumdiddlyumptious,18.0,5,12.5,5.5,Lot's O' Nuts,120.0
8099,US-2024-121083-CHO-SCR-58000,2025-09-07,2026-01-05,Standard Class,121083,United States,Manchester,Connecticut,6040,Chocolate,Atlantic,CHO-SCR-58000,Wonka Bar -Scrumdiddlyumptious,14.4,4,10.0,4.4,Lot's O' Nuts,120.0
8100,US-2024-132122-CHO-SCR-58000,2025-09-07,2026-01-04,Standard Class,132122,United States,Chicago,Illinois,60610,Chocolate,Interior,CHO-SCR-58000,Wonka Bar -Scrumdiddlyumptious,18.0,5,12.5,5.5,Lot's O' Nuts,119.0
8101,US-2024-121083-CHO-TRI-54000,2025-09-07,2026-01-05,Standard Class,121083,United States,Manchester,Connecticut,6040,Chocolate,Atlantic,CHO-TRI-54000,Wonka Bar - Triple Dazzle Caramel,7.5,2,4.9,2.6,Wicked Choccy's,120.0
8102,US-2024-128629-CHO-MIL-31000,2025-10-07,2026-01-04,Second Class,128629,United States,Columbus,Georgia,31907,Chocolate,Gulf,CHO-MIL-31000,Wonka Bar - Milk Chocolate,9.75,3,6.33,3.42,Wicked Choccy's,89.0
8103,US-2024-169012-CHO-NUT-13000,2025-10-07,2026-01-04,Standard Class,169012,United States,Columbus,Georgia,31907,Chocolate,Gulf,CHO-NUT-13000,Wonka Bar - Nutty Crunch Surprise,10.47,3,7.47,3.0,Lot's O' Nuts,89.0
8104,US-2024-127460-CHO-TRI-54000,2025-10-07,2026-01-04,Standard Class,127460,United States,Aurora,Illinois,60505,Chocolate,Interior,CHO-TRI-54000,Wonka Bar - Triple Dazzle Caramel,22.5,6,14.7,7.8,Wicked Choccy's,89.0
8105,US-2024-162015-CHO-FUD-51000,2025-11-07,2026-01-08,Standard Class,162015,United States,Los Angeles,California,90049,Chocolate,Pacific,CHO-FUD-51000,Wonka Bar - Fudge Mallows,18.0,5,12.0,6.0,Lot's O' Nuts,62.0
8106,US-2024-127656-CHO-MIL-31000,2025-11-07,2026-01-07,Standard Class,127656,United States,Waterloo,Iowa,50701,Chocolate,Interior,CHO-MIL-31000,Wonka Bar - Milk Chocolate,13.0,4,8.44,4.56,Wicked Choccy's,61.0
8107,US-2024-136623-CHO-TRI-54000,2025-11-07,2026-01-06,Standard Class,136623,United States,San Diego,California,92105,Chocolate,Pacific,CHO-TRI-54000,Wonka Bar - Triple Dazzle Caramel,18.75,5,12.25,6.5,Wicked Choccy's,60.0
8108,US-2024-164959-OTH-GUM-21000,2025-11-07,2026-01-05,Standard Class,164959,United States,Los Angeles,California,90004,Other,Pacific,OTH-GUM-21000,Wonka Gum,3.75,3,1.95,1.8,Secret Factory,59.0
8109,US-2024-156818-CHO-MIL-31000,2025-11-07,2026-01-03,Second Class,156818,United States,New York City,New York,10009,Chocolate,Atlantic,CHO-MIL-31000,Wonka Bar - Milk Chocolate,19.5,6,12.66,6.84,Wicked Choccy's,57.0
8110,US-2024-162015-CHO-FUD-51000,2025-11-07,2026-01-08,Standard Class,162015,United States,Los Angeles,California,90049,Chocolate,Pacific,CHO-FUD-51000,Wonka Bar - Fudge Mallows,18.0,5,12.0,6.0,Lot's O' Nuts,62.0
8111,US-2024-136623-CHO-NUT-13000,2025-11-07,2026-01-06,Standard Class,136623,United States,San Diego,California,92105,Chocolate,Pacific,CHO-NUT-13000,Wonka Bar - Nutty Crunch Surprise,20.94,6,14.94,6.0,Lot's O' Nuts,60.0
8112,US-2024-106047-CHO-SCR-58000,2025-12-07,2026-01-08,Standard Class,106047,United States,Fairfield,Ohio,45014,Chocolate,Atlantic,CHO-SCR-58000,Wonka Bar -Scrumdiddlyumptious,3.6,1,2.5,1.1,Lot's O' Nuts,32.0
8256,US-2024-124576-CHO-SCR-58000,2025-01-08,2025-01-25,Second Class,124576,United States,Salinas,California,93905,Chocolate,Pacific,CHO-SCR-58000,Wonka Bar -Scrumdiddlyumptious,7.2,2,5.0,2.2,Lot's O' Nuts,17.0
8257,US-2024-162691-CHO-MIL-31000,2025-01-08,2025-01-28,Standard Class,162691,United States,Austin,Texas,78745,Chocolate,Interior,CHO-MIL-31000,Wonka Bar - Milk Chocolate,22.75,7,14.77,7.98,Wicked Choccy's,20.0
8258,US-2024-168942-CHO-TRI-54000,2025-01-08,2025-01-26,Second Class,168942,United States,San Francisco,California,94109,Chocolate,Pacific,CHO-TRI-54000,Wonka Bar - Triple Dazzle Caramel,11.25,3,7.35,3.9,Wicked Choccy's,18.0
8259,US-2024-162691-CHO-TRI-54000,2025-01-08,2025-01-28,Standard Class,162691,United States,Austin,Texas,78745,Chocolate,Interior,CHO-TRI-54000,Wonka Bar - Triple Dazzle Caramel,11.25,3,7.35,3.9,Wicked Choccy's,20.0
8260,US-2024-133235-CHO-FUD-51000,2025-01-08,2025-01-25,First Class,133235,United States,Charlotte,North Carolina,28205,Chocolate,Gulf,CHO-FUD-51000,Wonka Bar - Fudge Mallows,18.0,5,12.0,6.0,Lot's O' Nuts,17.0
8261,US-2024-135034-CHO-NUT-13000,2025-01-08,2025-01-24,First Class,135034,United States,Chicago,Illinois,60653,Chocolate,Interior,CHO-NUT-13000,Wonka Bar - Nutty Crunch Surprise,6.98,2,4.98,2.0,Lot's O' Nuts,16.0
8262,US-2024-165386-CHO-MIL-31000,2025-03-08,2026-01-25,First Class,165386,United States,Chicago,Illinois,60623,Chocolate,Interior,CHO-MIL-31000,Wonka Bar - Milk Chocolate,6.5,2,4.22,2.28,Wicked Choccy's,323.0
8263,US-2024-168396-CHO-FUD-51000,2025-03-08,2026-01-29,Second Class,168396,United States,San Francisco,California,94122,Chocolate,Pacific,CHO-FUD-51000,Wonka Bar - Fudge Mallows,10.8,3,7.2,3.6,Lot's O' Nuts,327.0
8264,US-2024-168396-CHO-TRI-54000,2025-03-08,2026-01-29,Second Class,168396,United States,San Francisco,California,94122,Chocolate,Pacific,CHO-TRI-54000,Wonka Bar - Triple Dazzle Caramel,18.75,5,12.25,6.5,Wicked Choccy's,327.0
8265,US-2024-163566-CHO-TRI-54000,2025-03-08,2026-01-27,First Class,163566,United States,Fairfield,Ohio,45014,Chocolate,Atlantic,CHO-TRI-54000,Wonka Bar - Triple Dazzle Caramel,18.75,5,12.25,6.5,Wicked Choccy's,325.0
8266,US-2024-143175-CHO-MIL-31000,2025-03-08,2026-01-27,Second Class,143175,United States,Los Angeles,California,90004,Chocolate,Pacific,CHO-MIL-31000,Wonka Bar - Milk Chocolate,9.75,3,6.33,3.42,Wicked Choccy's,325.0
8267,US-2024-141747-CHO-SCR-58000,2025-03-08,2026-01-29,Second Class,141747,United States,Seattle,Washington,98105,Chocolate,Pacific,CHO-SCR-58000,Wonka Bar -Scrumdiddlyumptious,3.6,1,2.5,1.1,Lot's O' Nuts,327.0
8268,US-2024-140781-CHO-MIL-31000,2025-03-08,2026-01-28,Standard Class,140781,United States,Bloomington,Illinois,61701,Chocolate,Interior,CHO-MIL-31000,Wonka Bar - Milk Chocolate,9.75,3,6.33,3.42,Wicked Choccy's,326.0
8269,US-2024-146367-CHO-NUT-13000,2025-04-08,2026-01-29,Standard Class,146367,United States,Carrollton,Texas,75007,Chocolate,Interior,CHO-NUT-13000,Wonka Bar - Nutty Crunch Surprise,10.47,3,7.47,3.0,Lot's O' Nuts,296.0
8270,US-2024-132738-CHO-TRI-54000,2025-04-08,2026-01-28,First Class,132738,United States,Loveland,Colorado,80538,Chocolate,Pacific,CHO-TRI-54000,Wonka Bar - Triple Dazzle Caramel,3.75,1,2.45,1.3,Wicked Choccy's,295.0
8271,US-2024-132738-OTH-GUM-21000,2025-04-08,2026-01-28,First Class,132738,United States,Loveland,Colorado,80538,Other,Pacific,OTH-GUM-21000,Wonka Gum,2.5,2,1.3,1.2,Secret Factory,295.0
8272,US-2024-128328-CHO-FUD-51000,2025-05-08,2026-01-30,Standard Class,128328,United States,Indianapolis,Indiana,46203,Chocolate,Interior,CHO-FUD-51000,Wonka Bar - Fudge Mallows,21.6,6,14.4,7.2,Lot's O' Nuts,267.0
8273,US-2024-128328-CHO-MIL-31000,2025-05-08,2026-01-30,Standard Class,128328,United States,Indianapolis,Indiana,46203,Chocolate,Interior,CHO-MIL-31000,Wonka Bar - Milk Chocolate,29.25,9,18.99,10.26,Wicked Choccy's,267.0
8274,US-2024-117695-CHO-TRI-54000,2025-05-08,2026-01-29,First Class,117695,United States,Richmond,Kentucky,40475,Chocolate,Gulf,CHO-TRI-54000,Wonka Bar - Triple Dazzle Caramel,7.5,2,4.9,2.6,Wicked Choccy's,266.0
8275,US-2024-154676-CHO-MIL-31000,2025-05-08,2026-01-29,First Class,154676,United States,Houston,Texas,77070,Chocolate,Interior,CHO-MIL-31000,Wonka Bar - Milk Chocolate,29.25,9,18.99,10.26,Wicked Choccy's,266.0
8276,US-2024-128328-CHO-SCR-58000,2025-05-08,2026-01-30,Standard Class,128328,United States,Indianapolis,Indiana,46203,Chocolate,Interior,CHO-SCR-58000,Wonka Bar -Scrumdiddlyumptious,7.2,2,5.0,2.2,Lot's O' Nuts,267.0
8277,US-2024-161200-CHO-MIL-31000,2025-06-08,2026-01-31,Second Class,161200,United States,Lafayette,Louisiana,70506,Chocolate,Gulf,CHO-MIL-31000,Wonka Bar - Milk Chocolate,9.75,3,6.33,3.42,Wicked Choccy's,237.0
8278,US-2024-161200-CHO-FUD-51000,2025-06-08,2026-01-31,Second Class,161200,United States,Lafayette,Louisiana,70506,Chocolate,Gulf,CHO-FUD-51000,Wonka Bar - Fudge Mallows,18.0,5,12.0,6.0,Lot's O' Nuts,237.0
8279,US-2024-151981-CHO-MIL-31000,2025-06-08,2026-02-02,Standard Class,151981,United States,Concord,New Hampshire,3301,Chocolate,Atlantic,CHO-MIL-31000,Wonka Bar - Milk Chocolate,19.5,6,12.66,6.84,Wicked Choccy's,239.0
8280,US-2024-151981-CHO-MIL-31000,2025-06-08,2026-02-02,Standard Class,151981,United States,Concord,New Hampshire,3301,Chocolate,Atlantic,CHO-MIL-31000,Wonka Bar - Milk Chocolate,26.0,8,16.88,9.12,Wicked Choccy's,239.0
8281,US-2024-136609-CHO-NUT-13000,2025-06-08,2026-02-01,Standard Class,136609,United States,Cedar Hill,Texas,75104,Chocolate,Interior,CHO-NUT-13000,Wonka Bar - Nutty Crunch Surprise,10.47,3,7.47,3.0,Lot's O' Nuts,238.0
8282,US-2024-168172-CHO-SCR-58000,2025-06-08,2026-01-31,Standard Class,168172,United States,New York City,New York,10011,Chocolate,Atlantic,CHO-SCR-58000,Wonka Bar -Scrumdiddlyumptious,14.4,4,10.0,4.4,Lot's O' Nuts,237.0
8283,US-2024-151981-OTH-GUM-21000,2025-06-08,2026-02-02,Standard Class,151981,United States,Concord,New Hampshire,3301,Other,Atlantic,OTH-GUM-21000,Wonka Gum,6.25,5,3.25,3.0,Secret Factory,239.0
8284,US-2024-156776-CHO-NUT-13000,2025-07-08,2026-02-01,Standard Class,156776,United States,Westminster,California,92683,Chocolate,Pacific,CHO-NUT-13000,Wonka Bar - Nutty Crunch Surprise,3.49,1,2.49,1.0,Lot's O' Nuts,208.0
8285,US-2024-156776-CHO-FUD-51000,2025-07-08,2026-02-01,Standard Class,156776,United States,Westminster,California,92683,Chocolate,Pacific,CHO-FUD-51000,Wonka Bar - Fudge Mallows,3.6,1,2.4,1.2,Lot's O' Nuts,208.0
8286,US-2024-156776-CHO-NUT-13000,2025-07-08,2026-02-01,Standard Class,156776,United States,Westminster,California,92683,Chocolate,Pacific,CHO-NUT-13000,Wonka Bar - Nutty Crunch Surprise,17.45,5,12.45,5.0,Lot's O' Nuts,208.0
8287,US-2024-117023-CHO-NUT-13000,2025-07-08,2026-02-02,Standard Class,117023,United States,Long Beach,New York,11561,Chocolate,Atlantic,CHO-NUT-13000,Wonka Bar - Nutty Crunch Surprise,6.98,2,4.98,2.0,Lot's O' Nuts,209.0
8288,US-2024-117023-CHO-SCR-58000,2025-07-08,2026-02-02,Standard Class,117023,United States,Long Beach,New York,11561,Chocolate,Atlantic,CHO-SCR-58000,Wonka Bar -Scrumdiddlyumptious,36.0,10,25.0,11.0,Lot's O' Nuts,209.0
8289,US-2024-156776-CHO-NUT-13000,2025-07-08,2026-02-01,Standard Class,156776,United States,Westminster,California,92683,Chocolate,Pacific,CHO-NUT-13000,Wonka Bar - Nutty Crunch Surprise,10.47,3,7.47,3.0,Lot's O' Nuts,208.0
8290,US-2024-155999-CHO-TRI-54000,2025-07-08,2026-02-03,Standard Class,155999,United States,San Diego,California,92105,Chocolate,Pacific,CHO-TRI-54000,Wonka Bar - Triple Dazzle Caramel,7.5,2,4.9,2.6,Wicked Choccy's,210.0
8291,US-2024-156776-CHO-FUD-51000,2025-07-08,2026-02-01,Standard Class,156776,United States,Westminster,California,92683,Chocolate,Pacific,CHO-FUD-51000,Wonka Bar - Fudge Mallows,10.8,3,7.2,3.6,Lot's O' Nuts,208.0
8292,US-2024-115175-CHO-TRI-54000,2025-07-08,2026-02-02,Standard Class,115175,United States,San Jose,California,95123,Chocolate,Pacific,CHO-TRI-54000,Wonka Bar - Triple Dazzle Caramel,18.75,5,12.25,6.5,Wicked Choccy's,209.0
8293,US-2024-156776-CHO-NUT-13000,2025-07-08,2026-02-01,Standard Class,156776,United States,Westminster,California,92683,Chocolate,Pacific,CHO-NUT-13000,Wonka Bar - Nutty Crunch Surprise,6.98,2,4.98,2.0,Lot's O' Nuts,208.0
8294,US-2024-110821-CHO-MIL-31000,2025-07-08,2026-01-29,First Class,110821,United States,Dallas,Texas,75081,Chocolate,Interior,CHO-MIL-31000,Wonka Bar - Milk Chocolate,6.5,2,4.22,2.28,Wicked Choccy's,205.0
8295,US-2024-110821-CHO-SCR-58000,2025-07-08,2026-01-29,First Class,110821,United States,Dallas,Texas,75081,Chocolate,Interior,CHO-SCR-58000,Wonka Bar -Scrumdiddlyumptious,10.8,3,7.5,3.3,Lot's O' Nuts,205.0
8296,US-2024-158344-CHO-MIL-31000,2025-07-08,2026-02-01,Standard Class,158344,United States,Moorhead,Minnesota,56560,Chocolate,Interior,CHO-MIL-31000,Wonka Bar - Milk Chocolate,13.0,4,8.44,4.56,Wicked Choccy's,208.0
8297,US-2024-163321-CHO-NUT-13000,2025-07-08,2026-02-01,Second Class,163321,United States,Jacksonville,North Carolina,28540,Chocolate,Gulf,CHO-NUT-13000,Wonka Bar - Nutty Crunch Surprise,3.49,1,2.49,1.0,Lot's O' Nuts,208.0
8298,US-2024-156776-CHO-TRI-54000,2025-07-08,2026-02-01,Standard Class,156776,United States,Westminster,California,92683,Chocolate,Pacific,CHO-TRI-54000,Wonka Bar - Triple Dazzle Caramel,15.0,4,9.8,5.2,Wicked Choccy's,208.0
8299,US-2024-155999-CHO-FUD-51000,2025-07-08,2026-02-03,Standard Class,155999,United States,San Diego,California,92105,Chocolate,Pacific,CHO-FUD-51000,Wonka Bar - Fudge Mallows,18.0,5,12.0,6.0,Lot's O' Nuts,210.0
8300,US-2024-156776-CHO-MIL-31000,2025-07-08,2026-02-01,Standard Class,156776,United States,Westminster,California,92683,Chocolate,Pacific,CHO-MIL-31000,Wonka Bar - Milk Chocolate,9.75,3,6.33,3.42,Wicked Choccy's,208.0
8301,CA-2024-129322-CHO-FUD-51000,2025-08-08,2026-01-31,Second Class,129322,Canada,Toronto,Ontario,M5H,Chocolate,Atlantic,CHO-FUD-51000,Wonka Bar - Fudge Mallows,7.2,2,4.8,2.4,Lot's O' Nuts,176.0
8302,CA-2024-129322-CHO-SCR-58000,2025-08-08,2026-01-31,Second Class,129322,Canada,Toronto,Ontario,M5H,Chocolate,Atlantic,CHO-SCR-58000,Wonka Bar -Scrumdiddlyumptious,7.2,2,5.0,2.2,Lot's O' Nuts,176.0
8303,CA-2024-129322-CHO-TRI-54000,2025-08-08,2026-01-31,Second Class,129322,Canada,Toronto,Ontario,M5H,Chocolate,Atlantic,CHO-TRI-54000,Wonka Bar - Triple Dazzle Caramel,26.25,7,17.15,9.1,Wicked Choccy's,176.0
8304,US-2024-143063-CHO-NUT-13000,2025-10-08,2026-02-05,Standard Class,143063,United States,Columbus,Indiana,47201,Chocolate,Interior,CHO-NUT-13000,Wonka Bar - Nutty Crunch Surprise,6.98,2,4.98,2.0,Lot's O' Nuts,120.0
8305,US-2024-143063-CHO-SCR-58000,2025-10-08,2026-02-05,Standard Class,143063,United States,Columbus,Indiana,47201,Chocolate,Interior,CHO-SCR-58000,Wonka Bar -Scrumdiddlyumptious,21.6,6,15.0,6.6,Lot's O' Nuts,120.0
8306,US-2024-145443-CHO-SCR-58000,2025-10-08,2026-02-05,Second Class,145443,United States,Richmond,Indiana,47374,Chocolate,Interior,CHO-SCR-58000,Wonka Bar -Scrumdiddlyumptious,18.0,5,12.5,5.5,Lot's O' Nuts,120.0
8307,US-2024-143063-CHO-MIL-31000,2025-10-08,2026-02-05,Standard Class,143063,United States,Columbus,Indiana,47201,Chocolate,Interior,CHO-MIL-31000,Wonka Bar - Milk Chocolate,29.25,9,18.99,10.26,Wicked Choccy's,120.0
8308,US-2024-139311-CHO-NUT-13000,2025-11-08,2026-02-03,First Class,139311,United States,Bedford,Texas,76021,Chocolate,Interior,CHO-NUT-13000,Wonka Bar - Nutty Crunch Surprise,24.43,7,17.43,7.0,Lot's O' Nuts,87.0
8309,US-2024-160899-CHO-MIL-31000,2025-11-08,2026-02-03,Second Class,160899,United States,Lake Charles,Louisiana,70601,Chocolate,Gulf,CHO-MIL-31000,Wonka Bar - Milk Chocolate,35.75,11,23.21,12.54,Wicked Choccy's,87.0
8310,US-2024-139311-CHO-NUT-13000,2025-11-08,2026-02-03,First Class,139311,United States,Bedford,Texas,76021,Chocolate,Interior,CHO-NUT-13000,Wonka Bar - Nutty Crunch Surprise,27.92,8,19.92,8.0,Lot's O' Nuts,87.0
8311,US-2024-139311-CHO-MIL-31000,2025-11-08,2026-02-03,First Class,139311,United States,Bedford,Texas,76021,Chocolate,Interior,CHO-MIL-31000,Wonka Bar - Milk Chocolate,13.0,4,8.44,4.56,Wicked Choccy's,87.0
8312,US-2024-100433-CHO-MIL-31000,2025-11-08,2026-02-06,Standard Class,100433,United States,New York City,New York,10009,Chocolate,Atlantic,CHO-MIL-31000,Wonka Bar - Milk Chocolate,13.0,4,8.44,4.56,Wicked Choccy's,90.0
8313,US-2024-139311-CHO-MIL-31000,2025-11-08,2026-02-03,First Class,139311,United States,Bedford,Texas,76021,Chocolate,Interior,CHO-MIL-31000,Wonka Bar - Milk Chocolate,6.5,2,4.22,2.28,Wicked Choccy's,87.0
8314,US-2024-118941-CHO-TRI-54000,2025-12-08,2026-02-02,Same Day,118941,United States,Columbia,Maryland,21044,Chocolate,Atlantic,CHO-TRI-54000,Wonka Bar - Triple Dazzle Caramel,18.75,5,12.25,6.5,Wicked Choccy's,56.0
8315,US-2024-158169-CHO-TRI-54000,2025-12-08,2026-02-05,First Class,158169,United States,Lake Forest,California,92630,Chocolate,Pacific,CHO-TRI-54000,Wonka Bar - Triple Dazzle Caramel,15.0,4,9.8,5.2,Wicked Choccy's,59.0
8316,US-2024-158169-CHO-NUT-13000,2025-12-08,2026-02-05,First Class,158169,United States,Lake Forest,California,92630,Chocolate,Pacific,CHO-NUT-13000,Wonka Bar - Nutty Crunch Surprise,10.47,3,7.47,3.0,Lot's O' Nuts,59.0
8317,US-2024-118941-CHO-SCR-58000,2025-12-08,2026-02-02,Same Day,118941,United States,Columbia,Maryland,21044,Chocolate,Atlantic,CHO-SCR-58000,Wonka Bar -Scrumdiddlyumptious,18.0,5,12.5,5.5,Lot's O' Nuts,56.0
8318,US-2024-118941-CHO-TRI-54000,2025-12-08,2026-02-02,Same Day,118941,United States,Columbia,Maryland,21044,Chocolate,Atlantic,CHO-TRI-54000,Wonka Bar - Triple Dazzle Caramel,11.25,3,7.35,3.9,Wicked Choccy's,56.0
8319,US-2024-152310-CHO-SCR-58000,2025-12-08,2026-02-09,Standard Class,152310,United States,Seattle,Washington,98103,Chocolate,Pacific,CHO-SCR-58000,Wonka Bar -Scrumdiddlyumptious,21.6,6,15.0,6.6,Lot's O' Nuts,63.0
8320,US-2024-106537-CHO-FUD-51000,2025-12-08,2026-02-07,Standard Class,106537,United States,Orlando,Florida,32839,Chocolate,Gulf,CHO-FUD-51000,Wonka Bar - Fudge Mallows,14.4,4,9.6,4.8,Lot's O' Nuts,61.0
8321,US-2024-152310-CHO-SCR-58000,2025-12-08,2026-02-09,Standard Class,152310,United States,Seattle,Washington,98103,Chocolate,Pacific,CHO-SCR-58000,Wonka Bar -Scrumdiddlyumptious,14.4,4,10.0,4.4,Lot's O' Nuts,63.0
8322,US-2024-152310-CHO-TRI-54000,2025-12-08,2026-02-09,Standard Class,152310,United States,Seattle,Washington,98103,Chocolate,Pacific,CHO-TRI-54000,Wonka Bar - Triple Dazzle Caramel,11.25,3,7.35,3.9,Wicked Choccy's,63.0
8323,US-2024-152310-CHO-TRI-54000,2025-12-08,2026-02-09,Standard Class,152310,United States,Seattle,Washington,98103,Chocolate,Pacific,CHO-TRI-54000,Wonka Bar - Triple Dazzle Caramel,18.75,5,12.25,6.5,Wicked Choccy's,63.0
8324,US-2024-152310-CHO-MIL-31000,2025-12-08,2026-02-09,Standard Class,152310,United States,Seattle,Washington,98103,Chocolate,Pacific,CHO-MIL-31000,Wonka Bar - Milk Chocolate,3.25,1,2.11,1.14,Wicked Choccy's,63.0
8325,US-2024-152310-CHO-MIL-31000,2025-12-08,2026-02-09,Standard Class,152310,United States,Seattle,Washington,98103,Chocolate,Pacific,CHO-MIL-31000,Wonka Bar - Milk Chocolate,26.0,8,16.88,9.12,Wicked Choccy's,63.0
8479,US-2024-145653-CHO-NUT-13000,2025-01-09,2025-02-22,Same Day,145653,United States,Detroit,Michigan,48205,Chocolate,Interior,CHO-NUT-13000,Wonka Bar - Nutty Crunch Surprise,24.43,7,17.43,7.0,Lot's O' Nuts,44.0
8480,US-2024-131625-CHO-NUT-13000,2025-01-09,2025-02-26,Second Class,131625,United States,New York City,New York,10009,Chocolate,Atlantic,CHO-NUT-13000,Wonka Bar - Nutty Crunch Surprise,17.45,5,12.45,5.0,Lot's O' Nuts,48.0
8481,US-2024-128041-CHO-SCR-58000,2025-01-09,2025-02-22,Same Day,128041,United States,Seattle,Washington,98103,Chocolate,Pacific,CHO-SCR-58000,Wonka Bar -Scrumdiddlyumptious,14.4,4,10.0,4.4,Lot's O' Nuts,44.0
8482,US-2024-128041-CHO-TRI-54000,2025-01-09,2025-02-22,Same Day,128041,United States,Seattle,Washington,98103,Chocolate,Pacific,CHO-TRI-54000,Wonka Bar - Triple Dazzle Caramel,15.0,4,9.8,5.2,Wicked Choccy's,44.0
8483,US-2024-135230-CHO-MIL-31000,2025-01-09,2025-02-28,Standard Class,135230,United States,Seattle,Washington,98103,Chocolate,Pacific,CHO-MIL-31000,Wonka Bar - Milk Chocolate,3.25,1,2.11,1.14,Wicked Choccy's,50.0
8484,US-2024-107909-CHO-SCR-58000,2025-01-09,2025-02-27,Standard Class,107909,United States,Redmond,Washington,98052,Chocolate,Pacific,CHO-SCR-58000,Wonka Bar -Scrumdiddlyumptious,18.0,5,12.5,5.5,Lot's O' Nuts,49.0
8485,US-2024-107909-CHO-NUT-13000,2025-01-09,2025-02-27,Standard Class,107909,United States,Redmond,Washington,98052,Chocolate,Pacific,CHO-NUT-13000,Wonka Bar - Nutty Crunch Surprise,3.49,1,2.49,1.0,Lot's O' Nuts,49.0
8486,US-2024-111388-CHO-FUD-51000,2025-02-09,2025-02-23,Same Day,111388,United States,Seattle,Washington,98103,Chocolate,Pacific,CHO-FUD-51000,Wonka Bar - Fudge Mallows,10.8,3,7.2,3.6,Lot's O' Nuts,14.0
8487,US-2024-157987-CHO-FUD-51000,2025-02-09,2025-02-27,Standard Class,157987,United States,New York City,New York,10009,Chocolate,Atlantic,CHO-FUD-51000,Wonka Bar - Fudge Mallows,18.0,5,12.0,6.0,Lot's O' Nuts,18.0
8488,US-2024-157987-CHO-NUT-13000,2025-02-09,2025-02-27,Standard Class,157987,United States,New York City,New York,10009,Chocolate,Atlantic,CHO-NUT-13000,Wonka Bar - Nutty Crunch Surprise,6.98,2,4.98,2.0,Lot's O' Nuts,18.0
8489,US-2024-114552-CHO-TRI-54000,2025-02-09,2025-03-01,Standard Class,114552,United States,Cleveland,Ohio,44105,Chocolate,Atlantic,CHO-TRI-54000,Wonka Bar - Triple Dazzle Caramel,11.25,3,7.35,3.9,Wicked Choccy's,20.0
8490,US-2024-169327-CHO-FUD-51000,2025-02-09,2025-02-25,Second Class,169327,United States,Los Angeles,California,90008,Chocolate,Pacific,CHO-FUD-51000,Wonka Bar - Fudge Mallows,18.0,5,12.0,6.0,Lot's O' Nuts,16.0
8491,US-2024-157987-CHO-MIL-31000,2025-02-09,2025-02-27,Standard Class,157987,United States,New York City,New York,10009,Chocolate,Atlantic,CHO-MIL-31000,Wonka Bar - Milk Chocolate,3.25,1,2.11,1.14,Wicked Choccy's,18.0
8492,US-2024-163657-CHO-SCR-58000,2025-02-09,2025-02-27,Standard Class,163657,United States,Los Angeles,California,90049,Chocolate,Pacific,CHO-SCR-58000,Wonka Bar -Scrumdiddlyumptious,7.2,2,5.0,2.2,Lot's O' Nuts,18.0
8493,US-2024-157987-CHO-NUT-13000,2025-02-09,2025-02-27,Standard Class,157987,United States,New York City,New York,10009,Chocolate,Atlantic,CHO-NUT-13000,Wonka Bar - Nutty Crunch Surprise,3.49,1,2.49,1.0,Lot's O' Nuts,18.0
8494,US-2024-169327-CHO-NUT-13000,2025-02-09,2025-02-25,Second Class,169327,United States,Los Angeles,California,90008,Chocolate,Pacific,CHO-NUT-13000,Wonka Bar - Nutty Crunch Surprise,17.45,5,12.45,5.0,Lot's O' Nuts,16.0
8495,US-2024-111220-CHO-NUT-13000,2025-02-09,2025-03-01,Standard Class,111220,United States,Chicago,Illinois,60653,Chocolate,Interior,CHO-NUT-13000,Wonka Bar - Nutty Crunch Surprise,6.98,2,4.98,2.0,Lot's O' Nuts,20.0
8496,US-2024-110380-CHO-SCR-58000,2025-02-09,2025-02-28,Standard Class,110380,United States,San Francisco,California,94122,Chocolate,Pacific,CHO-SCR-58000,Wonka Bar -Scrumdiddlyumptious,10.8,3,7.5,3.3,Lot's O' Nuts,19.0
8497,US-2024-157987-CHO-MIL-31000,2025-02-09,2025-02-27,Standard Class,157987,United States,New York City,New York,10009,Chocolate,Atlantic,CHO-MIL-31000,Wonka Bar - Milk Chocolate,6.5,2,4.22,2.28,Wicked Choccy's,18.0
8498,US-2024-123001-CHO-SCR-58000,2025-02-09,2025-03-01,Standard Class,123001,United States,Bakersfield,California,93309,Chocolate,Pacific,CHO-SCR-58000,Wonka Bar -Scrumdiddlyumptious,18.0,5,12.5,5.5,Lot's O' Nuts,20.0
8499,US-2024-157987-CHO-NUT-13000,2025-02-09,2025-02-27,Standard Class,157987,United States,New York City,New York,10009,Chocolate,Atlantic,CHO-NUT-13000,Wonka Bar - Nutty Crunch Surprise,10.47,3,7.47,3.0,Lot's O' Nuts,18.0
8500,US-2024-163657-CHO-MIL-31000,2025-02-09,2025-02-27,Standard Class,163657,United States,Los Angeles,California,90049,Chocolate,Pacific,CHO-MIL-31000,Wonka Bar - Milk Chocolate,16.25,5,10.55,5.7,Wicked Choccy's,18.0
8501,US-2024-146983-CHO-MIL-31000,2025-02-09,2025-02-27,Standard Class,146983,United States,Henderson,Kentucky,42420,Chocolate,Gulf,CHO-MIL-31000,Wonka Bar - Milk Chocolate,9.75,3,6.33,3.42,Wicked Choccy's,18.0
8502,US-2024-169327-CHO-TRI-54000,2025-02-09,2025-02-25,Second Class,169327,United States,Los Angeles,California,90008,Chocolate,Pacific,CHO-TRI-54000,Wonka Bar - Triple Dazzle Caramel,18.75,5,12.25,6.5,Wicked Choccy's,16.0
8503,US-2024-157987-CHO-NUT-13000,2025-02-09,2025-02-27,Standard Class,157987,United States,New York City,New York,10009,Chocolate,Atlantic,CHO-NUT-13000,Wonka Bar - Nutty Crunch Surprise,27.92,8,19.92,8.0,Lot's O' Nuts,18.0
8504,US-2024-111220-CHO-TRI-54000,2025-02-09,2025-03-01,Standard Class,111220,United States,Chicago,Illinois,60653,Chocolate,Interior,CHO-TRI-54000,Wonka Bar - Triple Dazzle Caramel,15.0,4,9.8,5.2,Wicked Choccy's,20.0
8505,US-2024-157987-CHO-MIL-31000,2025-02-09,2025-02-27,Standard Class,157987,United States,New York City,New York,10009,Chocolate,Atlantic,CHO-MIL-31000,Wonka Bar - Milk Chocolate,19.5,6,12.66,6.84,Wicked Choccy's,18.0
8506,US-2024-102218-CHO-FUD-51000,2025-02-09,2025-02-25,Second Class,102218,United States,Fort Collins,Colorado,80525,Chocolate,Pacific,CHO-FUD-51000,Wonka Bar - Fudge Mallows,7.2,2,4.8,2.4,Lot's O' Nuts,16.0
8507,US-2024-123001-CHO-FUD-51000,2025-02-09,2025-03-01,Standard Class,123001,United States,Bakersfield,California,93309,Chocolate,Pacific,CHO-FUD-51000,Wonka Bar - Fudge Mallows,18.0,5,12.0,6.0,Lot's O' Nuts,20.0
8508,US-2024-145037-CHO-MIL-31000,2025-02-09,2025-02-28,Second Class,145037,United States,Meriden,Connecticut,6450,Chocolate,Atlantic,CHO-MIL-31000,Wonka Bar - Milk Chocolate,13.0,4,8.44,4.56,Wicked Choccy's,19.0
8509,US-2024-114216-CHO-FUD-51000,2025-02-09,2025-02-27,Standard Class,114216,United States,Philadelphia,Pennsylvania,19140,Chocolate,Atlantic,CHO-FUD-51000,Wonka Bar - Fudge Mallows,10.8,3,7.2,3.6,Lot's O' Nuts,18.0
8510,US-2024-145037-CHO-FUD-51000,2025-02-09,2025-02-28,Second Class,145037,United States,Meriden,Connecticut,6450,Chocolate,Atlantic,CHO-FUD-51000,Wonka Bar - Fudge Mallows,10.8,3,7.2,3.6,Lot's O' Nuts,19.0
8511,US-2024-157987-CHO-SCR-58000,2025-02-09,2025-02-27,Standard Class,157987,United States,New York City,New York,10009,Chocolate,Atlantic,CHO-SCR-58000,Wonka Bar -Scrumdiddlyumptious,14.4,4,10.0,4.4,Lot's O' Nuts,18.0
8512,US-2024-145037-CHO-SCR-58000,2025-02-09,2025-02-28,Second Class,145037,United States,Meriden,Connecticut,6450,Chocolate,Atlantic,CHO-SCR-58000,Wonka Bar -Scrumdiddlyumptious,3.6,1,2.5,1.1,Lot's O' Nuts,19.0
8513,US-2024-137596-CHO-TRI-54000,2025-02-09,2025-02-28,Standard Class,137596,United States,Jackson,Michigan,49201,Chocolate,Interior,CHO-TRI-54000,Wonka Bar - Triple Dazzle Caramel,7.5,2,4.9,2.6,Wicked Choccy's,19.0
8514,US-2024-111220-CHO-TRI-54000,2025-02-09,2025-03-01,Standard Class,111220,United States,Chicago,Illinois,60653,Chocolate,Interior,CHO-TRI-54000,Wonka Bar - Triple Dazzle Caramel,18.75,5,12.25,6.5,Wicked Choccy's,20.0
8515,US-2024-157987-CHO-NUT-13000,2025-02-09,2025-02-27,Standard Class,157987,United States,New York City,New York,10009,Chocolate,Atlantic,CHO-NUT-13000,Wonka Bar - Nutty Crunch Surprise,10.47,3,7.47,3.0,Lot's O' Nuts,18.0
8516,US-2024-157987-CHO-FUD-51000,2025-02-09,2025-02-27,Standard Class,157987,United States,New York City,New York,10009,Chocolate,Atlantic,CHO-FUD-51000,Wonka Bar - Fudge Mallows,7.2,2,4.8,2.4,Lot's O' Nuts,18.0
8517,US-2024-113075-CHO-NUT-13000,2025-02-09,2025-02-27,Standard Class,113075,United States,Chicago,Illinois,60623,Chocolate,Interior,CHO-NUT-13000,Wonka Bar - Nutty Crunch Surprise,10.47,3,7.47,3.0,Lot's O' Nuts,18.0
8518,US-2024-137596-OTH-GUM-21000,2025-02-09,2025-02-28,Standard Class,137596,United States,Jackson,Michigan,49201,Other,Interior,OTH-GUM-21000,Wonka Gum,8.75,7,4.55,4.2,Secret Factory,19.0
8519,US-2024-137596-CHO-SCR-58000,2025-02-09,2025-02-28,Standard Class,137596,United States,Jackson,Michigan,49201,Chocolate,Interior,CHO-SCR-58000,Wonka Bar -Scrumdiddlyumptious,14.4,4,10.0,4.4,Lot's O' Nuts,19.0
8520,US-2024-123001-CHO-FUD-51000,2025-02-09,2025-03-01,Standard Class,123001,United States,Bakersfield,California,93309,Chocolate,Pacific,CHO-FUD-51000,Wonka Bar - Fudge Mallows,7.2,2,4.8,2.4,Lot's O' Nuts,20.0
8521,US-2024-157987-CHO-SCR-58000,2025-02-09,2025-02-27,Standard Class,157987,United States,New York City,New York,10009,Chocolate,Atlantic,CHO-SCR-58000,Wonka Bar -Scrumdiddlyumptious,10.8,3,7.5,3.3,Lot's O' Nuts,18.0
8522,US-2024-153255-CHO-FUD-51000,2025-03-09,2026-02-28,Second Class,153255,United States,Concord,California,94521,Chocolate,Pacific,CHO-FUD-51000,Wonka Bar - Fudge Mallows,7.2,2,4.8,2.4,Lot's O' Nuts,356.0
8523,US-2024-161067-CHO-NUT-13000,2025-03-09,2026-02-27,Second Class,161067,United States,New York City,New York,10035,Chocolate,Atlantic,CHO-NUT-13000,Wonka Bar - Nutty Crunch Surprise,3.49,1,2.49,1.0,Lot's O' Nuts,355.0
8524,US-2024-161067-CHO-TRI-54000,2025-03-09,2026-02-27,Second Class,161067,United States,New York City,New York,10035,Chocolate,Atlantic,CHO-TRI-54000,Wonka Bar - Triple Dazzle Caramel,7.5,2,4.9,2.6,Wicked Choccy's,355.0
8525,US-2024-161557-CHO-FUD-51000,2025-03-09,2026-03-01,Standard Class,161557,United States,Dallas,Texas,75217,Chocolate,Interior,CHO-FUD-51000,Wonka Bar - Fudge Mallows,18.0,5,12.0,6.0,Lot's O' Nuts,357.0
8526,US-2024-161823-CHO-FUD-51000,2025-03-09,2026-03-01,Standard Class,161823,United States,San Francisco,California,94122,Chocolate,Pacific,CHO-FUD-51000,Wonka Bar - Fudge Mallows,7.2,2,4.8,2.4,Lot's O' Nuts,357.0
8527,US-2024-161067-CHO-FUD-51000,2025-03-09,2026-02-27,Second Class,161067,United States,New York City,New York,10035,Chocolate,Atlantic,CHO-FUD-51000,Wonka Bar - Fudge Mallows,7.2,2,4.8,2.4,Lot's O' Nuts,355.0
8528,US-2024-123022-CHO-NUT-13000,2025-03-09,2026-03-01,Standard Class,123022,United States,La Mesa,California,91941,Chocolate,Pacific,CHO-NUT-13000,Wonka Bar - Nutty Crunch Surprise,17.45,5,12.45,5.0,Lot's O' Nuts,357.0
8529,US-2024-122637-CHO-TRI-54000,2025-03-09,2026-03-01,Second Class,122637,United States,Chicago,Illinois,60653,Chocolate,Interior,CHO-TRI-54000,Wonka Bar - Triple Dazzle Caramel,26.25,7,17.15,9.1,Wicked Choccy's,357.0
8530,US-2024-146136-CHO-SCR-58000,2025-03-09,2026-02-28,Standard Class,146136,United States,Palm Coast,Florida,32137,Chocolate,Gulf,CHO-SCR-58000,Wonka Bar -Scrumdiddlyumptious,14.4,4,10.0,4.4,Lot's O' Nuts,356.0
8531,US-2024-161067-CHO-FUD-51000,2025-03-09,2026-02-27,Second Class,161067,United States,New York City,New York,10035,Chocolate,Atlantic,CHO-FUD-51000,Wonka Bar - Fudge Mallows,14.4,4,9.6,4.8,Lot's O' Nuts,355.0
8532,US-2024-167626-CHO-FUD-51000,2025-03-09,2026-02-28,Standard Class,167626,United States,Chicago,Illinois,60623,Chocolate,Interior,CHO-FUD-51000,Wonka Bar - Fudge Mallows,10.8,3,7.2,3.6,Lot's O' Nuts,356.0
8533,US-2024-123022-CHO-FUD-51000,2025-03-09,2026-03-01,Standard Class,123022,United States,La Mesa,California,91941,Chocolate,Pacific,CHO-FUD-51000,Wonka Bar - Fudge Mallows,10.8,3,7.2,3.6,Lot's O' Nuts,357.0
8534,US-2024-167626-CHO-MIL-31000,2025-03-09,2026-02-28,Standard Class,167626,United States,Chicago,Illinois,60623,Chocolate,Interior,CHO-MIL-31000,Wonka Bar - Milk Chocolate,6.5,2,4.22,2.28,Wicked Choccy's,356.0
8535,US-2024-140326-OTH-LIC-15000,2025-04-09,2026-02-27,First Class,140326,United States,Chicago,Illinois,60653,Other,Interior,OTH-LIC-15000,Lickable Wallpaper,180.0,9,90.0,90.0,Secret Factory,324.0
8536,US-2024-117450-CHO-MIL-31000,2025-04-09,2026-03-01,Standard Class,117450,United States,Boynton Beach,Florida,33437,Chocolate,Gulf,CHO-MIL-31000,Wonka Bar - Milk Chocolate,6.5,2,4.22,2.28,Wicked Choccy's,326.0
8537,US-2024-102750-CHO-FUD-51000,2025-04-09,2026-03-01,Second Class,102750,United States,Los Angeles,California,90036,Chocolate,Pacific,CHO-FUD-51000,Wonka Bar - Fudge Mallows,10.8,3,7.2,3.6,Lot's O' Nuts,326.0
8538,US-2024-116680-CHO-SCR-58000,2025-04-09,2026-02-27,Second Class,116680,United States,San Francisco,California,94122,Chocolate,Pacific,CHO-SCR-58000,Wonka Bar -Scrumdiddlyumptious,28.8,8,20.0,8.8,Lot's O' Nuts,324.0
8539,US-2024-100783-CHO-MIL-31000,2025-04-09,2026-03-01,Second Class,100783,United States,Garland,Texas,75043,Chocolate,Interior,CHO-MIL-31000,Wonka Bar - Milk Chocolate,3.25,1,2.11,1.14,Wicked Choccy's,326.0
8540,US-2024-140326-CHO-TRI-54000,2025-04-09,2026-02-27,First Class,140326,United States,Chicago,Illinois,60653,Chocolate,Interior,CHO-TRI-54000,Wonka Bar - Triple Dazzle Caramel,11.25,3,7.35,3.9,Wicked Choccy's,324.0
8541,US-2024-152485-CHO-TRI-54000,2025-04-09,2026-03-01,Standard Class,152485,United States,Coppell,Texas,75019,Chocolate,Interior,CHO-TRI-54000,Wonka Bar - Triple Dazzle Caramel,18.75,5,12.25,6.5,Wicked Choccy's,326.0
8542,US-2024-109757-CHO-FUD-51000,2025-04-09,2026-03-02,Second Class,109757,United States,Akron,Ohio,44312,Chocolate,Atlantic,CHO-FUD-51000,Wonka Bar - Fudge Mallows,14.4,4,9.6,4.8,Lot's O' Nuts,327.0
8543,US-2024-152485-CHO-SCR-58000,2025-04-09,2026-03-01,Standard Class,152485,United States,Coppell,Texas,75019,Chocolate,Interior,CHO-SCR-58000,Wonka Bar -Scrumdiddlyumptious,25.2,7,17.5,7.7,Lot's O' Nuts,326.0
8544,US-2024-109757-CHO-TRI-54000,2025-04-09,2026-03-02,Second Class,109757,United States,Akron,Ohio,44312,Chocolate,Atlantic,CHO-TRI-54000,Wonka Bar - Triple Dazzle Caramel,7.5,2,4.9,2.6,Wicked Choccy's,327.0
8545,US-2024-137582-CHO-NUT-13000,2025-04-09,2026-03-01,Standard Class,137582,United States,Oakland,California,94601,Chocolate,Pacific,CHO-NUT-13000,Wonka Bar - Nutty Crunch Surprise,10.47,3,7.47,3.0,Lot's O' Nuts,326.0
8546,US-2024-147655-CHO-SCR-58000,2025-04-09,2026-02-26,First Class,147655,United States,Redmond,Oregon,97756,Chocolate,Pacific,CHO-SCR-58000,Wonka Bar -Scrumdiddlyumptious,25.2,7,17.5,7.7,Lot's O' Nuts,323.0
8547,US-2024-109757-CHO-TRI-54000,2025-04-09,2026-03-02,Second Class,109757,United States,Akron,Ohio,44312,Chocolate,Atlantic,CHO-TRI-54000,Wonka Bar - Triple Dazzle Caramel,18.75,5,12.25,6.5,Wicked Choccy's,327.0
8548,US-2024-116680-CHO-FUD-51000,2025-04-09,2026-02-27,Second Class,116680,United States,San Francisco,California,94122,Chocolate,Pacific,CHO-FUD-51000,Wonka Bar - Fudge Mallows,21.6,6,14.4,7.2,Lot's O' Nuts,324.0
8549,US-2024-141929-CHO-NUT-13000,2025-04-09,2026-03-01,Standard Class,141929,United States,Los Angeles,California,90004,Chocolate,Pacific,CHO-NUT-13000,Wonka Bar - Nutty Crunch Surprise,6.98,2,4.98,2.0,Lot's O' Nuts,326.0
8550,US-2024-166394-CHO-FUD-51000,2025-04-09,2026-02-27,Second Class,166394,United States,Nashua,New Hampshire,3060,Chocolate,Atlantic,CHO-FUD-51000,Wonka Bar - Fudge Mallows,21.6,6,14.4,7.2,Lot's O' Nuts,324.0
8551,US-2024-109757-CHO-FUD-51000,2025-04-09,2026-03-02,Second Class,109757,United States,Akron,Ohio,44312,Chocolate,Atlantic,CHO-FUD-51000,Wonka Bar - Fudge Mallows,14.4,4,9.6,4.8,Lot's O' Nuts,327.0
8552,US-2024-117450-CHO-SCR-58000,2025-04-09,2026-03-01,Standard Class,117450,United States,Boynton Beach,Florida,33437,Chocolate,Gulf,CHO-SCR-58000,Wonka Bar -Scrumdiddlyumptious,7.2,2,5.0,2.2,Lot's O' Nuts,326.0
8553,US-2024-101182-CHO-NUT-13000,2025-04-09,2026-02-26,First Class,101182,United States,Apple Valley,California,92307,Chocolate,Pacific,CHO-NUT-13000,Wonka Bar - Nutty Crunch Surprise,6.98,2,4.98,2.0,Lot's O' Nuts,323.0
8554,US-2024-140326-CHO-SCR-58000,2025-04-09,2026-02-27,First Class,140326,United States,Chicago,Illinois,60653,Chocolate,Interior,CHO-SCR-58000,Wonka Bar -Scrumdiddlyumptious,10.8,3,7.5,3.3,Lot's O' Nuts,324.0
8555,US-2024-117261-CHO-MIL-31000,2025-04-09,2026-03-03,Standard Class,117261,United States,Los Angeles,California,90032,Chocolate,Pacific,CHO-MIL-31000,Wonka Bar - Milk Chocolate,13.0,4,8.44,4.56,Wicked Choccy's,328.0
8556,US-2024-141929-CHO-MIL-31000,2025-04-09,2026-03-01,Standard Class,141929,United States,Los Angeles,California,90004,Chocolate,Pacific,CHO-MIL-31000,Wonka Bar - Milk Chocolate,16.25,5,10.55,5.7,Wicked Choccy's,326.0
8557,US-2024-147410-CHO-MIL-31000,2025-04-09,2026-03-01,Standard Class,147410,United States,Santa Ana,California,92704,Chocolate,Pacific,CHO-MIL-31000,Wonka Bar - Milk Chocolate,6.5,2,4.22,2.28,Wicked Choccy's,326.0
8558,US-2024-152485-CHO-NUT-13000,2025-04-09,2026-03-01,Standard Class,152485,United States,Coppell,Texas,75019,Chocolate,Interior,CHO-NUT-13000,Wonka Bar - Nutty Crunch Surprise,3.49,1,2.49,1.0,Lot's O' Nuts,326.0
8559,US-2024-120761-CHO-FUD-51000,2025-04-09,2026-03-01,Standard Class,120761,United States,Long Beach,New York,11561,Chocolate,Atlantic,CHO-FUD-51000,Wonka Bar - Fudge Mallows,14.4,4,9.6,4.8,Lot's O' Nuts,326.0
8560,US-2024-117394-CHO-MIL-31000,2025-04-09,2026-03-03,Standard Class,117394,United States,Philadelphia,Pennsylvania,19120,Chocolate,Atlantic,CHO-MIL-31000,Wonka Bar - Milk Chocolate,13.0,4,8.44,4.56,Wicked Choccy's,328.0
8561,US-2024-141929-CHO-SCR-58000,2025-04-09,2026-03-01,Standard Class,141929,United States,Los Angeles,California,90004,Chocolate,Pacific,CHO-SCR-58000,Wonka Bar -Scrumdiddlyumptious,3.6,1,2.5,1.1,Lot's O' Nuts,326.0
8562,US-2024-101182-CHO-TRI-54000,2025-04-09,2026-02-26,First Class,101182,United States,Apple Valley,California,92307,Chocolate,Pacific,CHO-TRI-54000,Wonka Bar - Triple Dazzle Caramel,11.25,3,7.35,3.9,Wicked Choccy's,323.0
8563,US-2024-102736-CHO-FUD-51000,2025-05-09,2026-03-02,Standard Class,102736,United States,Knoxville,Tennessee,37918,Chocolate,Gulf,CHO-FUD-51000,Wonka Bar - Fudge Mallows,18.0,5,12.0,6.0,Lot's O' Nuts,297.0
8564,US-2024-107293-CHO-MIL-31000,2025-05-09,2026-02-27,First Class,107293,United States,Seattle,Washington,98115,Chocolate,Pacific,CHO-MIL-31000,Wonka Bar - Milk Chocolate,3.25,1,2.11,1.14,Wicked Choccy's,294.0
8565,US-2024-102736-CHO-NUT-13000,2025-05-09,2026-03-02,Standard Class,102736,United States,Knoxville,Tennessee,37918,Chocolate,Gulf,CHO-NUT-13000,Wonka Bar - Nutty Crunch Surprise,10.47,3,7.47,3.0,Lot's O' Nuts,297.0
8566,US-2024-120705-CHO-MIL-31000,2025-05-09,2026-03-04,Standard Class,120705,United States,Fort Lauderdale,Florida,33311,Chocolate,Gulf,CHO-MIL-31000,Wonka Bar - Milk Chocolate,6.5,2,4.22,2.28,Wicked Choccy's,299.0
8567,US-2024-102736-CHO-SCR-58000,2025-05-09,2026-03-02,Standard Class,102736,United States,Knoxville,Tennessee,37918,Chocolate,Gulf,CHO-SCR-58000,Wonka Bar -Scrumdiddlyumptious,14.4,4,10.0,4.4,Lot's O' Nuts,297.0
8568,US-2024-150070-CHO-TRI-54000,2025-07-09,2026-03-05,Standard Class,150070,United States,Modesto,California,95351,Chocolate,Pacific,CHO-TRI-54000,Wonka Bar - Triple Dazzle Caramel,7.5,2,4.9,2.6,Wicked Choccy's,239.0
8569,US-2024-129441-CHO-TRI-54000,2025-07-09,2026-03-04,Standard Class,129441,United States,Los Angeles,California,90032,Chocolate,Pacific,CHO-TRI-54000,Wonka Bar - Triple Dazzle Caramel,11.25,3,7.35,3.9,Wicked Choccy's,238.0
8570,US-2024-151008-CHO-TRI-54000,2025-07-09,2026-03-01,First Class,151008,United States,Draper,Utah,84020,Chocolate,Pacific,CHO-TRI-54000,Wonka Bar - Triple Dazzle Caramel,7.5,2,4.9,2.6,Wicked Choccy's,235.0
8571,US-2024-107244-CHO-FUD-51000,2025-07-09,2026-03-04,Standard Class,107244,United States,Los Angeles,California,90004,Chocolate,Pacific,CHO-FUD-51000,Wonka Bar - Fudge Mallows,14.4,4,9.6,4.8,Lot's O' Nuts,238.0
8572,US-2024-128783-CHO-NUT-13000,2025-07-09,2026-02-28,Same Day,128783,United States,Saint Charles,Missouri,63301,Chocolate,Interior,CHO-NUT-13000,Wonka Bar - Nutty Crunch Surprise,17.45,5,12.45,5.0,Lot's O' Nuts,234.0
8573,US-2024-130687-CHO-NUT-13000,2025-07-09,2026-03-03,First Class,130687,United States,Edmonds,Washington,98026,Chocolate,Pacific,CHO-NUT-13000,Wonka Bar - Nutty Crunch Surprise,13.96,4,9.96,4.0,Lot's O' Nuts,237.0
8574,US-2024-128769-CHO-MIL-31000,2025-07-09,2026-03-05,Standard Class,128769,United States,Nashville,Tennessee,37211,Chocolate,Gulf,CHO-MIL-31000,Wonka Bar - Milk Chocolate,6.5,2,4.22,2.28,Wicked Choccy's,239.0
8575,US-2024-130687-CHO-FUD-51000,2025-07-09,2026-03-03,First Class,130687,United States,Edmonds,Washington,98026,Chocolate,Pacific,CHO-FUD-51000,Wonka Bar - Fudge Mallows,3.6,1,2.4,1.2,Lot's O' Nuts,237.0
8576,US-2024-163692-CHO-MIL-31000,2025-07-09,2026-03-02,First Class,163692,United States,Phoenix,Arizona,85023,Chocolate,Pacific,CHO-MIL-31000,Wonka Bar - Milk Chocolate,9.75,3,6.33,3.42,Wicked Choccy's,236.0
8577,US-2024-103877-CHO-MIL-31000,2025-07-09,2026-03-07,Standard Class,103877,United States,Independence,Missouri,64055,Chocolate,Interior,CHO-MIL-31000,Wonka Bar - Milk Chocolate,9.75,3,6.33,3.42,Wicked Choccy's,241.0
8578,US-2024-100160-CHO-TRI-54000,2025-07-09,2026-03-04,Standard Class,100160,United States,Philadelphia,Pennsylvania,19134,Chocolate,Atlantic,CHO-TRI-54000,Wonka Bar - Triple Dazzle Caramel,11.25,3,7.35,3.9,Wicked Choccy's,238.0
8579,US-2024-100160-CHO-FUD-51000,2025-07-09,2026-03-04,Standard Class,100160,United States,Philadelphia,Pennsylvania,19134,Chocolate,Atlantic,CHO-FUD-51000,Wonka Bar - Fudge Mallows,18.0,5,12.0,6.0,Lot's O' Nuts,238.0
8580,US-2024-169488-CHO-MIL-31000,2025-07-09,2026-03-02,First Class,169488,United States,Providence,Rhode Island,2908,Chocolate,Atlantic,CHO-MIL-31000,Wonka Bar - Milk Chocolate,6.5,2,4.22,2.28,Wicked Choccy's,236.0
8581,US-2024-100335-CHO-FUD-51000,2025-07-09,2026-03-06,Standard Class,100335,United States,Chicago,Illinois,60610,Chocolate,Interior,CHO-FUD-51000,Wonka Bar - Fudge Mallows,32.4,9,21.6,10.8,Lot's O' Nuts,240.0
8582,US-2024-169488-CHO-TRI-54000,2025-07-09,2026-03-02,First Class,169488,United States,Providence,Rhode Island,2908,Chocolate,Atlantic,CHO-TRI-54000,Wonka Bar - Triple Dazzle Caramel,18.75,5,12.25,6.5,Wicked Choccy's,236.0
8583,US-2024-100160-CHO-TRI-54000,2025-07-09,2026-03-04,Standard Class,100160,United States,Philadelphia,Pennsylvania,19134,Chocolate,Atlantic,CHO-TRI-54000,Wonka Bar - Triple Dazzle Caramel,11.25,3,7.35,3.9,Wicked Choccy's,238.0
8584,US-2024-124401-CHO-FUD-51000,2025-07-09,2026-03-05,Standard Class,124401,United States,Portland,Oregon,97206,Chocolate,Pacific,CHO-FUD-51000,Wonka Bar - Fudge Mallows,10.8,3,7.2,3.6,Lot's O' Nuts,239.0
8585,US-2024-148929-OTH-GUM-21000,2025-07-09,2026-03-04,Standard Class,148929,United States,New York City,New York,10011,Other,Atlantic,OTH-GUM-21000,Wonka Gum,10.0,8,5.2,4.8,Secret Factory,238.0
8586,US-2024-104094-CHO-FUD-51000,2025-07-09,2026-03-04,Standard Class,104094,United States,Milwaukee,Wisconsin,53209,Chocolate,Interior,CHO-FUD-51000,Wonka Bar - Fudge Mallows,3.6,1,2.4,1.2,Lot's O' Nuts,238.0
8587,US-2024-128783-CHO-FUD-51000,2025-07-09,2026-02-28,Same Day,128783,United States,Saint Charles,Missouri,63301,Chocolate,Interior,CHO-FUD-51000,Wonka Bar - Fudge Mallows,14.4,4,9.6,4.8,Lot's O' Nuts,234.0
8588,US-2024-124401-CHO-TRI-54000,2025-07-09,2026-03-05,Standard Class,124401,United States,Portland,Oregon,97206,Chocolate,Pacific,CHO-TRI-54000,Wonka Bar - Triple Dazzle Caramel,26.25,7,17.15,9.1,Wicked Choccy's,239.0
8589,US-2024-130687-CHO-MIL-31000,2025-07-09,2026-03-03,First Class,130687,United States,Edmonds,Washington,98026,Chocolate,Pacific,CHO-MIL-31000,Wonka Bar - Milk Chocolate,6.5,2,4.22,2.28,Wicked Choccy's,237.0
8590,US-2024-151008-CHO-NUT-13000,2025-07-09,2026-03-01,First Class,151008,United States,Draper,Utah,84020,Chocolate,Pacific,CHO-NUT-13000,Wonka Bar - Nutty Crunch Surprise,13.96,4,9.96,4.0,Lot's O' Nuts,235.0
8591,US-2024-124779-CHO-TRI-54000,2025-08-09,2026-03-04,First Class,124779,United States,Arlington,Texas,76017,Chocolate,Interior,CHO-TRI-54000,Wonka Bar - Triple Dazzle Caramel,18.75,5,12.25,6.5,Wicked Choccy's,207.0
8592,US-2024-124779-CHO-TRI-54000,2025-08-09,2026-03-04,First Class,124779,United States,Arlington,Texas,76017,Chocolate,Interior,CHO-TRI-54000,Wonka Bar - Triple Dazzle Caramel,7.5,2,4.9,2.6,Wicked Choccy's,207.0
8593,US-2024-124968-CHO-MIL-31000,2025-08-09,2026-03-06,Second Class,124968,United States,Chicago,Illinois,60610,Chocolate,Interior,CHO-MIL-31000,Wonka Bar - Milk Chocolate,22.75,7,14.77,7.98,Wicked Choccy's,209.0
8594,US-2024-124779-CHO-TRI-54000,2025-08-09,2026-03-04,First Class,124779,United States,Arlington,Texas,76017,Chocolate,Interior,CHO-TRI-54000,Wonka Bar - Triple Dazzle Caramel,26.25,7,17.15,9.1,Wicked Choccy's,207.0
8595,US-2024-124779-CHO-TRI-54000,2025-08-09,2026-03-04,First Class,124779,United States,Arlington,Texas,76017,Chocolate,Interior,CHO-TRI-54000,Wonka Bar - Triple Dazzle Caramel,18.75,5,12.25,6.5,Wicked Choccy's,207.0
8596,US-2024-124779-OTH-GUM-21000,2025-08-09,2026-03-04,First Class,124779,United States,Arlington,Texas,76017,Other,Interior,OTH-GUM-21000,Wonka Gum,5.0,4,2.6,2.4,Secret Factory,207.0
8597,US-2024-132437-CHO-NUT-13000,2025-08-09,2026-03-06,Second Class,132437,United States,New York City,New York,10024,Chocolate,Atlantic,CHO-NUT-13000,Wonka Bar - Nutty Crunch Surprise,13.96,4,9.96,4.0,Lot's O' Nuts,209.0
8598,US-2024-144456-CHO-FUD-51000,2025-08-09,2026-03-02,First Class,144456,United States,Hialeah,Florida,33012,Chocolate,Gulf,CHO-FUD-51000,Wonka Bar - Fudge Mallows,18.0,5,12.0,6.0,Lot's O' Nuts,205.0
8599,US-2024-158036-CHO-MIL-31000,2025-08-09,2026-03-07,Standard Class,158036,United States,Dublin,Ohio,43017,Chocolate,Atlantic,CHO-MIL-31000,Wonka Bar - Milk Chocolate,3.25,1,2.11,1.14,Wicked Choccy's,210.0
8600,US-2024-126396-CHO-MIL-31000,2025-08-09,2026-03-05,Second Class,126396,United States,Houston,Texas,77070,Chocolate,Interior,CHO-MIL-31000,Wonka Bar - Milk Chocolate,19.5,6,12.66,6.84,Wicked Choccy's,208.0
8601,US-2024-152856-CHO-SCR-58000,2025-08-09,2026-03-03,Second Class,152856,United States,Marion,Ohio,43302,Chocolate,Atlantic,CHO-SCR-58000,Wonka Bar -Scrumdiddlyumptious,14.4,4,10.0,4.4,Lot's O' Nuts,206.0
8602,US-2024-124779-CHO-FUD-51000,2025-08-09,2026-03-04,First Class,124779,United States,Arlington,Texas,76017,Chocolate,Interior,CHO-FUD-51000,Wonka Bar - Fudge Mallows,7.2,2,4.8,2.4,Lot's O' Nuts,207.0
8603,US-2024-144456-CHO-SCR-58000,2025-08-09,2026-03-02,First Class,144456,United States,Hialeah,Florida,33012,Chocolate,Gulf,CHO-SCR-58000,Wonka Bar -Scrumdiddlyumptious,10.8,3,7.5,3.3,Lot's O' Nuts,205.0
8604,US-2024-149895-CHO-FUD-51000,2025-08-09,2026-03-05,Standard Class,149895,United States,Philadelphia,Pennsylvania,19134,Chocolate,Atlantic,CHO-FUD-51000,Wonka Bar - Fudge Mallows,7.2,2,4.8,2.4,Lot's O' Nuts,208.0
8605,US-2024-137498-CHO-NUT-13000,2025-09-09,2026-03-07,Second Class,137498,United States,Los Angeles,California,90004,Chocolate,Pacific,CHO-NUT-13000,Wonka Bar - Nutty Crunch Surprise,17.45,5,12.45,5.0,Lot's O' Nuts,179.0
8606,US-2024-118087-CHO-TRI-54000,2025-09-09,2026-03-06,Standard Class,118087,United States,Philadelphia,Pennsylvania,19134,Chocolate,Atlantic,CHO-TRI-54000,Wonka Bar - Triple Dazzle Caramel,7.5,2,4.9,2.6,Wicked Choccy's,178.0
8607,US-2024-147228-CHO-NUT-13000,2025-09-09,2026-03-07,Standard Class,147228,United States,Columbia,Tennessee,38401,Chocolate,Gulf,CHO-NUT-13000,Wonka Bar - Nutty Crunch Surprise,10.47,3,7.47,3.0,Lot's O' Nuts,179.0
8608,US-2024-169439-CHO-FUD-51000,2025-09-09,2026-03-06,Standard Class,169439,United States,Cleveland,Ohio,44105,Chocolate,Atlantic,CHO-FUD-51000,Wonka Bar - Fudge Mallows,7.2,2,4.8,2.4,Lot's O' Nuts,178.0
8609,US-2024-118087-CHO-SCR-58000,2025-09-09,2026-03-06,Standard Class,118087,United States,Philadelphia,Pennsylvania,19134,Chocolate,Atlantic,CHO-SCR-58000,Wonka Bar -Scrumdiddlyumptious,7.2,2,5.0,2.2,Lot's O' Nuts,178.0
8610,US-2024-168403-CHO-NUT-13000,2025-09-09,2026-03-08,Standard Class,168403,United States,Portland,Oregon,97206,Chocolate,Pacific,CHO-NUT-13000,Wonka Bar - Nutty Crunch Surprise,3.49,1,2.49,1.0,Lot's O' Nuts,180.0
8611,US-2024-169439-CHO-NUT-13000,2025-09-09,2026-03-06,Standard Class,169439,United States,Cleveland,Ohio,44105,Chocolate,Atlantic,CHO-NUT-13000,Wonka Bar - Nutty Crunch Surprise,17.45,5,12.45,5.0,Lot's O' Nuts,178.0
8612,US-2024-118087-CHO-NUT-13000,2025-09-09,2026-03-06,Standard Class,118087,United States,Philadelphia,Pennsylvania,19134,Chocolate,Atlantic,CHO-NUT-13000,Wonka Bar - Nutty Crunch Surprise,3.49,1,2.49,1.0,Lot's O' Nuts,178.0
8613,US-2024-137498-CHO-FUD-51000,2025-09-09,2026-03-07,Second Class,137498,United States,Los Angeles,California,90004,Chocolate,Pacific,CHO-FUD-51000,Wonka Bar - Fudge Mallows,7.2,2,4.8,2.4,Lot's O' Nuts,179.0
8614,US-2024-118087-CHO-FUD-51000,2025-09-09,2026-03-06,Standard Class,118087,United States,Philadelphia,Pennsylvania,19134,Chocolate,Atlantic,CHO-FUD-51000,Wonka Bar - Fudge Mallows,3.6,1,2.4,1.2,Lot's O' Nuts,178.0
8615,US-2024-152198-CHO-FUD-51000,2025-09-09,2026-03-03,First Class,152198,United States,Toledo,Ohio,43615,Chocolate,Atlantic,CHO-FUD-51000,Wonka Bar - Fudge Mallows,7.2,2,4.8,2.4,Lot's O' Nuts,175.0
8616,US-2024-118087-CHO-TRI-54000,2025-09-09,2026-03-06,Standard Class,118087,United States,Philadelphia,Pennsylvania,19134,Chocolate,Atlantic,CHO-TRI-54000,Wonka Bar - Triple Dazzle Caramel,7.5,2,4.9,2.6,Wicked Choccy's,178.0
8617,US-2024-152198-CHO-FUD-51000,2025-09-09,2026-03-03,First Class,152198,United States,Toledo,Ohio,43615,Chocolate,Atlantic,CHO-FUD-51000,Wonka Bar - Fudge Mallows,10.8,3,7.2,3.6,Lot's O' Nuts,175.0
8618,US-2024-159562-CHO-MIL-31000,2025-09-09,2026-03-08,Standard Class,159562,United States,Roseville,Michigan,48066,Chocolate,Interior,CHO-MIL-31000,Wonka Bar - Milk Chocolate,6.5,2,4.22,2.28,Wicked Choccy's,180.0
8619,US-2024-139444-CHO-TRI-54000,2025-09-09,2026-03-08,Standard Class,139444,United States,Plano,Texas,75023,Chocolate,Interior,CHO-TRI-54000,Wonka Bar - Triple Dazzle Caramel,15.0,4,9.8,5.2,Wicked Choccy's,180.0
8620,US-2024-152198-CHO-NUT-13000,2025-09-09,2026-03-03,First Class,152198,United States,Toledo,Ohio,43615,Chocolate,Atlantic,CHO-NUT-13000,Wonka Bar - Nutty Crunch Surprise,20.94,6,14.94,6.0,Lot's O' Nuts,175.0
8621,US-2024-137498-CHO-FUD-51000,2025-09-09,2026-03-07,Second Class,137498,United States,Los Angeles,California,90004,Chocolate,Pacific,CHO-FUD-51000,Wonka Bar - Fudge Mallows,32.4,9,21.6,10.8,Lot's O' Nuts,179.0
8622,US-2024-147228-CHO-TRI-54000,2025-09-09,2026-03-07,Standard Class,147228,United States,Columbia,Tennessee,38401,Chocolate,Gulf,CHO-TRI-54000,Wonka Bar - Triple Dazzle Caramel,15.0,4,9.8,5.2,Wicked Choccy's,179.0
8623,US-2024-155929-CHO-SCR-58000,2025-09-09,2026-03-06,Standard Class,155929,United States,Glendale,Arizona,85301,Chocolate,Pacific,CHO-SCR-58000,Wonka Bar -Scrumdiddlyumptious,7.2,2,5.0,2.2,Lot's O' Nuts,178.0
8624,US-2024-168403-CHO-TRI-54000,2025-09-09,2026-03-08,Standard Class,168403,United States,Portland,Oregon,97206,Chocolate,Pacific,CHO-TRI-54000,Wonka Bar - Triple Dazzle Caramel,22.5,6,14.7,7.8,Wicked Choccy's,180.0
8625,US-2024-147228-CHO-TRI-54000,2025-09-09,2026-03-07,Standard Class,147228,United States,Columbia,Tennessee,38401,Chocolate,Gulf,CHO-TRI-54000,Wonka Bar - Triple Dazzle Caramel,7.5,2,4.9,2.6,Wicked Choccy's,179.0
8626,US-2024-147361-CHO-TRI-54000,2025-09-09,2026-03-08,Standard Class,147361,United States,Florence,South Carolina,29501,Chocolate,Gulf,CHO-TRI-54000,Wonka Bar - Triple Dazzle Caramel,26.25,7,17.15,9.1,Wicked Choccy's,180.0
8627,US-2024-147361-CHO-SCR-58000,2025-09-09,2026-03-08,Standard Class,147361,United States,Florence,South Carolina,29501,Chocolate,Gulf,CHO-SCR-58000,Wonka Bar -Scrumdiddlyumptious,18.0,5,12.5,5.5,Lot's O' Nuts,180.0
8628,US-2024-100825-CHO-MIL-31000,2025-09-09,2026-03-07,Standard Class,100825,United States,Los Angeles,California,90036,Chocolate,Pacific,CHO-MIL-31000,Wonka Bar - Milk Chocolate,9.75,3,6.33,3.42,Wicked Choccy's,179.0
8629,US-2024-147228-CHO-SCR-58000,2025-09-09,2026-03-07,Standard Class,147228,United States,Columbia,Tennessee,38401,Chocolate,Gulf,CHO-SCR-58000,Wonka Bar -Scrumdiddlyumptious,10.8,3,7.5,3.3,Lot's O' Nuts,179.0
8630,US-2024-146213-CHO-NUT-13000,2025-09-09,2026-03-07,Standard Class,146213,United States,Los Angeles,California,90032,Chocolate,Pacific,CHO-NUT-13000,Wonka Bar - Nutty Crunch Surprise,13.96,4,9.96,4.0,Lot's O' Nuts,179.0
8631,US-2024-118087-CHO-SCR-58000,2025-09-09,2026-03-06,Standard Class,118087,United States,Philadelphia,Pennsylvania,19134,Chocolate,Atlantic,CHO-SCR-58000,Wonka Bar -Scrumdiddlyumptious,10.8,3,7.5,3.3,Lot's O' Nuts,178.0
8632,US-2024-118087-CHO-MIL-31000,2025-09-09,2026-03-06,Standard Class,118087,United States,Philadelphia,Pennsylvania,19134,Chocolate,Atlantic,CHO-MIL-31000,Wonka Bar - Milk Chocolate,9.75,3,6.33,3.42,Wicked Choccy's,178.0
8633,US-2024-118087-CHO-FUD-51000,2025-09-09,2026-03-06,Standard Class,118087,United States,Philadelphia,Pennsylvania,19134,Chocolate,Atlantic,CHO-FUD-51000,Wonka Bar - Fudge Mallows,25.2,7,16.8,8.4,Lot's O' Nuts,178.0
8634,US-2024-128370-CHO-TRI-54000,2025-10-09,2026-03-03,Same Day,128370,United States,Los Angeles,California,90004,Chocolate,Pacific,CHO-TRI-54000,Wonka Bar - Triple Dazzle Caramel,11.25,3,7.35,3.9,Wicked Choccy's,145.0
8635,US-2024-110905-CHO-SCR-58000,2025-10-09,2026-03-08,Second Class,110905,United States,Springfield,Missouri,65807,Chocolate,Interior,CHO-SCR-58000,Wonka Bar -Scrumdiddlyumptious,7.2,2,5.0,2.2,Lot's O' Nuts,150.0
8636,US-2024-110905-CHO-NUT-13000,2025-10-09,2026-03-08,Second Class,110905,United States,Springfield,Missouri,65807,Chocolate,Interior,CHO-NUT-13000,Wonka Bar - Nutty Crunch Surprise,10.47,3,7.47,3.0,Lot's O' Nuts,150.0
8637,US-2024-126438-CHO-TRI-54000,2025-10-09,2026-03-06,First Class,126438,United States,Lawrence,Massachusetts,1841,Chocolate,Atlantic,CHO-TRI-54000,Wonka Bar - Triple Dazzle Caramel,7.5,2,4.9,2.6,Wicked Choccy's,148.0
8638,US-2024-110905-CHO-MIL-31000,2025-10-09,2026-03-08,Second Class,110905,United States,Springfield,Missouri,65807,Chocolate,Interior,CHO-MIL-31000,Wonka Bar - Milk Chocolate,9.75,3,6.33,3.42,Wicked Choccy's,150.0
8639,US-2024-152093-CHO-NUT-13000,2025-10-09,2026-03-08,Standard Class,152093,United States,Chicago,Illinois,60653,Chocolate,Interior,CHO-NUT-13000,Wonka Bar - Nutty Crunch Surprise,10.47,3,7.47,3.0,Lot's O' Nuts,150.0
8640,US-2024-110905-CHO-FUD-51000,2025-10-09,2026-03-08,Second Class,110905,United States,Springfield,Missouri,65807,Chocolate,Interior,CHO-FUD-51000,Wonka Bar - Fudge Mallows,10.8,3,7.2,3.6,Lot's O' Nuts,150.0
8641,US-2024-128370-CHO-SCR-58000,2025-10-09,2026-03-03,Same Day,128370,United States,Los Angeles,California,90004,Chocolate,Pacific,CHO-SCR-58000,Wonka Bar -Scrumdiddlyumptious,7.2,2,5.0,2.2,Lot's O' Nuts,145.0
8642,US-2024-159954-CHO-FUD-51000,2025-10-09,2026-03-07,Standard Class,159954,United States,Atlanta,Georgia,30318,Chocolate,Gulf,CHO-FUD-51000,Wonka Bar - Fudge Mallows,3.6,1,2.4,1.2,Lot's O' Nuts,149.0
8643,US-2024-110905-CHO-NUT-13000,2025-10-09,2026-03-08,Second Class,110905,United States,Springfield,Missouri,65807,Chocolate,Interior,CHO-NUT-13000,Wonka Bar - Nutty Crunch Surprise,17.45,5,12.45,5.0,Lot's O' Nuts,150.0
8644,US-2024-147403-CHO-SCR-58000,2025-10-09,2026-03-06,First Class,147403,United States,Akron,Ohio,44312,Chocolate,Atlantic,CHO-SCR-58000,Wonka Bar -Scrumdiddlyumptious,10.8,3,7.5,3.3,Lot's O' Nuts,148.0
8645,US-2024-122280-CHO-FUD-51000,2025-10-09,2026-03-03,Same Day,122280,United States,New York City,New York,10024,Chocolate,Atlantic,CHO-FUD-51000,Wonka Bar - Fudge Mallows,7.2,2,4.8,2.4,Lot's O' Nuts,145.0
8646,US-2024-110905-CHO-MIL-31000,2025-10-09,2026-03-08,Second Class,110905,United States,Springfield,Missouri,65807,Chocolate,Interior,CHO-MIL-31000,Wonka Bar - Milk Chocolate,9.75,3,6.33,3.42,Wicked Choccy's,150.0
8647,US-2024-110905-CHO-NUT-13000,2025-10-09,2026-03-08,Second Class,110905,United States,Springfield,Missouri,65807,Chocolate,Interior,CHO-NUT-13000,Wonka Bar - Nutty Crunch Surprise,20.94,6,14.94,6.0,Lot's O' Nuts,150.0
8648,US-2024-110905-CHO-SCR-58000,2025-10-09,2026-03-08,Second Class,110905,United States,Springfield,Missouri,65807,Chocolate,Interior,CHO-SCR-58000,Wonka Bar -Scrumdiddlyumptious,18.0,5,12.5,5.5,Lot's O' Nuts,150.0
8649,US-2024-123036-CHO-SCR-58000,2025-10-09,2026-03-10,Standard Class,123036,United States,Springfield,Ohio,45503,Chocolate,Atlantic,CHO-SCR-58000,Wonka Bar -Scrumdiddlyumptious,14.4,4,10.0,4.4,Lot's O' Nuts,152.0
8650,US-2024-123036-CHO-MIL-31000,2025-10-09,2026-03-10,Standard Class,123036,United States,Springfield,Ohio,45503,Chocolate,Atlantic,CHO-MIL-31000,Wonka Bar - Milk Chocolate,6.5,2,4.22,2.28,Wicked Choccy's,152.0
8651,US-2024-120999-CHO-MIL-31000,2025-10-09,2026-03-08,Standard Class,120999,United States,Naperville,Illinois,60540,Chocolate,Interior,CHO-MIL-31000,Wonka Bar - Milk Chocolate,13.0,4,8.44,4.56,Wicked Choccy's,150.0
8652,CA-2024-126438-CHO-TRI-54000,2025-10-09,2026-03-06,First Class,126438,Canada,Montreal,Quebec,H1C,Chocolate,Atlantic,CHO-TRI-54000,Wonka Bar - Triple Dazzle Caramel,3.75,1,2.45,1.3,Wicked Choccy's,148.0
8653,US-2024-149559-CHO-FUD-51000,2025-11-09,2026-03-05,Same Day,149559,United States,Long Beach,California,90805,Chocolate,Pacific,CHO-FUD-51000,Wonka Bar - Fudge Mallows,28.8,8,19.2,9.6,Lot's O' Nuts,116.0
8654,US-2024-142188-CHO-SCR-58000,2025-11-09,2026-03-04,Same Day,142188,United States,Seattle,Washington,98105,Chocolate,Pacific,CHO-SCR-58000,Wonka Bar -Scrumdiddlyumptious,7.2,2,5.0,2.2,Lot's O' Nuts,115.0
8655,US-2024-144484-CHO-TRI-54000,2025-11-09,2026-03-04,Same Day,144484,United States,San Francisco,California,94110,Chocolate,Pacific,CHO-TRI-54000,Wonka Bar - Triple Dazzle Caramel,15.0,4,9.8,5.2,Wicked Choccy's,115.0
8656,US-2024-112774-CHO-FUD-51000,2025-11-09,2026-03-05,First Class,112774,United States,Jacksonville,Florida,32216,Chocolate,Gulf,CHO-FUD-51000,Wonka Bar - Fudge Mallows,3.6,1,2.4,1.2,Lot's O' Nuts,116.0
8657,US-2024-160836-CHO-TRI-54000,2025-11-09,2026-03-09,Standard Class,160836,United States,Houston,Texas,77070,Chocolate,Interior,CHO-TRI-54000,Wonka Bar - Triple Dazzle Caramel,18.75,5,12.25,6.5,Wicked Choccy's,120.0
8658,US-2024-152898-CHO-SCR-58000,2025-11-09,2026-03-08,Standard Class,152898,United States,Richmond,Virginia,23223,Chocolate,Gulf,CHO-SCR-58000,Wonka Bar -Scrumdiddlyumptious,18.0,5,12.5,5.5,Lot's O' Nuts,119.0
8659,US-2024-160836-CHO-TRI-54000,2025-11-09,2026-03-09,Standard Class,160836,United States,Houston,Texas,77070,Chocolate,Interior,CHO-TRI-54000,Wonka Bar - Triple Dazzle Caramel,7.5,2,4.9,2.6,Wicked Choccy's,120.0
8660,US-2024-127726-CHO-TRI-54000,2025-11-09,2026-03-06,Second Class,127726,United States,Georgetown,Kentucky,40324,Chocolate,Gulf,CHO-TRI-54000,Wonka Bar - Triple Dazzle Caramel,15.0,4,9.8,5.2,Wicked Choccy's,117.0
8661,US-2024-144484-CHO-SCR-58000,2025-11-09,2026-03-04,Same Day,144484,United States,San Francisco,California,94110,Chocolate,Pacific,CHO-SCR-58000,Wonka Bar -Scrumdiddlyumptious,18.0,5,12.5,5.5,Lot's O' Nuts,115.0
8662,US-2024-142188-CHO-NUT-13000,2025-11-09,2026-03-04,Same Day,142188,United States,Seattle,Washington,98105,Chocolate,Pacific,CHO-NUT-13000,Wonka Bar - Nutty Crunch Surprise,17.45,5,12.45,5.0,Lot's O' Nuts,115.0
8663,US-2024-149559-CHO-NUT-13000,2025-11-09,2026-03-05,Same Day,149559,United States,Long Beach,California,90805,Chocolate,Pacific,CHO-NUT-13000,Wonka Bar - Nutty Crunch Surprise,6.98,2,4.98,2.0,Lot's O' Nuts,116.0
8664,US-2024-117044-CHO-FUD-51000,2025-11-09,2026-03-06,Second Class,117044,United States,Chicago,Illinois,60623,Chocolate,Interior,CHO-FUD-51000,Wonka Bar - Fudge Mallows,14.4,4,9.6,4.8,Lot's O' Nuts,117.0
8665,US-2024-127726-CHO-FUD-51000,2025-11-09,2026-03-06,Second Class,127726,United States,Georgetown,Kentucky,40324,Chocolate,Gulf,CHO-FUD-51000,Wonka Bar - Fudge Mallows,14.4,4,9.6,4.8,Lot's O' Nuts,117.0
8666,US-2024-142188-CHO-MIL-31000,2025-11-09,2026-03-04,Same Day,142188,United States,Seattle,Washington,98105,Chocolate,Pacific,CHO-MIL-31000,Wonka Bar - Milk Chocolate,9.75,3,6.33,3.42,Wicked Choccy's,115.0
8667,US-2024-166898-CHO-NUT-13000,2025-11-09,2026-03-06,Second Class,166898,United States,Santa Ana,California,92704,Chocolate,Pacific,CHO-NUT-13000,Wonka Bar - Nutty Crunch Surprise,10.47,3,7.47,3.0,Lot's O' Nuts,117.0
8668,US-2024-149559-CHO-NUT-13000,2025-11-09,2026-03-05,Same Day,149559,United States,Long Beach,California,90805,Chocolate,Pacific,CHO-NUT-13000,Wonka Bar - Nutty Crunch Surprise,6.98,2,4.98,2.0,Lot's O' Nuts,116.0
8669,US-2024-124898-OTH-KAZ-38000,2025-11-09,2026-03-08,Standard Class,124898,United States,Columbus,Georgia,31907,Other,Gulf,OTH-KAZ-38000,Kazookles,22.75,7,1.75,21.0,Secret Factory,119.0
8670,US-2024-117044-CHO-FUD-51000,2025-11-09,2026-03-06,Second Class,117044,United States,Chicago,Illinois,60623,Chocolate,Interior,CHO-FUD-51000,Wonka Bar - Fudge Mallows,21.6,6,14.4,7.2,Lot's O' Nuts,117.0
8671,US-2024-142188-CHO-TRI-54000,2025-11-09,2026-03-04,Same Day,142188,United States,Seattle,Washington,98105,Chocolate,Pacific,CHO-TRI-54000,Wonka Bar - Triple Dazzle Caramel,41.25,11,26.95,14.3,Wicked Choccy's,115.0
8672,US-2024-160836-CHO-NUT-13000,2025-11-09,2026-03-09,Standard Class,160836,United States,Houston,Texas,77070,Chocolate,Interior,CHO-NUT-13000,Wonka Bar - Nutty Crunch Surprise,10.47,3,7.47,3.0,Lot's O' Nuts,120.0
8673,US-2024-142188-CHO-SCR-58000,2025-11-09,2026-03-04,Same Day,142188,United States,Seattle,Washington,98105,Chocolate,Pacific,CHO-SCR-58000,Wonka Bar -Scrumdiddlyumptious,18.0,5,12.5,5.5,Lot's O' Nuts,115.0
8674,US-2024-166898-CHO-MIL-31000,2025-11-09,2026-03-06,Second Class,166898,United States,Santa Ana,California,92704,Chocolate,Pacific,CHO-MIL-31000,Wonka Bar - Milk Chocolate,19.5,6,12.66,6.84,Wicked Choccy's,117.0
8675,US-2024-103611-CHO-NUT-13000,2025-12-09,2026-03-08,First Class,103611,United States,Los Angeles,California,90036,Chocolate,Pacific,CHO-NUT-13000,Wonka Bar - Nutty Crunch Surprise,6.98,2,4.98,2.0,Lot's O' Nuts,89.0
8676,US-2024-140676-CHO-NUT-13000,2025-12-09,2026-03-08,First Class,140676,United States,Baltimore,Maryland,21215,Chocolate,Atlantic,CHO-NUT-13000,Wonka Bar - Nutty Crunch Surprise,24.43,7,17.43,7.0,Lot's O' Nuts,89.0
8677,US-2024-108749-CHO-FUD-51000,2025-12-09,2026-03-08,First Class,108749,United States,Woonsocket,Rhode Island,2895,Chocolate,Atlantic,CHO-FUD-51000,Wonka Bar - Fudge Mallows,10.8,3,7.2,3.6,Lot's O' Nuts,89.0
8678,US-2024-108749-CHO-NUT-13000,2025-12-09,2026-03-08,First Class,108749,United States,Woonsocket,Rhode Island,2895,Chocolate,Atlantic,CHO-NUT-13000,Wonka Bar - Nutty Crunch Surprise,24.43,7,17.43,7.0,Lot's O' Nuts,89.0
8679,US-2024-109582-CHO-TRI-54000,2025-12-09,2026-03-10,Second Class,109582,United States,Los Angeles,California,90036,Chocolate,Pacific,CHO-TRI-54000,Wonka Bar - Triple Dazzle Caramel,11.25,3,7.35,3.9,Wicked Choccy's,91.0
8680,US-2024-140676-CHO-TRI-54000,2025-12-09,2026-03-08,First Class,140676,United States,Baltimore,Maryland,21215,Chocolate,Atlantic,CHO-TRI-54000,Wonka Bar - Triple Dazzle Caramel,18.75,5,12.25,6.5,Wicked Choccy's,89.0
8681,US-2024-140676-CHO-TRI-54000,2025-12-09,2026-03-08,First Class,140676,United States,Baltimore,Maryland,21215,Chocolate,Atlantic,CHO-TRI-54000,Wonka Bar - Triple Dazzle Caramel,18.75,5,12.25,6.5,Wicked Choccy's,89.0
8944,US-2024-129378-CHO-NUT-13000,2025-01-10,2025-03-25,First Class,129378,United States,San Jose,California,95123,Chocolate,Pacific,CHO-NUT-13000,Wonka Bar - Nutty Crunch Surprise,13.96,4,9.96,4.0,Lot's O' Nuts,74.0
8945,US-2024-156951-CHO-MIL-31000,2025-01-10,2025-03-31,Standard Class,156951,United States,Seattle,Washington,98105,Chocolate,Pacific,CHO-MIL-31000,Wonka Bar - Milk Chocolate,9.75,3,6.33,3.42,Wicked Choccy's,80.0
8946,US-2024-129378-CHO-NUT-13000,2025-01-10,2025-03-25,First Class,129378,United States,San Jose,California,95123,Chocolate,Pacific,CHO-NUT-13000,Wonka Bar - Nutty Crunch Surprise,6.98,2,4.98,2.0,Lot's O' Nuts,74.0
8947,US-2024-152275-CHO-SCR-58000,2025-01-10,2025-03-31,Standard Class,152275,United States,San Antonio,Texas,78207,Chocolate,Interior,CHO-SCR-58000,Wonka Bar -Scrumdiddlyumptious,21.6,6,15.0,6.6,Lot's O' Nuts,80.0
8948,US-2024-156951-CHO-NUT-13000,2025-01-10,2025-03-31,Standard Class,156951,United States,Seattle,Washington,98105,Chocolate,Pacific,CHO-NUT-13000,Wonka Bar - Nutty Crunch Surprise,24.43,7,17.43,7.0,Lot's O' Nuts,80.0
8949,US-2024-129378-CHO-SCR-58000,2025-01-10,2025-03-25,First Class,129378,United States,San Jose,California,95123,Chocolate,Pacific,CHO-SCR-58000,Wonka Bar -Scrumdiddlyumptious,46.8,13,32.5,14.3,Lot's O' Nuts,74.0
8950,US-2024-129378-CHO-TRI-54000,2025-01-10,2025-03-25,First Class,129378,United States,San Jose,California,95123,Chocolate,Pacific,CHO-TRI-54000,Wonka Bar - Triple Dazzle Caramel,3.75,1,2.45,1.3,Wicked Choccy's,74.0
8951,US-2024-117807-CHO-TRI-54000,2025-01-10,2025-03-30,Standard Class,117807,United States,Fremont,Nebraska,68025,Chocolate,Interior,CHO-TRI-54000,Wonka Bar - Triple Dazzle Caramel,3.75,1,2.45,1.3,Wicked Choccy's,79.0
8952,US-2024-156951-CHO-FUD-51000,2025-01-10,2025-03-31,Standard Class,156951,United States,Seattle,Washington,98105,Chocolate,Pacific,CHO-FUD-51000,Wonka Bar - Fudge Mallows,10.8,3,7.2,3.6,Lot's O' Nuts,80.0
8953,US-2024-156951-CHO-MIL-31000,2025-01-10,2025-03-31,Standard Class,156951,United States,Seattle,Washington,98105,Chocolate,Pacific,CHO-MIL-31000,Wonka Bar - Milk Chocolate,26.0,8,16.88,9.12,Wicked Choccy's,80.0
8954,US-2024-139577-CHO-FUD-51000,2025-01-10,2025-03-29,Standard Class,139577,United States,San Francisco,California,94110,Chocolate,Pacific,CHO-FUD-51000,Wonka Bar - Fudge Mallows,18.0,5,12.0,6.0,Lot's O' Nuts,78.0
8955,US-2024-113418-CHO-FUD-51000,2025-01-10,2025-03-26,First Class,113418,United States,New York City,New York,10035,Chocolate,Atlantic,CHO-FUD-51000,Wonka Bar - Fudge Mallows,39.6,11,26.4,13.2,Lot's O' Nuts,75.0
8956,US-2024-141117-CHO-TRI-54000,2025-02-10,2025-03-31,Standard Class,141117,United States,Springfield,Oregon,97477,Chocolate,Pacific,CHO-TRI-54000,Wonka Bar - Triple Dazzle Caramel,22.5,6,14.7,7.8,Wicked Choccy's,49.0
8957,US-2024-137414-CHO-SCR-58000,2025-02-10,2025-03-29,Standard Class,137414,United States,San Francisco,California,94109,Chocolate,Pacific,CHO-SCR-58000,Wonka Bar -Scrumdiddlyumptious,7.2,2,5.0,2.2,Lot's O' Nuts,47.0
8958,US-2024-162558-CHO-SCR-58000,2025-02-10,2025-03-28,First Class,162558,United States,Knoxville,Tennessee,37918,Chocolate,Gulf,CHO-SCR-58000,Wonka Bar -Scrumdiddlyumptious,7.2,2,5.0,2.2,Lot's O' Nuts,46.0
8959,US-2024-116113-OTH-LIC-15000,2025-02-10,2025-03-29,Second Class,116113,United States,Montgomery,Alabama,36116,Other,Gulf,OTH-LIC-15000,Lickable Wallpaper,40.0,2,20.0,20.0,Secret Factory,47.0
8960,US-2024-126074-CHO-NUT-13000,2025-02-10,2025-03-29,Standard Class,126074,United States,Trenton,Michigan,48183,Chocolate,Interior,CHO-NUT-13000,Wonka Bar - Nutty Crunch Surprise,38.39,11,27.39,11.0,Lot's O' Nuts,47.0
8961,US-2024-162558-CHO-MIL-31000,2025-02-10,2025-03-28,First Class,162558,United States,Knoxville,Tennessee,37918,Chocolate,Gulf,CHO-MIL-31000,Wonka Bar - Milk Chocolate,6.5,2,4.22,2.28,Wicked Choccy's,46.0
8962,US-2024-162558-CHO-MIL-31000,2025-02-10,2025-03-28,First Class,162558,United States,Knoxville,Tennessee,37918,Chocolate,Gulf,CHO-MIL-31000,Wonka Bar - Milk Chocolate,3.25,1,2.11,1.14,Wicked Choccy's,46.0
8963,US-2024-162558-CHO-FUD-51000,2025-02-10,2025-03-28,First Class,162558,United States,Knoxville,Tennessee,37918,Chocolate,Gulf,CHO-FUD-51000,Wonka Bar - Fudge Mallows,25.2,7,16.8,8.4,Lot's O' Nuts,46.0
8964,US-2024-152926-CHO-TRI-54000,2025-02-10,2025-03-27,Second Class,152926,United States,Houston,Texas,77041,Chocolate,Interior,CHO-TRI-54000,Wonka Bar - Triple Dazzle Caramel,22.5,6,14.7,7.8,Wicked Choccy's,45.0
8965,US-2024-152926-CHO-TRI-54000,2025-02-10,2025-03-27,Second Class,152926,United States,Houston,Texas,77041,Chocolate,Interior,CHO-TRI-54000,Wonka Bar - Triple Dazzle Caramel,7.5,2,4.9,2.6,Wicked Choccy's,45.0
8966,US-2024-126074-CHO-TRI-54000,2025-02-10,2025-03-29,Standard Class,126074,United States,Trenton,Michigan,48183,Chocolate,Interior,CHO-TRI-54000,Wonka Bar - Triple Dazzle Caramel,26.25,7,17.15,9.1,Wicked Choccy's,47.0
8967,US-2024-141117-CHO-FUD-51000,2025-02-10,2025-03-31,Standard Class,141117,United States,Springfield,Oregon,97477,Chocolate,Pacific,CHO-FUD-51000,Wonka Bar - Fudge Mallows,25.2,7,16.8,8.4,Lot's O' Nuts,49.0
8968,US-2024-126074-CHO-MIL-31000,2025-02-10,2025-03-29,Standard Class,126074,United States,Trenton,Michigan,48183,Chocolate,Interior,CHO-MIL-31000,Wonka Bar - Milk Chocolate,3.25,1,2.11,1.14,Wicked Choccy's,47.0
8969,US-2024-162558-CHO-SCR-58000,2025-02-10,2025-03-28,First Class,162558,United States,Knoxville,Tennessee,37918,Chocolate,Gulf,CHO-SCR-58000,Wonka Bar -Scrumdiddlyumptious,10.8,3,7.5,3.3,Lot's O' Nuts,46.0
8970,US-2024-105914-CHO-TRI-54000,2025-02-10,2025-03-31,Standard Class,105914,United States,Los Angeles,California,90036,Chocolate,Pacific,CHO-TRI-54000,Wonka Bar - Triple Dazzle Caramel,18.75,5,12.25,6.5,Wicked Choccy's,49.0
8971,US-2024-126074-CHO-SCR-58000,2025-02-10,2025-03-29,Standard Class,126074,United States,Trenton,Michigan,48183,Chocolate,Interior,CHO-SCR-58000,Wonka Bar -Scrumdiddlyumptious,10.8,3,7.5,3.3,Lot's O' Nuts,47.0
8972,US-2024-141117-CHO-FUD-51000,2025-02-10,2025-03-31,Standard Class,141117,United States,Springfield,Oregon,97477,Chocolate,Pacific,CHO-FUD-51000,Wonka Bar - Fudge Mallows,25.2,7,16.8,8.4,Lot's O' Nuts,49.0
8973,US-2024-162558-CHO-SCR-58000,2025-02-10,2025-03-28,First Class,162558,United States,Knoxville,Tennessee,37918,Chocolate,Gulf,CHO-SCR-58000,Wonka Bar -Scrumdiddlyumptious,14.4,4,10.0,4.4,Lot's O' Nuts,46.0
8974,US-2024-101308-OTH-LIC-15000,2025-02-10,2025-03-30,Standard Class,101308,United States,Seattle,Washington,98105,Other,Pacific,OTH-LIC-15000,Lickable Wallpaper,60.0,3,30.0,30.0,Secret Factory,48.0
8975,US-2024-162558-CHO-NUT-13000,2025-02-10,2025-03-28,First Class,162558,United States,Knoxville,Tennessee,37918,Chocolate,Gulf,CHO-NUT-13000,Wonka Bar - Nutty Crunch Surprise,13.96,4,9.96,4.0,Lot's O' Nuts,46.0
8976,US-2024-147564-CHO-MIL-31000,2025-02-10,2025-03-29,Standard Class,147564,United States,New York City,New York,10011,Chocolate,Atlantic,CHO-MIL-31000,Wonka Bar - Milk Chocolate,13.0,4,8.44,4.56,Wicked Choccy's,47.0
8977,US-2024-105914-CHO-FUD-51000,2025-02-10,2025-03-31,Standard Class,105914,United States,Los Angeles,California,90036,Chocolate,Pacific,CHO-FUD-51000,Wonka Bar - Fudge Mallows,25.2,7,16.8,8.4,Lot's O' Nuts,49.0
8978,US-2024-141117-CHO-FUD-51000,2025-02-10,2025-03-31,Standard Class,141117,United States,Springfield,Oregon,97477,Chocolate,Pacific,CHO-FUD-51000,Wonka Bar - Fudge Mallows,21.6,6,14.4,7.2,Lot's O' Nuts,49.0
8979,US-2024-137414-CHO-FUD-51000,2025-02-10,2025-03-29,Standard Class,137414,United States,San Francisco,California,94109,Chocolate,Pacific,CHO-FUD-51000,Wonka Bar - Fudge Mallows,39.6,11,26.4,13.2,Lot's O' Nuts,47.0
8980,US-2024-123981-OTH-KAZ-38000,2025-02-10,2025-03-31,Standard Class,123981,United States,New York City,New York,10035,Other,Atlantic,OTH-KAZ-38000,Kazookles,3.25,1,0.25,3.0,Secret Factory,49.0
8981,US-2024-101308-CHO-MIL-31000,2025-02-10,2025-03-30,Standard Class,101308,United States,Seattle,Washington,98105,Chocolate,Pacific,CHO-MIL-31000,Wonka Bar - Milk Chocolate,6.5,2,4.22,2.28,Wicked Choccy's,48.0
8982,US-2024-143035-CHO-FUD-51000,2025-03-10,2025-03-28,Second Class,143035,United States,New York City,New York,10009,Chocolate,Atlantic,CHO-FUD-51000,Wonka Bar - Fudge Mallows,14.4,4,9.6,4.8,Lot's O' Nuts,18.0
8983,US-2024-101749-CHO-NUT-13000,2025-03-10,2025-03-31,Standard Class,101749,United States,Pasadena,California,91104,Chocolate,Pacific,CHO-NUT-13000,Wonka Bar - Nutty Crunch Surprise,10.47,3,7.47,3.0,Lot's O' Nuts,21.0
8984,US-2024-149853-CHO-SCR-58000,2025-03-10,2025-04-01,Standard Class,149853,United States,Hialeah,Florida,33012,Chocolate,Gulf,CHO-SCR-58000,Wonka Bar -Scrumdiddlyumptious,18.0,5,12.5,5.5,Lot's O' Nuts,22.0
8985,US-2024-143035-OTH-GUM-21000,2025-03-10,2025-03-28,Second Class,143035,United States,New York City,New York,10009,Other,Atlantic,OTH-GUM-21000,Wonka Gum,3.75,3,1.95,1.8,Secret Factory,18.0
8986,US-2024-144820-CHO-NUT-13000,2025-03-10,2025-03-30,Second Class,144820,United States,Pasadena,Texas,77506,Chocolate,Interior,CHO-NUT-13000,Wonka Bar - Nutty Crunch Surprise,17.45,5,12.45,5.0,Lot's O' Nuts,20.0
8987,US-2024-141789-CHO-FUD-51000,2025-03-10,2025-03-29,First Class,141789,United States,Minneapolis,Minnesota,55407,Chocolate,Interior,CHO-FUD-51000,Wonka Bar - Fudge Mallows,7.2,2,4.8,2.4,Lot's O' Nuts,19.0
8988,US-2024-149853-CHO-FUD-51000,2025-03-10,2025-04-01,Standard Class,149853,United States,Hialeah,Florida,33012,Chocolate,Gulf,CHO-FUD-51000,Wonka Bar - Fudge Mallows,10.8,3,7.2,3.6,Lot's O' Nuts,22.0
8989,US-2024-134607-CHO-SCR-58000,2025-03-10,2025-03-31,Second Class,134607,United States,Rochester,New York,14609,Chocolate,Atlantic,CHO-SCR-58000,Wonka Bar -Scrumdiddlyumptious,7.2,2,5.0,2.2,Lot's O' Nuts,21.0
8990,US-2024-143035-CHO-NUT-13000,2025-03-10,2025-03-28,Second Class,143035,United States,New York City,New York,10009,Chocolate,Atlantic,CHO-NUT-13000,Wonka Bar - Nutty Crunch Surprise,10.47,3,7.47,3.0,Lot's O' Nuts,18.0
8991,US-2024-163818-CHO-SCR-58000,2025-04-10,2026-03-31,Standard Class,163818,United States,Clinton,Maryland,20735,Chocolate,Atlantic,CHO-SCR-58000,Wonka Bar -Scrumdiddlyumptious,3.6,1,2.5,1.1,Lot's O' Nuts,355.0
8992,US-2024-131807-CHO-MIL-31000,2025-05-10,2026-04-02,Standard Class,131807,United States,Chico,California,95928,Chocolate,Pacific,CHO-MIL-31000,Wonka Bar - Milk Chocolate,13.0,4,8.44,4.56,Wicked Choccy's,327.0
8993,US-2024-143112-CHO-NUT-13000,2025-05-10,2026-04-01,Standard Class,143112,United States,New York City,New York,10035,Chocolate,Atlantic,CHO-NUT-13000,Wonka Bar - Nutty Crunch Surprise,6.98,2,4.98,2.0,Lot's O' Nuts,326.0
8994,US-2024-131807-CHO-FUD-51000,2025-05-10,2026-04-02,Standard Class,131807,United States,Chico,California,95928,Chocolate,Pacific,CHO-FUD-51000,Wonka Bar - Fudge Mallows,18.0,5,12.0,6.0,Lot's O' Nuts,327.0
8995,US-2024-131807-CHO-SCR-58000,2025-05-10,2026-04-02,Standard Class,131807,United States,Chico,California,95928,Chocolate,Pacific,CHO-SCR-58000,Wonka Bar -Scrumdiddlyumptious,10.8,3,7.5,3.3,Lot's O' Nuts,327.0
8996,US-2024-131807-CHO-TRI-54000,2025-05-10,2026-04-02,Standard Class,131807,United States,Chico,California,95928,Chocolate,Pacific,CHO-TRI-54000,Wonka Bar - Triple Dazzle Caramel,15.0,4,9.8,5.2,Wicked Choccy's,327.0
8997,US-2024-167661-CHO-TRI-54000,2025-05-10,2026-04-02,Standard Class,167661,United States,San Francisco,California,94110,Chocolate,Pacific,CHO-TRI-54000,Wonka Bar - Triple Dazzle Caramel,15.0,4,9.8,5.2,Wicked Choccy's,327.0
8998,US-2024-167661-CHO-MIL-31000,2025-05-10,2026-04-02,Standard Class,167661,United States,San Francisco,California,94110,Chocolate,Pacific,CHO-MIL-31000,Wonka Bar - Milk Chocolate,16.25,5,10.55,5.7,Wicked Choccy's,327.0
8999,US-2024-103247-CHO-FUD-51000,2025-05-10,2026-03-31,Second Class,103247,United States,New York City,New York,10011,Chocolate,Atlantic,CHO-FUD-51000,Wonka Bar - Fudge Mallows,10.8,3,7.2,3.6,Lot's O' Nuts,325.0
9000,US-2024-131807-OTH-LIC-15000,2025-05-10,2026-04-02,Standard Class,131807,United States,Chico,California,95928,Other,Pacific,OTH-LIC-15000,Lickable Wallpaper,100.0,5,50.0,50.0,Secret Factory,327.0
9001,US-2024-167661-CHO-TRI-54000,2025-05-10,2026-04-02,Standard Class,167661,United States,San Francisco,California,94110,Chocolate,Pacific,CHO-TRI-54000,Wonka Bar - Triple Dazzle Caramel,7.5,2,4.9,2.6,Wicked Choccy's,327.0
9002,US-2024-157672-CHO-SCR-58000,2025-05-10,2026-03-30,First Class,157672,United States,Denver,Colorado,80219,Chocolate,Pacific,CHO-SCR-58000,Wonka Bar -Scrumdiddlyumptious,7.2,2,5.0,2.2,Lot's O' Nuts,324.0
9003,US-2024-143112-OTH-KAZ-38000,2025-05-10,2026-04-01,Standard Class,143112,United States,New York City,New York,10035,Other,Atlantic,OTH-KAZ-38000,Kazookles,13.0,4,1.0,12.0,Secret Factory,326.0
9004,US-2024-131807-CHO-SCR-58000,2025-05-10,2026-04-02,Standard Class,131807,United States,Chico,California,95928,Chocolate,Pacific,CHO-SCR-58000,Wonka Bar -Scrumdiddlyumptious,3.6,1,2.5,1.1,Lot's O' Nuts,327.0
9005,US-2024-143112-CHO-SCR-58000,2025-05-10,2026-04-01,Standard Class,143112,United States,New York City,New York,10035,Chocolate,Atlantic,CHO-SCR-58000,Wonka Bar -Scrumdiddlyumptious,14.4,4,10.0,4.4,Lot's O' Nuts,326.0
9006,US-2024-103247-CHO-NUT-13000,2025-05-10,2026-03-31,Second Class,103247,United States,New York City,New York,10011,Chocolate,Atlantic,CHO-NUT-13000,Wonka Bar - Nutty Crunch Surprise,24.43,7,17.43,7.0,Lot's O' Nuts,325.0
9007,CA-2024-131807-CHO-MIL-31000,2025-05-10,2026-04-02,Standard Class,131807,Canada,Calgary,Alberta,T1Y,Chocolate,Pacific,CHO-MIL-31000,Wonka Bar - Milk Chocolate,6.5,2,4.22,2.28,Wicked Choccy's,327.0
9008,CA-2024-131807-CHO-FUD-51000,2025-05-10,2026-04-02,Standard Class,131807,Canada,Edmonton,Alberta,T5A,Chocolate,Pacific,CHO-FUD-51000,Wonka Bar - Fudge Mallows,18.0,5,12.0,6.0,Lot's O' Nuts,327.0
9009,CA-2024-131807-CHO-SCR-58000,2025-05-10,2026-04-02,Standard Class,131807,Canada,Edmonton,Alberta,T5A,Chocolate,Pacific,CHO-SCR-58000,Wonka Bar -Scrumdiddlyumptious,7.2,2,5.0,2.2,Lot's O' Nuts,327.0
9010,CA-2024-131807-CHO-TRI-54000,2025-05-10,2026-04-02,Standard Class,131807,Canada,Edmonton,Alberta,T5A,Chocolate,Pacific,CHO-TRI-54000,Wonka Bar - Triple Dazzle Caramel,7.5,2,4.9,2.6,Wicked Choccy's,327.0
9011,CA-2024-131807-OTH-LIC-15000,2025-05-10,2026-04-02,Standard Class,131807,Canada,Calgary,Alberta,T1Y,Other,Pacific,OTH-LIC-15000,Lickable Wallpaper,80.0,4,40.0,40.0,Secret Factory,327.0
9012,CA-2024-131807-CHO-SCR-58000,2025-05-10,2026-04-02,Standard Class,131807,Canada,Edmonton,Alberta,T5A,Chocolate,Pacific,CHO-SCR-58000,Wonka Bar -Scrumdiddlyumptious,14.4,4,10.0,4.4,Lot's O' Nuts,327.0
9013,US-2024-148054-CHO-FUD-51000,2025-06-10,2026-04-03,Standard Class,148054,United States,Meridian,Idaho,83642,Chocolate,Pacific,CHO-FUD-51000,Wonka Bar - Fudge Mallows,7.2,2,4.8,2.4,Lot's O' Nuts,297.0
9014,US-2024-148054-CHO-FUD-51000,2025-06-10,2026-04-03,Standard Class,148054,United States,Meridian,Idaho,83642,Chocolate,Pacific,CHO-FUD-51000,Wonka Bar - Fudge Mallows,14.4,4,9.6,4.8,Lot's O' Nuts,297.0
9015,US-2024-137421-CHO-MIL-31000,2025-06-10,2026-04-03,Standard Class,137421,United States,Chandler,Arizona,85224,Chocolate,Pacific,CHO-MIL-31000,Wonka Bar - Milk Chocolate,6.5,2,4.22,2.28,Wicked Choccy's,297.0
9016,US-2024-146269-CHO-MIL-31000,2025-06-10,2026-03-29,Same Day,146269,United States,Chicago,Illinois,60623,Chocolate,Interior,CHO-MIL-31000,Wonka Bar - Milk Chocolate,6.5,2,4.22,2.28,Wicked Choccy's,292.0
9017,US-2024-109099-CHO-TRI-54000,2025-06-10,2026-04-03,Standard Class,109099,United States,New York City,New York,10009,Chocolate,Atlantic,CHO-TRI-54000,Wonka Bar - Triple Dazzle Caramel,3.75,1,2.45,1.3,Wicked Choccy's,297.0
9018,US-2024-148054-CHO-TRI-54000,2025-06-10,2026-04-03,Standard Class,148054,United States,Meridian,Idaho,83642,Chocolate,Pacific,CHO-TRI-54000,Wonka Bar - Triple Dazzle Caramel,7.5,2,4.9,2.6,Wicked Choccy's,297.0
9019,US-2024-118577-CHO-MIL-31000,2025-06-10,2026-04-03,Standard Class,118577,United States,Belleville,New Jersey,7109,Chocolate,Atlantic,CHO-MIL-31000,Wonka Bar - Milk Chocolate,9.75,3,6.33,3.42,Wicked Choccy's,297.0
9020,US-2024-136868-CHO-FUD-51000,2025-06-10,2026-04-04,Standard Class,136868,United States,New York City,New York,10035,Chocolate,Atlantic,CHO-FUD-51000,Wonka Bar - Fudge Mallows,10.8,3,7.2,3.6,Lot's O' Nuts,298.0
9021,US-2024-118577-CHO-NUT-13000,2025-06-10,2026-04-03,Standard Class,118577,United States,Belleville,New Jersey,7109,Chocolate,Atlantic,CHO-NUT-13000,Wonka Bar - Nutty Crunch Surprise,3.49,1,2.49,1.0,Lot's O' Nuts,297.0
9022,US-2024-136868-CHO-NUT-13000,2025-06-10,2026-04-04,Standard Class,136868,United States,New York City,New York,10035,Chocolate,Atlantic,CHO-NUT-13000,Wonka Bar - Nutty Crunch Surprise,10.47,3,7.47,3.0,Lot's O' Nuts,298.0
9023,US-2024-146269-CHO-TRI-54000,2025-06-10,2026-03-29,Same Day,146269,United States,Chicago,Illinois,60623,Chocolate,Interior,CHO-TRI-54000,Wonka Bar - Triple Dazzle Caramel,7.5,2,4.9,2.6,Wicked Choccy's,292.0
9024,US-2024-136868-CHO-TRI-54000,2025-06-10,2026-04-04,Standard Class,136868,United States,New York City,New York,10035,Chocolate,Atlantic,CHO-TRI-54000,Wonka Bar - Triple Dazzle Caramel,15.0,4,9.8,5.2,Wicked Choccy's,298.0
9025,US-2024-104003-CHO-FUD-51000,2025-07-10,2026-04-05,Standard Class,104003,United States,San Francisco,California,94110,Chocolate,Pacific,CHO-FUD-51000,Wonka Bar - Fudge Mallows,7.2,2,4.8,2.4,Lot's O' Nuts,269.0
9026,US-2024-148404-CHO-FUD-51000,2025-07-10,2026-04-03,Standard Class,148404,United States,Charlotte,North Carolina,28205,Chocolate,Gulf,CHO-FUD-51000,Wonka Bar - Fudge Mallows,10.8,3,7.2,3.6,Lot's O' Nuts,267.0
9027,US-2024-128426-CHO-SCR-58000,2025-07-10,2026-04-03,Standard Class,128426,United States,Houston,Texas,77036,Chocolate,Interior,CHO-SCR-58000,Wonka Bar -Scrumdiddlyumptious,18.0,5,12.5,5.5,Lot's O' Nuts,267.0
9028,US-2024-148404-CHO-TRI-54000,2025-07-10,2026-04-03,Standard Class,148404,United States,Charlotte,North Carolina,28205,Chocolate,Gulf,CHO-TRI-54000,Wonka Bar - Triple Dazzle Caramel,22.5,6,14.7,7.8,Wicked Choccy's,267.0
9029,US-2024-148404-CHO-FUD-51000,2025-07-10,2026-04-03,Standard Class,148404,United States,Charlotte,North Carolina,28205,Chocolate,Gulf,CHO-FUD-51000,Wonka Bar - Fudge Mallows,10.8,3,7.2,3.6,Lot's O' Nuts,267.0
9030,US-2024-152709-CHO-MIL-31000,2025-07-10,2026-04-04,Standard Class,152709,United States,Detroit,Michigan,48234,Chocolate,Interior,CHO-MIL-31000,Wonka Bar - Milk Chocolate,6.5,2,4.22,2.28,Wicked Choccy's,268.0
9031,US-2024-148404-CHO-TRI-54000,2025-07-10,2026-04-03,Standard Class,148404,United States,Charlotte,North Carolina,28205,Chocolate,Gulf,CHO-TRI-54000,Wonka Bar - Triple Dazzle Caramel,15.0,4,9.8,5.2,Wicked Choccy's,267.0
9032,US-2024-108574-CHO-NUT-13000,2025-07-10,2026-04-03,Standard Class,108574,United States,Los Angeles,California,90045,Chocolate,Pacific,CHO-NUT-13000,Wonka Bar - Nutty Crunch Surprise,31.41,9,22.41,9.0,Lot's O' Nuts,267.0
9033,US-2024-108574-CHO-SCR-58000,2025-07-10,2026-04-03,Standard Class,108574,United States,Los Angeles,California,90045,Chocolate,Pacific,CHO-SCR-58000,Wonka Bar -Scrumdiddlyumptious,36.0,10,25.0,11.0,Lot's O' Nuts,267.0
9034,US-2024-108574-CHO-NUT-13000,2025-07-10,2026-04-03,Standard Class,108574,United States,Los Angeles,California,90045,Chocolate,Pacific,CHO-NUT-13000,Wonka Bar - Nutty Crunch Surprise,24.43,7,17.43,7.0,Lot's O' Nuts,267.0
9035,US-2024-148404-CHO-MIL-31000,2025-07-10,2026-04-03,Standard Class,148404,United States,Charlotte,North Carolina,28205,Chocolate,Gulf,CHO-MIL-31000,Wonka Bar - Milk Chocolate,6.5,2,4.22,2.28,Wicked Choccy's,267.0
9036,US-2024-168613-CHO-FUD-51000,2025-08-10,2026-04-06,Standard Class,168613,United States,New York City,New York,10009,Chocolate,Atlantic,CHO-FUD-51000,Wonka Bar - Fudge Mallows,7.2,2,4.8,2.4,Lot's O' Nuts,239.0
9037,US-2024-151596-CHO-MIL-31000,2025-08-10,2026-04-03,First Class,151596,United States,Cranston,Rhode Island,2920,Chocolate,Atlantic,CHO-MIL-31000,Wonka Bar - Milk Chocolate,3.25,1,2.11,1.14,Wicked Choccy's,236.0
9038,US-2024-105487-CHO-SCR-58000,2025-08-10,2026-04-06,Standard Class,105487,United States,San Diego,California,92105,Chocolate,Pacific,CHO-SCR-58000,Wonka Bar -Scrumdiddlyumptious,7.2,2,5.0,2.2,Lot's O' Nuts,239.0
9039,US-2024-105487-CHO-SCR-58000,2025-08-10,2026-04-06,Standard Class,105487,United States,San Diego,California,92105,Chocolate,Pacific,CHO-SCR-58000,Wonka Bar -Scrumdiddlyumptious,7.2,2,5.0,2.2,Lot's O' Nuts,239.0
9040,US-2024-105487-CHO-FUD-51000,2025-08-10,2026-04-06,Standard Class,105487,United States,San Diego,California,92105,Chocolate,Pacific,CHO-FUD-51000,Wonka Bar - Fudge Mallows,14.4,4,9.6,4.8,Lot's O' Nuts,239.0
9041,US-2024-105487-CHO-TRI-54000,2025-08-10,2026-04-06,Standard Class,105487,United States,San Diego,California,92105,Chocolate,Pacific,CHO-TRI-54000,Wonka Bar - Triple Dazzle Caramel,3.75,1,2.45,1.3,Wicked Choccy's,239.0
9042,US-2024-141873-CHO-MIL-31000,2025-09-10,2026-04-06,Standard Class,141873,United States,New York City,New York,10024,Chocolate,Atlantic,CHO-MIL-31000,Wonka Bar - Milk Chocolate,9.75,3,6.33,3.42,Wicked Choccy's,208.0
9043,US-2024-163125-CHO-SCR-58000,2025-09-10,2026-04-03,Second Class,163125,United States,League City,Texas,77573,Chocolate,Interior,CHO-SCR-58000,Wonka Bar -Scrumdiddlyumptious,10.8,3,7.5,3.3,Lot's O' Nuts,205.0
9044,US-2024-132430-CHO-NUT-13000,2025-09-10,2026-04-03,First Class,132430,United States,Lakewood,Ohio,44107,Chocolate,Atlantic,CHO-NUT-13000,Wonka Bar - Nutty Crunch Surprise,13.96,4,9.96,4.0,Lot's O' Nuts,205.0
9045,US-2024-117247-CHO-SCR-58000,2025-09-10,2026-04-06,Standard Class,117247,United States,Aurora,Illinois,60505,Chocolate,Interior,CHO-SCR-58000,Wonka Bar -Scrumdiddlyumptious,10.8,3,7.5,3.3,Lot's O' Nuts,208.0
9046,US-2024-117247-CHO-MIL-31000,2025-09-10,2026-04-06,Standard Class,117247,United States,Aurora,Illinois,60505,Chocolate,Interior,CHO-MIL-31000,Wonka Bar - Milk Chocolate,16.25,5,10.55,5.7,Wicked Choccy's,208.0
9047,US-2024-163125-CHO-SCR-58000,2025-09-10,2026-04-03,Second Class,163125,United States,League City,Texas,77573,Chocolate,Interior,CHO-SCR-58000,Wonka Bar -Scrumdiddlyumptious,25.2,7,17.5,7.7,Lot's O' Nuts,205.0
9048,US-2024-141873-CHO-SCR-58000,2025-09-10,2026-04-06,Standard Class,141873,United States,New York City,New York,10024,Chocolate,Atlantic,CHO-SCR-58000,Wonka Bar -Scrumdiddlyumptious,10.8,3,7.5,3.3,Lot's O' Nuts,208.0
9049,US-2024-141873-CHO-FUD-51000,2025-09-10,2026-04-06,Standard Class,141873,United States,New York City,New York,10024,Chocolate,Atlantic,CHO-FUD-51000,Wonka Bar - Fudge Mallows,21.6,6,14.4,7.2,Lot's O' Nuts,208.0
9050,US-2024-141873-CHO-FUD-51000,2025-09-10,2026-04-06,Standard Class,141873,United States,New York City,New York,10024,Chocolate,Atlantic,CHO-FUD-51000,Wonka Bar - Fudge Mallows,7.2,2,4.8,2.4,Lot's O' Nuts,208.0
9051,US-2024-115595-CHO-FUD-51000,2025-09-10,2026-04-03,First Class,115595,United States,Los Angeles,California,90032,Chocolate,Pacific,CHO-FUD-51000,Wonka Bar - Fudge Mallows,18.0,5,12.0,6.0,Lot's O' Nuts,205.0
9052,US-2024-162635-CHO-TRI-54000,2025-09-10,2026-04-02,First Class,162635,United States,Wilmington,North Carolina,28403,Chocolate,Gulf,CHO-TRI-54000,Wonka Bar - Triple Dazzle Caramel,15.0,4,9.8,5.2,Wicked Choccy's,204.0
9053,US-2024-111717-CHO-MIL-31000,2025-10-10,2026-04-08,Standard Class,111717,United States,Aurora,Illinois,60505,Chocolate,Interior,CHO-MIL-31000,Wonka Bar - Milk Chocolate,9.75,3,6.33,3.42,Wicked Choccy's,180.0
9054,CA-2024-126627-CHO-FUD-51000,2025-10-10,2026-04-04,First Class,126627,Canada,Winnipeg,Manitoba,R3R,Chocolate,Interior,CHO-FUD-51000,Wonka Bar - Fudge Mallows,14.4,4,9.6,4.8,Lot's O' Nuts,176.0
9055,CA-2024-126627-CHO-MIL-31000,2025-10-10,2026-04-04,First Class,126627,Canada,Winnipeg,Manitoba,R3R,Chocolate,Interior,CHO-MIL-31000,Wonka Bar - Milk Chocolate,6.5,2,4.22,2.28,Wicked Choccy's,176.0
9056,US-2024-150091-CHO-MIL-31000,2025-12-10,2026-04-08,Standard Class,150091,United States,Lakewood,New Jersey,8701,Chocolate,Atlantic,CHO-MIL-31000,Wonka Bar - Milk Chocolate,16.25,5,10.55,5.7,Wicked Choccy's,119.0
9057,US-2024-152702-CHO-MIL-31000,2025-12-10,2026-04-08,Standard Class,152702,United States,Rockford,Illinois,61107,Chocolate,Interior,CHO-MIL-31000,Wonka Bar - Milk Chocolate,45.5,14,29.54,15.96,Wicked Choccy's,119.0
9058,US-2024-150091-CHO-NUT-13000,2025-12-10,2026-04-08,Standard Class,150091,United States,Lakewood,New Jersey,8701,Chocolate,Atlantic,CHO-NUT-13000,Wonka Bar - Nutty Crunch Surprise,6.98,2,4.98,2.0,Lot's O' Nuts,119.0
9059,US-2024-130505-CHO-SCR-58000,2025-12-10,2026-04-04,Same Day,130505,United States,Wheeling,West Virginia,26003,Chocolate,Atlantic,CHO-SCR-58000,Wonka Bar -Scrumdiddlyumptious,10.8,3,7.5,3.3,Lot's O' Nuts,115.0
9060,US-2024-112431-CHO-NUT-13000,2025-12-10,2026-04-06,Second Class,112431,United States,Los Angeles,California,90049,Chocolate,Pacific,CHO-NUT-13000,Wonka Bar - Nutty Crunch Surprise,6.98,2,4.98,2.0,Lot's O' Nuts,117.0
9061,US-2024-126536-CHO-MIL-31000,2025-12-10,2026-04-06,First Class,126536,United States,San Francisco,California,94110,Chocolate,Pacific,CHO-MIL-31000,Wonka Bar - Milk Chocolate,16.25,5,10.55,5.7,Wicked Choccy's,117.0
9062,US-2024-168655-CHO-MIL-31000,2025-12-10,2026-04-10,Standard Class,168655,United States,Albuquerque,New Mexico,87105,Chocolate,Pacific,CHO-MIL-31000,Wonka Bar - Milk Chocolate,9.75,3,6.33,3.42,Wicked Choccy's,121.0
9063,US-2024-150091-CHO-SCR-58000,2025-12-10,2026-04-08,Standard Class,150091,United States,Lakewood,New Jersey,8701,Chocolate,Atlantic,CHO-SCR-58000,Wonka Bar -Scrumdiddlyumptious,18.0,5,12.5,5.5,Lot's O' Nuts,119.0
9064,US-2024-169607-CHO-FUD-51000,2025-12-10,2026-04-07,First Class,169607,United States,New York City,New York,10024,Chocolate,Atlantic,CHO-FUD-51000,Wonka Bar - Fudge Mallows,7.2,2,4.8,2.4,Lot's O' Nuts,118.0
9065,US-2024-152933-CHO-NUT-13000,2025-12-10,2026-04-08,Standard Class,152933,United States,Dallas,Texas,75081,Chocolate,Interior,CHO-NUT-13000,Wonka Bar - Nutty Crunch Surprise,6.98,2,4.98,2.0,Lot's O' Nuts,119.0
9066,US-2024-149146-SUG-HAI-55000,2025-12-10,2026-04-04,Same Day,149146,United States,Monroe,North Carolina,28110,Sugar,Gulf,SUG-HAI-55000,Hair Toffee,9.0,2,7.0,2.0,The Other Factory,115.0
9067,US-2024-169362-CHO-NUT-13000,2025-12-10,2026-04-07,First Class,169362,United States,Dallas,Texas,75217,Chocolate,Interior,CHO-NUT-13000,Wonka Bar - Nutty Crunch Surprise,6.98,2,4.98,2.0,Lot's O' Nuts,118.0
9068,US-2024-112431-CHO-MIL-31000,2025-12-10,2026-04-06,Second Class,112431,United States,Los Angeles,California,90049,Chocolate,Pacific,CHO-MIL-31000,Wonka Bar - Milk Chocolate,39.0,12,25.32,13.68,Wicked Choccy's,117.0
9069,US-2024-150091-CHO-MIL-31000,2025-12-10,2026-04-08,Standard Class,150091,United States,Lakewood,New Jersey,8701,Chocolate,Atlantic,CHO-MIL-31000,Wonka Bar - Milk Chocolate,9.75,3,6.33,3.42,Wicked Choccy's,119.0
9070,US-2024-168655-CHO-FUD-51000,2025-12-10,2026-04-10,Standard Class,168655,United States,Albuquerque,New Mexico,87105,Chocolate,Pacific,CHO-FUD-51000,Wonka Bar - Fudge Mallows,18.0,5,12.0,6.0,Lot's O' Nuts,121.0
9071,US-2024-152933-CHO-TRI-54000,2025-12-10,2026-04-08,Standard Class,152933,United States,Dallas,Texas,75081,Chocolate,Interior,CHO-TRI-54000,Wonka Bar - Triple Dazzle Caramel,11.25,3,7.35,3.9,Wicked Choccy's,119.0
9072,US-2024-126536-CHO-NUT-13000,2025-12-10,2026-04-06,First Class,126536,United States,San Francisco,California,94110,Chocolate,Pacific,CHO-NUT-13000,Wonka Bar - Nutty Crunch Surprise,3.49,1,2.49,1.0,Lot's O' Nuts,117.0
9073,US-2024-152933-CHO-NUT-13000,2025-12-10,2026-04-08,Standard Class,152933,United States,Dallas,Texas,75081,Chocolate,Interior,CHO-NUT-13000,Wonka Bar - Nutty Crunch Surprise,24.43,7,17.43,7.0,Lot's O' Nuts,119.0
9253,US-2024-123967-CHO-TRI-54000,2025-01-11,2025-04-26,Second Class,123967,United States,Bellingham,Washington,98226,Chocolate,Pacific,CHO-TRI-54000,Wonka Bar - Triple Dazzle Caramel,33.75,9,22.05,11.7,Wicked Choccy's,105.0
9254,US-2024-123967-CHO-SCR-58000,2025-01-11,2025-04-26,Second Class,123967,United States,Bellingham,Washington,98226,Chocolate,Pacific,CHO-SCR-58000,Wonka Bar -Scrumdiddlyumptious,18.0,5,12.5,5.5,Lot's O' Nuts,105.0
9255,US-2024-104136-CHO-TRI-54000,2025-01-11,2025-04-27,Second Class,104136,United States,Everett,Massachusetts,2149,Chocolate,Atlantic,CHO-TRI-54000,Wonka Bar - Triple Dazzle Caramel,3.75,1,2.45,1.3,Wicked Choccy's,106.0
9256,US-2024-104136-CHO-TRI-54000,2025-01-11,2025-04-27,Second Class,104136,United States,Everett,Massachusetts,2149,Chocolate,Atlantic,CHO-TRI-54000,Wonka Bar - Triple Dazzle Caramel,37.5,10,24.5,13.0,Wicked Choccy's,106.0
9257,US-2024-143567-CHO-FUD-51000,2025-02-11,2025-04-28,Second Class,143567,United States,Henderson,Kentucky,42420,Chocolate,Gulf,CHO-FUD-51000,Wonka Bar - Fudge Mallows,14.4,4,9.6,4.8,Lot's O' Nuts,76.0
9258,US-2024-120061-CHO-MIL-31000,2025-02-11,2025-04-30,Second Class,120061,United States,Springfield,Ohio,45503,Chocolate,Atlantic,CHO-MIL-31000,Wonka Bar - Milk Chocolate,6.5,2,4.22,2.28,Wicked Choccy's,78.0
9259,US-2024-127782-CHO-MIL-31000,2025-02-11,2025-04-29,Standard Class,127782,United States,Philadelphia,Pennsylvania,19140,Chocolate,Atlantic,CHO-MIL-31000,Wonka Bar - Milk Chocolate,3.25,1,2.11,1.14,Wicked Choccy's,77.0
9260,US-2024-163790-OTH-KAZ-38000,2025-02-11,2025-04-27,Second Class,163790,United States,Danville,California,94526,Other,Pacific,OTH-KAZ-38000,Kazookles,9.75,3,0.75,9.0,Secret Factory,75.0
9261,US-2024-127782-CHO-SCR-58000,2025-02-11,2025-04-29,Standard Class,127782,United States,Philadelphia,Pennsylvania,19140,Chocolate,Atlantic,CHO-SCR-58000,Wonka Bar -Scrumdiddlyumptious,10.8,3,7.5,3.3,Lot's O' Nuts,77.0
9262,US-2024-167227-CHO-SCR-58000,2025-02-11,2025-04-28,First Class,167227,United States,Saint Louis,Missouri,63116,Chocolate,Interior,CHO-SCR-58000,Wonka Bar -Scrumdiddlyumptious,36.0,10,25.0,11.0,Lot's O' Nuts,76.0
9263,US-2024-115609-CHO-FUD-51000,2025-02-11,2025-04-30,Standard Class,115609,United States,Los Angeles,California,90036,Chocolate,Pacific,CHO-FUD-51000,Wonka Bar - Fudge Mallows,18.0,5,12.0,6.0,Lot's O' Nuts,78.0
9264,US-2024-169005-CHO-SCR-58000,2025-02-11,2025-04-29,Standard Class,169005,United States,Springfield,Virginia,22153,Chocolate,Gulf,CHO-SCR-58000,Wonka Bar -Scrumdiddlyumptious,7.2,2,5.0,2.2,Lot's O' Nuts,77.0
9265,US-2024-145597-CHO-SCR-58000,2025-02-11,2025-04-28,First Class,145597,United States,Bloomington,Illinois,61701,Chocolate,Interior,CHO-SCR-58000,Wonka Bar -Scrumdiddlyumptious,14.4,4,10.0,4.4,Lot's O' Nuts,76.0
9266,US-2024-163790-CHO-SCR-58000,2025-02-11,2025-04-27,Second Class,163790,United States,Danville,California,94526,Chocolate,Pacific,CHO-SCR-58000,Wonka Bar -Scrumdiddlyumptious,18.0,5,12.5,5.5,Lot's O' Nuts,75.0
9267,US-2024-116358-CHO-MIL-31000,2025-02-11,2025-04-29,Standard Class,116358,United States,Overland Park,Kansas,66212,Chocolate,Interior,CHO-MIL-31000,Wonka Bar - Milk Chocolate,19.5,6,12.66,6.84,Wicked Choccy's,77.0
9268,US-2024-163790-OTH-LIC-15000,2025-02-11,2025-04-27,Second Class,163790,United States,Danville,California,94526,Other,Pacific,OTH-LIC-15000,Lickable Wallpaper,120.0,6,60.0,60.0,Secret Factory,75.0
9269,US-2024-163790-CHO-FUD-51000,2025-02-11,2025-04-27,Second Class,163790,United States,Danville,California,94526,Chocolate,Pacific,CHO-FUD-51000,Wonka Bar - Fudge Mallows,25.2,7,16.8,8.4,Lot's O' Nuts,75.0
9270,US-2024-127782-CHO-NUT-13000,2025-02-11,2025-04-29,Standard Class,127782,United States,Philadelphia,Pennsylvania,19140,Chocolate,Atlantic,CHO-NUT-13000,Wonka Bar - Nutty Crunch Surprise,10.47,3,7.47,3.0,Lot's O' Nuts,77.0
9271,US-2024-143567-OTH-LIC-15000,2025-02-11,2025-04-28,Second Class,143567,United States,Henderson,Kentucky,42420,Other,Gulf,OTH-LIC-15000,Lickable Wallpaper,40.0,2,20.0,20.0,Secret Factory,76.0
9272,US-2024-116358-CHO-NUT-13000,2025-02-11,2025-04-29,Standard Class,116358,United States,Overland Park,Kansas,66212,Chocolate,Interior,CHO-NUT-13000,Wonka Bar - Nutty Crunch Surprise,10.47,3,7.47,3.0,Lot's O' Nuts,77.0
9273,US-2024-163790-CHO-MIL-31000,2025-02-11,2025-04-27,Second Class,163790,United States,Danville,California,94526,Chocolate,Pacific,CHO-MIL-31000,Wonka Bar - Milk Chocolate,9.75,3,6.33,3.42,Wicked Choccy's,75.0
9274,US-2024-164049-CHO-SCR-58000,2025-02-11,2025-04-29,Standard Class,164049,United States,Seattle,Washington,98105,Chocolate,Pacific,CHO-SCR-58000,Wonka Bar -Scrumdiddlyumptious,18.0,5,12.5,5.5,Lot's O' Nuts,77.0
9275,US-2024-168179-CHO-NUT-13000,2025-02-11,2025-04-30,Standard Class,168179,United States,Salt Lake City,Utah,84106,Chocolate,Pacific,CHO-NUT-13000,Wonka Bar - Nutty Crunch Surprise,10.47,3,7.47,3.0,Lot's O' Nuts,78.0
9276,US-2024-167227-CHO-NUT-13000,2025-02-11,2025-04-28,First Class,167227,United States,Saint Louis,Missouri,63116,Chocolate,Interior,CHO-NUT-13000,Wonka Bar - Nutty Crunch Surprise,6.98,2,4.98,2.0,Lot's O' Nuts,76.0
9277,US-2024-163790-CHO-TRI-54000,2025-02-11,2025-04-27,Second Class,163790,United States,Danville,California,94526,Chocolate,Pacific,CHO-TRI-54000,Wonka Bar - Triple Dazzle Caramel,26.25,7,17.15,9.1,Wicked Choccy's,75.0
9278,US-2024-143567-CHO-NUT-13000,2025-02-11,2025-04-28,Second Class,143567,United States,Henderson,Kentucky,42420,Chocolate,Gulf,CHO-NUT-13000,Wonka Bar - Nutty Crunch Surprise,13.96,4,9.96,4.0,Lot's O' Nuts,76.0
9279,US-2024-141425-CHO-SCR-58000,2025-02-11,2025-04-29,Second Class,141425,United States,Columbus,Ohio,43229,Chocolate,Atlantic,CHO-SCR-58000,Wonka Bar -Scrumdiddlyumptious,7.2,2,5.0,2.2,Lot's O' Nuts,77.0
9280,US-2024-143567-CHO-NUT-13000,2025-02-11,2025-04-28,Second Class,143567,United States,Henderson,Kentucky,42420,Chocolate,Gulf,CHO-NUT-13000,Wonka Bar - Nutty Crunch Surprise,31.41,9,22.41,9.0,Lot's O' Nuts,76.0
9281,US-2024-127782-CHO-NUT-13000,2025-02-11,2025-04-29,Standard Class,127782,United States,Philadelphia,Pennsylvania,19140,Chocolate,Atlantic,CHO-NUT-13000,Wonka Bar - Nutty Crunch Surprise,13.96,4,9.96,4.0,Lot's O' Nuts,77.0
9282,US-2024-142636-CHO-TRI-54000,2025-03-11,2025-04-30,Standard Class,142636,United States,Seattle,Washington,98105,Chocolate,Pacific,CHO-TRI-54000,Wonka Bar - Triple Dazzle Caramel,15.0,4,9.8,5.2,Wicked Choccy's,50.0
9283,US-2024-143329-CHO-SCR-58000,2025-03-11,2025-05-01,Standard Class,143329,United States,Las Cruces,New Mexico,88001,Chocolate,Pacific,CHO-SCR-58000,Wonka Bar -Scrumdiddlyumptious,10.8,3,7.5,3.3,Lot's O' Nuts,51.0
9284,US-2024-153339-CHO-NUT-13000,2025-03-11,2025-04-28,Second Class,153339,United States,Murfreesboro,Tennessee,37130,Chocolate,Gulf,CHO-NUT-13000,Wonka Bar - Nutty Crunch Surprise,3.49,1,2.49,1.0,Lot's O' Nuts,48.0
9285,US-2024-135419-CHO-FUD-51000,2025-03-11,2025-05-02,Standard Class,135419,United States,Bakersfield,California,93309,Chocolate,Pacific,CHO-FUD-51000,Wonka Bar - Fudge Mallows,14.4,4,9.6,4.8,Lot's O' Nuts,52.0
9286,US-2024-105998-CHO-MIL-31000,2025-03-11,2025-04-28,First Class,105998,United States,San Diego,California,92037,Chocolate,Pacific,CHO-MIL-31000,Wonka Bar - Milk Chocolate,39.0,12,25.32,13.68,Wicked Choccy's,48.0
9287,US-2024-100622-CHO-TRI-54000,2025-03-11,2025-04-30,Standard Class,100622,United States,Orlando,Florida,32839,Chocolate,Gulf,CHO-TRI-54000,Wonka Bar - Triple Dazzle Caramel,7.5,2,4.9,2.6,Wicked Choccy's,50.0
9288,US-2024-110429-CHO-NUT-13000,2025-03-11,2025-05-01,Standard Class,110429,United States,Philadelphia,Pennsylvania,19143,Chocolate,Atlantic,CHO-NUT-13000,Wonka Bar - Nutty Crunch Surprise,10.47,3,7.47,3.0,Lot's O' Nuts,51.0
9289,US-2024-168802-CHO-SCR-58000,2025-03-11,2025-04-30,Standard Class,168802,United States,Seattle,Washington,98103,Chocolate,Pacific,CHO-SCR-58000,Wonka Bar -Scrumdiddlyumptious,14.4,4,10.0,4.4,Lot's O' Nuts,50.0
9290,US-2024-100622-CHO-NUT-13000,2025-03-11,2025-04-30,Standard Class,100622,United States,Orlando,Florida,32839,Chocolate,Gulf,CHO-NUT-13000,Wonka Bar - Nutty Crunch Surprise,6.98,2,4.98,2.0,Lot's O' Nuts,50.0
9291,US-2024-121615-CHO-FUD-51000,2025-03-11,2025-05-02,Standard Class,121615,United States,Eagan,Minnesota,55122,Chocolate,Interior,CHO-FUD-51000,Wonka Bar - Fudge Mallows,10.8,3,7.2,3.6,Lot's O' Nuts,52.0
9292,US-2024-126046-CHO-TRI-54000,2025-03-11,2025-04-30,Standard Class,126046,United States,Atlanta,Georgia,30318,Chocolate,Gulf,CHO-TRI-54000,Wonka Bar - Triple Dazzle Caramel,11.25,3,7.35,3.9,Wicked Choccy's,50.0
9293,US-2024-142636-CHO-MIL-31000,2025-03-11,2025-04-30,Standard Class,142636,United States,Seattle,Washington,98105,Chocolate,Pacific,CHO-MIL-31000,Wonka Bar - Milk Chocolate,22.75,7,14.77,7.98,Wicked Choccy's,50.0
9294,US-2024-121615-CHO-TRI-54000,2025-03-11,2025-05-02,Standard Class,121615,United States,Eagan,Minnesota,55122,Chocolate,Interior,CHO-TRI-54000,Wonka Bar - Triple Dazzle Caramel,7.5,2,4.9,2.6,Wicked Choccy's,52.0
9295,US-2024-103009-OTH-GUM-21000,2025-03-11,2025-04-28,Second Class,103009,United States,Richmond,Kentucky,40475,Other,Gulf,OTH-GUM-21000,Wonka Gum,6.25,5,3.25,3.0,Secret Factory,48.0
9296,US-2024-100622-CHO-SCR-58000,2025-03-11,2025-04-30,Standard Class,100622,United States,Orlando,Florida,32839,Chocolate,Gulf,CHO-SCR-58000,Wonka Bar -Scrumdiddlyumptious,7.2,2,5.0,2.2,Lot's O' Nuts,50.0
9297,US-2024-148320-CHO-MIL-31000,2025-03-11,2025-05-01,Standard Class,148320,United States,San Francisco,California,94109,Chocolate,Pacific,CHO-MIL-31000,Wonka Bar - Milk Chocolate,19.5,6,12.66,6.84,Wicked Choccy's,51.0
9298,US-2024-130834-CHO-TRI-54000,2025-03-11,2025-04-29,Second Class,130834,United States,Wilmington,North Carolina,28403,Chocolate,Gulf,CHO-TRI-54000,Wonka Bar - Triple Dazzle Caramel,11.25,3,7.35,3.9,Wicked Choccy's,49.0
9299,US-2024-121615-CHO-TRI-54000,2025-03-11,2025-05-02,Standard Class,121615,United States,Eagan,Minnesota,55122,Chocolate,Interior,CHO-TRI-54000,Wonka Bar - Triple Dazzle Caramel,18.75,5,12.25,6.5,Wicked Choccy's,52.0
9300,US-2024-101518-CHO-SCR-58000,2025-03-11,2025-05-01,Standard Class,101518,United States,Philadelphia,Pennsylvania,19140,Chocolate,Atlantic,CHO-SCR-58000,Wonka Bar -Scrumdiddlyumptious,10.8,3,7.5,3.3,Lot's O' Nuts,51.0
9301,US-2024-110989-CHO-MIL-31000,2025-03-11,2025-04-28,Second Class,110989,United States,Seattle,Washington,98105,Chocolate,Pacific,CHO-MIL-31000,Wonka Bar - Milk Chocolate,9.75,3,6.33,3.42,Wicked Choccy's,48.0
9302,US-2024-105998-CHO-MIL-31000,2025-03-11,2025-04-28,First Class,105998,United States,San Diego,California,92037,Chocolate,Pacific,CHO-MIL-31000,Wonka Bar - Milk Chocolate,16.25,5,10.55,5.7,Wicked Choccy's,48.0
9303,US-2024-100622-CHO-TRI-54000,2025-03-11,2025-04-30,Standard Class,100622,United States,Orlando,Florida,32839,Chocolate,Gulf,CHO-TRI-54000,Wonka Bar - Triple Dazzle Caramel,7.5,2,4.9,2.6,Wicked Choccy's,50.0
9304,US-2024-161130-CHO-FUD-51000,2025-03-11,2025-05-01,Standard Class,161130,United States,Miami,Florida,33178,Chocolate,Gulf,CHO-FUD-51000,Wonka Bar - Fudge Mallows,7.2,2,4.8,2.4,Lot's O' Nuts,51.0
9305,US-2024-147760-CHO-FUD-51000,2025-04-11,2025-04-28,First Class,147760,United States,Greensboro,North Carolina,27405,Chocolate,Gulf,CHO-FUD-51000,Wonka Bar - Fudge Mallows,10.8,3,7.2,3.6,Lot's O' Nuts,17.0
9306,US-2024-168116-CHO-NUT-13000,2025-04-11,2025-04-27,Same Day,168116,United States,Burlington,North Carolina,27217,Chocolate,Gulf,CHO-NUT-13000,Wonka Bar - Nutty Crunch Surprise,6.98,2,4.98,2.0,Lot's O' Nuts,16.0
9307,US-2024-159135-CHO-TRI-54000,2025-04-11,2025-05-01,Standard Class,159135,United States,Springdale,Arkansas,72762,Chocolate,Gulf,CHO-TRI-54000,Wonka Bar - Triple Dazzle Caramel,7.5,2,4.9,2.6,Wicked Choccy's,20.0
9308,US-2024-121160-CHO-SCR-58000,2025-04-11,2025-04-27,Same Day,121160,United States,Bryan,Texas,77803,Chocolate,Interior,CHO-SCR-58000,Wonka Bar -Scrumdiddlyumptious,21.6,6,15.0,6.6,Lot's O' Nuts,16.0
9309,US-2024-121160-CHO-MIL-31000,2025-04-11,2025-04-27,Same Day,121160,United States,Bryan,Texas,77803,Chocolate,Interior,CHO-MIL-31000,Wonka Bar - Milk Chocolate,6.5,2,4.22,2.28,Wicked Choccy's,16.0
9310,US-2024-121160-CHO-SCR-58000,2025-04-11,2025-04-27,Same Day,121160,United States,Bryan,Texas,77803,Chocolate,Interior,CHO-SCR-58000,Wonka Bar -Scrumdiddlyumptious,14.4,4,10.0,4.4,Lot's O' Nuts,16.0
9311,US-2024-102610-CHO-TRI-54000,2025-04-11,2025-05-01,Standard Class,102610,United States,Chattanooga,Tennessee,37421,Chocolate,Gulf,CHO-TRI-54000,Wonka Bar - Triple Dazzle Caramel,7.5,2,4.9,2.6,Wicked Choccy's,20.0
9312,US-2024-102610-CHO-MIL-31000,2025-04-11,2025-05-01,Standard Class,102610,United States,Chattanooga,Tennessee,37421,Chocolate,Gulf,CHO-MIL-31000,Wonka Bar - Milk Chocolate,6.5,2,4.22,2.28,Wicked Choccy's,20.0
9313,US-2024-105144-CHO-FUD-51000,2025-04-11,2025-05-04,Standard Class,105144,United States,Grand Prairie,Texas,75051,Chocolate,Interior,CHO-FUD-51000,Wonka Bar - Fudge Mallows,7.2,2,4.8,2.4,Lot's O' Nuts,23.0
9314,US-2024-156083-CHO-NUT-13000,2025-04-11,2025-05-04,Standard Class,156083,United States,Columbia,Tennessee,38401,Chocolate,Gulf,CHO-NUT-13000,Wonka Bar - Nutty Crunch Surprise,6.98,2,4.98,2.0,Lot's O' Nuts,23.0
9315,US-2024-122672-CHO-FUD-51000,2025-04-11,2025-05-02,Standard Class,122672,United States,Lancaster,Ohio,43130,Chocolate,Atlantic,CHO-FUD-51000,Wonka Bar - Fudge Mallows,10.8,3,7.2,3.6,Lot's O' Nuts,21.0
9316,US-2024-121160-CHO-TRI-54000,2025-04-11,2025-04-27,Same Day,121160,United States,Bryan,Texas,77803,Chocolate,Interior,CHO-TRI-54000,Wonka Bar - Triple Dazzle Caramel,11.25,3,7.35,3.9,Wicked Choccy's,16.0
9317,US-2024-102610-CHO-NUT-13000,2025-04-11,2025-05-01,Standard Class,102610,United States,Chattanooga,Tennessee,37421,Chocolate,Gulf,CHO-NUT-13000,Wonka Bar - Nutty Crunch Surprise,10.47,3,7.47,3.0,Lot's O' Nuts,20.0
9318,US-2024-122672-CHO-MIL-31000,2025-04-11,2025-05-02,Standard Class,122672,United States,Lancaster,Ohio,43130,Chocolate,Atlantic,CHO-MIL-31000,Wonka Bar - Milk Chocolate,13.0,4,8.44,4.56,Wicked Choccy's,21.0
9319,US-2024-168116-OTH-GUM-21000,2025-04-11,2025-04-27,Same Day,168116,United States,Burlington,North Carolina,27217,Other,Gulf,OTH-GUM-21000,Wonka Gum,5.0,4,2.6,2.4,Secret Factory,16.0
9320,US-2024-102610-CHO-SCR-58000,2025-04-11,2025-05-01,Standard Class,102610,United States,Chattanooga,Tennessee,37421,Chocolate,Gulf,CHO-SCR-58000,Wonka Bar -Scrumdiddlyumptious,32.4,9,22.5,9.9,Lot's O' Nuts,20.0
9321,US-2024-147760-CHO-MIL-31000,2025-04-11,2025-04-28,First Class,147760,United States,Greensboro,North Carolina,27405,Chocolate,Gulf,CHO-MIL-31000,Wonka Bar - Milk Chocolate,16.25,5,10.55,5.7,Wicked Choccy's,17.0
9322,US-2024-102925-CHO-NUT-13000,2025-05-11,2026-05-03,Second Class,102925,United States,New York City,New York,10024,Chocolate,Atlantic,CHO-NUT-13000,Wonka Bar - Nutty Crunch Surprise,6.98,2,4.98,2.0,Lot's O' Nuts,357.0
9323,US-2024-102925-CHO-TRI-54000,2025-05-11,2026-05-03,Second Class,102925,United States,New York City,New York,10024,Chocolate,Atlantic,CHO-TRI-54000,Wonka Bar - Triple Dazzle Caramel,18.75,5,12.25,6.5,Wicked Choccy's,357.0
9324,US-2024-102925-CHO-NUT-13000,2025-05-11,2026-05-03,Second Class,102925,United States,New York City,New York,10024,Chocolate,Atlantic,CHO-NUT-13000,Wonka Bar - Nutty Crunch Surprise,6.98,2,4.98,2.0,Lot's O' Nuts,357.0
9325,US-2024-154732-CHO-MIL-31000,2025-05-11,2026-04-30,First Class,154732,United States,Chicago,Illinois,60623,Chocolate,Interior,CHO-MIL-31000,Wonka Bar - Milk Chocolate,16.25,5,10.55,5.7,Wicked Choccy's,354.0
9326,US-2024-102925-CHO-MIL-31000,2025-05-11,2026-05-03,Second Class,102925,United States,New York City,New York,10024,Chocolate,Atlantic,CHO-MIL-31000,Wonka Bar - Milk Chocolate,3.25,1,2.11,1.14,Wicked Choccy's,357.0
9327,US-2024-102925-CHO-SCR-58000,2025-05-11,2026-05-03,Second Class,102925,United States,New York City,New York,10024,Chocolate,Atlantic,CHO-SCR-58000,Wonka Bar -Scrumdiddlyumptious,21.6,6,15.0,6.6,Lot's O' Nuts,357.0
9328,US-2024-107272-CHO-SCR-58000,2025-05-11,2026-05-05,Standard Class,107272,United States,Phoenix,Arizona,85023,Chocolate,Pacific,CHO-SCR-58000,Wonka Bar -Scrumdiddlyumptious,7.2,2,5.0,2.2,Lot's O' Nuts,359.0
9329,US-2024-118213-OTH-GUM-21000,2025-05-11,2026-04-30,First Class,118213,United States,Greenwood,Indiana,46142,Other,Interior,OTH-GUM-21000,Wonka Gum,3.75,3,1.95,1.8,Secret Factory,354.0
9330,US-2024-102925-CHO-SCR-58000,2025-05-11,2026-05-03,Second Class,102925,United States,New York City,New York,10024,Chocolate,Atlantic,CHO-SCR-58000,Wonka Bar -Scrumdiddlyumptious,7.2,2,5.0,2.2,Lot's O' Nuts,357.0
9331,US-2024-118213-CHO-TRI-54000,2025-05-11,2026-04-30,First Class,118213,United States,Greenwood,Indiana,46142,Chocolate,Interior,CHO-TRI-54000,Wonka Bar - Triple Dazzle Caramel,3.75,1,2.45,1.3,Wicked Choccy's,354.0
9332,US-2024-157196-CHO-NUT-13000,2025-05-11,2026-05-02,Standard Class,157196,United States,San Diego,California,92105,Chocolate,Pacific,CHO-NUT-13000,Wonka Bar - Nutty Crunch Surprise,6.98,2,4.98,2.0,Lot's O' Nuts,356.0
9333,US-2024-118213-CHO-TRI-54000,2025-05-11,2026-04-30,First Class,118213,United States,Greenwood,Indiana,46142,Chocolate,Interior,CHO-TRI-54000,Wonka Bar - Triple Dazzle Caramel,37.5,10,24.5,13.0,Wicked Choccy's,354.0
9334,US-2024-102925-CHO-TRI-54000,2025-05-11,2026-05-03,Second Class,102925,United States,New York City,New York,10024,Chocolate,Atlantic,CHO-TRI-54000,Wonka Bar - Triple Dazzle Caramel,7.5,2,4.9,2.6,Wicked Choccy's,357.0
9335,US-2024-107272-CHO-MIL-31000,2025-05-11,2026-05-05,Standard Class,107272,United States,Phoenix,Arizona,85023,Chocolate,Pacific,CHO-MIL-31000,Wonka Bar - Milk Chocolate,22.75,7,14.77,7.98,Wicked Choccy's,359.0
9336,US-2024-116225-CHO-SCR-58000,2025-05-11,2026-05-02,Standard Class,116225,United States,New York City,New York,10009,Chocolate,Atlantic,CHO-SCR-58000,Wonka Bar -Scrumdiddlyumptious,18.0,5,12.5,5.5,Lot's O' Nuts,356.0
9337,US-2024-111745-CHO-NUT-13000,2025-05-11,2026-04-29,First Class,111745,United States,Farmington,New Mexico,87401,Chocolate,Pacific,CHO-NUT-13000,Wonka Bar - Nutty Crunch Surprise,3.49,1,2.49,1.0,Lot's O' Nuts,353.0
9338,US-2024-102925-CHO-FUD-51000,2025-05-11,2026-05-03,Second Class,102925,United States,New York City,New York,10024,Chocolate,Atlantic,CHO-FUD-51000,Wonka Bar - Fudge Mallows,7.2,2,4.8,2.4,Lot's O' Nuts,357.0
9339,US-2024-114258-CHO-MIL-31000,2025-05-11,2026-05-03,Second Class,114258,United States,Dallas,Texas,75081,Chocolate,Interior,CHO-MIL-31000,Wonka Bar - Milk Chocolate,13.0,4,8.44,4.56,Wicked Choccy's,357.0
9340,US-2024-107174-CHO-TRI-54000,2025-06-11,2026-05-06,Standard Class,107174,United States,Seattle,Washington,98105,Chocolate,Pacific,CHO-TRI-54000,Wonka Bar - Triple Dazzle Caramel,7.5,2,4.9,2.6,Wicked Choccy's,329.0
9341,US-2024-154109-CHO-MIL-31000,2025-06-11,2026-05-04,Standard Class,154109,United States,Philadelphia,Pennsylvania,19143,Chocolate,Atlantic,CHO-MIL-31000,Wonka Bar - Milk Chocolate,6.5,2,4.22,2.28,Wicked Choccy's,327.0
9342,US-2024-100013-CHO-SCR-58000,2025-06-11,2026-05-04,Standard Class,100013,United States,Los Angeles,California,90045,Chocolate,Pacific,CHO-SCR-58000,Wonka Bar -Scrumdiddlyumptious,3.6,1,2.5,1.1,Lot's O' Nuts,327.0
9343,US-2024-119319-CHO-MIL-31000,2025-06-11,2026-05-02,Second Class,119319,United States,Dallas,Texas,75217,Chocolate,Interior,CHO-MIL-31000,Wonka Bar - Milk Chocolate,16.25,5,10.55,5.7,Wicked Choccy's,325.0
9344,US-2024-167941-CHO-MIL-31000,2025-06-11,2026-05-02,Second Class,167941,United States,Fayetteville,North Carolina,28314,Chocolate,Gulf,CHO-MIL-31000,Wonka Bar - Milk Chocolate,6.5,2,4.22,2.28,Wicked Choccy's,325.0
9345,US-2024-107174-CHO-FUD-51000,2025-06-11,2026-05-06,Standard Class,107174,United States,Seattle,Washington,98105,Chocolate,Pacific,CHO-FUD-51000,Wonka Bar - Fudge Mallows,25.2,7,16.8,8.4,Lot's O' Nuts,329.0
9346,US-2024-167941-CHO-NUT-13000,2025-06-11,2026-05-02,Second Class,167941,United States,Fayetteville,North Carolina,28314,Chocolate,Gulf,CHO-NUT-13000,Wonka Bar - Nutty Crunch Surprise,10.47,3,7.47,3.0,Lot's O' Nuts,325.0
9347,US-2024-100013-CHO-SCR-58000,2025-06-11,2026-05-04,Standard Class,100013,United States,Los Angeles,California,90045,Chocolate,Pacific,CHO-SCR-58000,Wonka Bar -Scrumdiddlyumptious,7.2,2,5.0,2.2,Lot's O' Nuts,327.0
9348,US-2024-125290-CHO-MIL-31000,2025-06-11,2026-05-03,Second Class,125290,United States,Minneapolis,Minnesota,55407,Chocolate,Interior,CHO-MIL-31000,Wonka Bar - Milk Chocolate,16.25,5,10.55,5.7,Wicked Choccy's,326.0
9349,US-2024-106691-CHO-MIL-31000,2025-06-11,2026-05-05,Standard Class,106691,United States,Houston,Texas,77070,Chocolate,Interior,CHO-MIL-31000,Wonka Bar - Milk Chocolate,6.5,2,4.22,2.28,Wicked Choccy's,328.0
9350,US-2024-167941-CHO-NUT-13000,2025-06-11,2026-05-02,Second Class,167941,United States,Fayetteville,North Carolina,28314,Chocolate,Gulf,CHO-NUT-13000,Wonka Bar - Nutty Crunch Surprise,27.92,8,19.92,8.0,Lot's O' Nuts,325.0
9351,US-2024-109484-CHO-MIL-31000,2025-06-11,2026-05-05,Standard Class,109484,United States,Portland,Oregon,97206,Chocolate,Pacific,CHO-MIL-31000,Wonka Bar - Milk Chocolate,3.25,1,2.11,1.14,Wicked Choccy's,328.0
9352,US-2024-100013-CHO-SCR-58000,2025-06-11,2026-05-04,Standard Class,100013,United States,Los Angeles,California,90045,Chocolate,Pacific,CHO-SCR-58000,Wonka Bar -Scrumdiddlyumptious,7.2,2,5.0,2.2,Lot's O' Nuts,327.0
9353,US-2024-153948-OTH-GUM-21000,2025-06-11,2026-04-29,Same Day,153948,United States,San Francisco,California,94122,Other,Pacific,OTH-GUM-21000,Wonka Gum,5.0,4,2.6,2.4,Secret Factory,322.0
9354,US-2024-153948-CHO-FUD-51000,2025-06-11,2026-04-29,Same Day,153948,United States,San Francisco,California,94122,Chocolate,Pacific,CHO-FUD-51000,Wonka Bar - Fudge Mallows,18.0,5,12.0,6.0,Lot's O' Nuts,322.0
9355,US-2024-154109-CHO-MIL-31000,2025-06-11,2026-05-04,Standard Class,154109,United States,Philadelphia,Pennsylvania,19143,Chocolate,Atlantic,CHO-MIL-31000,Wonka Bar - Milk Chocolate,9.75,3,6.33,3.42,Wicked Choccy's,327.0
9356,US-2024-153948-CHO-MIL-31000,2025-06-11,2026-04-29,Same Day,153948,United States,San Francisco,California,94122,Chocolate,Pacific,CHO-MIL-31000,Wonka Bar - Milk Chocolate,9.75,3,6.33,3.42,Wicked Choccy's,322.0
9357,US-2024-167941-CHO-NUT-13000,2025-06-11,2026-05-02,Second Class,167941,United States,Fayetteville,North Carolina,28314,Chocolate,Gulf,CHO-NUT-13000,Wonka Bar - Nutty Crunch Surprise,20.94,6,14.94,6.0,Lot's O' Nuts,325.0
9358,US-2024-153948-OTH-KAZ-38000,2025-06-11,2026-04-29,Same Day,153948,United States,San Francisco,California,94122,Other,Pacific,OTH-KAZ-38000,Kazookles,13.0,4,1.0,12.0,Secret Factory,322.0
9359,US-2024-125290-CHO-FUD-51000,2025-06-11,2026-05-03,Second Class,125290,United States,Minneapolis,Minnesota,55407,Chocolate,Interior,CHO-FUD-51000,Wonka Bar - Fudge Mallows,3.6,1,2.4,1.2,Lot's O' Nuts,326.0
9360,US-2024-144596-CHO-SCR-58000,2025-06-11,2026-05-03,Standard Class,144596,United States,New York City,New York,10011,Chocolate,Atlantic,CHO-SCR-58000,Wonka Bar -Scrumdiddlyumptious,32.4,9,22.5,9.9,Lot's O' Nuts,326.0
9361,US-2024-154816-CHO-TRI-54000,2025-06-11,2026-05-03,Standard Class,154816,United States,Richmond,Kentucky,40475,Chocolate,Gulf,CHO-TRI-54000,Wonka Bar - Triple Dazzle Caramel,3.75,1,2.45,1.3,Wicked Choccy's,326.0
9362,US-2024-150504-CHO-FUD-51000,2025-06-11,2026-05-05,Standard Class,150504,United States,Dallas,Texas,75220,Chocolate,Interior,CHO-FUD-51000,Wonka Bar - Fudge Mallows,7.2,2,4.8,2.4,Lot's O' Nuts,328.0
9363,US-2024-167941-CHO-TRI-54000,2025-06-11,2026-05-02,Second Class,167941,United States,Fayetteville,North Carolina,28314,Chocolate,Gulf,CHO-TRI-54000,Wonka Bar - Triple Dazzle Caramel,15.0,4,9.8,5.2,Wicked Choccy's,325.0
9364,US-2024-107720-SUG-LAF-25000,2025-06-11,2026-05-06,Standard Class,107720,United States,Westfield,New Jersey,7090,Sugar,Atlantic,SUG-LAF-25000,Laffy Taffy,5.97,3,3.72,2.25,Sugar Shack,329.0
9365,US-2024-107174-CHO-MIL-31000,2025-06-11,2026-05-06,Standard Class,107174,United States,Seattle,Washington,98105,Chocolate,Pacific,CHO-MIL-31000,Wonka Bar - Milk Chocolate,9.75,3,6.33,3.42,Wicked Choccy's,329.0
9366,US-2024-153948-CHO-NUT-13000,2025-06-11,2026-04-29,Same Day,153948,United States,San Francisco,California,94122,Chocolate,Pacific,CHO-NUT-13000,Wonka Bar - Nutty Crunch Surprise,3.49,1,2.49,1.0,Lot's O' Nuts,322.0
9367,US-2024-113460-CHO-NUT-13000,2025-07-11,2026-05-02,Second Class,113460,United States,Clinton,Maryland,20735,Chocolate,Atlantic,CHO-NUT-13000,Wonka Bar - Nutty Crunch Surprise,10.47,3,7.47,3.0,Lot's O' Nuts,295.0
9368,US-2024-149888-CHO-SCR-58000,2025-07-11,2026-05-06,Standard Class,149888,United States,Philadelphia,Pennsylvania,19120,Chocolate,Atlantic,CHO-SCR-58000,Wonka Bar -Scrumdiddlyumptious,14.4,4,10.0,4.4,Lot's O' Nuts,299.0
9369,US-2024-132346-CHO-MIL-31000,2025-07-11,2026-05-04,Standard Class,132346,United States,Newark,Delaware,19711,Chocolate,Atlantic,CHO-MIL-31000,Wonka Bar - Milk Chocolate,22.75,7,14.77,7.98,Wicked Choccy's,297.0
9370,US-2024-163188-CHO-SCR-58000,2025-07-11,2026-04-30,Same Day,163188,United States,Oklahoma City,Oklahoma,73120,Chocolate,Interior,CHO-SCR-58000,Wonka Bar -Scrumdiddlyumptious,32.4,9,22.5,9.9,Lot's O' Nuts,293.0
9371,US-2024-152737-CHO-NUT-13000,2025-07-11,2026-05-05,Standard Class,152737,United States,San Francisco,California,94122,Chocolate,Pacific,CHO-NUT-13000,Wonka Bar - Nutty Crunch Surprise,13.96,4,9.96,4.0,Lot's O' Nuts,298.0
9372,US-2024-113572-CHO-SCR-58000,2025-07-11,2026-05-04,Standard Class,113572,United States,New York City,New York,10024,Chocolate,Atlantic,CHO-SCR-58000,Wonka Bar -Scrumdiddlyumptious,14.4,4,10.0,4.4,Lot's O' Nuts,297.0
9373,US-2024-122504-CHO-NUT-13000,2025-07-11,2026-05-05,Second Class,122504,United States,Brentwood,California,94513,Chocolate,Pacific,CHO-NUT-13000,Wonka Bar - Nutty Crunch Surprise,10.47,3,7.47,3.0,Lot's O' Nuts,298.0
9374,US-2024-152737-CHO-TRI-54000,2025-07-11,2026-05-05,Standard Class,152737,United States,San Francisco,California,94122,Chocolate,Pacific,CHO-TRI-54000,Wonka Bar - Triple Dazzle Caramel,15.0,4,9.8,5.2,Wicked Choccy's,298.0
9375,US-2024-122504-CHO-FUD-51000,2025-07-11,2026-05-05,Second Class,122504,United States,Brentwood,California,94513,Chocolate,Pacific,CHO-FUD-51000,Wonka Bar - Fudge Mallows,25.2,7,16.8,8.4,Lot's O' Nuts,298.0
9376,US-2024-149888-CHO-NUT-13000,2025-07-11,2026-05-06,Standard Class,149888,United States,Philadelphia,Pennsylvania,19120,Chocolate,Atlantic,CHO-NUT-13000,Wonka Bar - Nutty Crunch Surprise,17.45,5,12.45,5.0,Lot's O' Nuts,299.0
9377,US-2024-155621-CHO-NUT-13000,2025-08-11,2026-05-06,Standard Class,155621,United States,Baltimore,Maryland,21215,Chocolate,Atlantic,CHO-NUT-13000,Wonka Bar - Nutty Crunch Surprise,34.9,10,24.9,10.0,Lot's O' Nuts,268.0
9378,US-2024-143658-SUG-SWE-91000,2025-08-11,2026-05-06,Second Class,143658,United States,New York City,New York,10035,Sugar,Atlantic,SUG-SWE-91000,SweeTARTS,7.5,5,3.5,4.0,Sugar Shack,268.0
9379,US-2024-158246-CHO-FUD-51000,2025-09-11,2026-05-04,First Class,158246,United States,Sunnyvale,California,94086,Chocolate,Pacific,CHO-FUD-51000,Wonka Bar - Fudge Mallows,10.8,3,7.2,3.6,Lot's O' Nuts,235.0
9380,US-2024-119494-CHO-MIL-31000,2025-09-11,2026-05-06,Standard Class,119494,United States,San Diego,California,92105,Chocolate,Pacific,CHO-MIL-31000,Wonka Bar - Milk Chocolate,9.75,3,6.33,3.42,Wicked Choccy's,237.0
9381,US-2024-141852-CHO-NUT-13000,2025-09-11,2026-05-07,Standard Class,141852,United States,Oceanside,California,92054,Chocolate,Pacific,CHO-NUT-13000,Wonka Bar - Nutty Crunch Surprise,27.92,8,19.92,8.0,Lot's O' Nuts,238.0
9382,US-2024-161018-CHO-SCR-58000,2025-09-11,2026-05-04,Second Class,161018,United States,New York City,New York,10009,Chocolate,Atlantic,CHO-SCR-58000,Wonka Bar -Scrumdiddlyumptious,25.2,7,17.5,7.7,Lot's O' Nuts,235.0
9383,US-2024-152912-CHO-SCR-58000,2025-09-11,2026-05-05,Second Class,152912,United States,Columbia,Maryland,21044,Chocolate,Atlantic,CHO-SCR-58000,Wonka Bar -Scrumdiddlyumptious,7.2,2,5.0,2.2,Lot's O' Nuts,236.0
9384,US-2024-159597-CHO-FUD-51000,2025-09-11,2026-05-07,Standard Class,159597,United States,Coachella,California,92236,Chocolate,Pacific,CHO-FUD-51000,Wonka Bar - Fudge Mallows,7.2,2,4.8,2.4,Lot's O' Nuts,238.0
9385,US-2024-152912-CHO-TRI-54000,2025-09-11,2026-05-05,Second Class,152912,United States,Columbia,Maryland,21044,Chocolate,Atlantic,CHO-TRI-54000,Wonka Bar - Triple Dazzle Caramel,33.75,9,22.05,11.7,Wicked Choccy's,236.0
9386,US-2024-152912-CHO-TRI-54000,2025-09-11,2026-05-05,Second Class,152912,United States,Columbia,Maryland,21044,Chocolate,Atlantic,CHO-TRI-54000,Wonka Bar - Triple Dazzle Caramel,11.25,3,7.35,3.9,Wicked Choccy's,236.0
9387,US-2024-159667-CHO-TRI-54000,2025-09-11,2026-05-06,Standard Class,159667,United States,Jacksonville,Florida,32216,Chocolate,Gulf,CHO-TRI-54000,Wonka Bar - Triple Dazzle Caramel,11.25,3,7.35,3.9,Wicked Choccy's,237.0
9388,US-2024-159597-CHO-SCR-58000,2025-09-11,2026-05-07,Standard Class,159597,United States,Coachella,California,92236,Chocolate,Pacific,CHO-SCR-58000,Wonka Bar -Scrumdiddlyumptious,3.6,1,2.5,1.1,Lot's O' Nuts,238.0
9389,US-2024-152912-OTH-GUM-21000,2025-09-11,2026-05-05,Second Class,152912,United States,Columbia,Maryland,21044,Other,Atlantic,OTH-GUM-21000,Wonka Gum,3.75,3,1.95,1.8,Secret Factory,236.0
9390,US-2024-159667-CHO-FUD-51000,2025-09-11,2026-05-06,Standard Class,159667,United States,Jacksonville,Florida,32216,Chocolate,Gulf,CHO-FUD-51000,Wonka Bar - Fudge Mallows,14.4,4,9.6,4.8,Lot's O' Nuts,237.0
9391,US-2024-137624-CHO-MIL-31000,2025-10-11,2026-05-10,Standard Class,137624,United States,Los Angeles,California,90008,Chocolate,Pacific,CHO-MIL-31000,Wonka Bar - Milk Chocolate,6.5,2,4.22,2.28,Wicked Choccy's,211.0
9392,US-2024-155425-CHO-TRI-54000,2025-10-11,2026-05-04,First Class,155425,United States,Tucson,Arizona,85705,Chocolate,Pacific,CHO-TRI-54000,Wonka Bar - Triple Dazzle Caramel,15.0,4,9.8,5.2,Wicked Choccy's,205.0
9393,US-2024-161739-CHO-FUD-51000,2025-10-11,2026-05-08,Second Class,161739,United States,Round Rock,Texas,78664,Chocolate,Interior,CHO-FUD-51000,Wonka Bar - Fudge Mallows,18.0,5,12.0,6.0,Lot's O' Nuts,209.0
9394,US-2024-128447-CHO-TRI-54000,2025-10-11,2026-05-10,Standard Class,128447,United States,Pasco,Washington,99301,Chocolate,Pacific,CHO-TRI-54000,Wonka Bar - Triple Dazzle Caramel,18.75,5,12.25,6.5,Wicked Choccy's,211.0
9395,US-2024-162096-CHO-FUD-51000,2025-10-11,2026-05-03,Same Day,162096,United States,Riverside,California,92503,Chocolate,Pacific,CHO-FUD-51000,Wonka Bar - Fudge Mallows,10.8,3,7.2,3.6,Lot's O' Nuts,204.0
9396,US-2024-163874-CHO-TRI-54000,2025-10-11,2026-05-05,Second Class,163874,United States,Seattle,Washington,98105,Chocolate,Pacific,CHO-TRI-54000,Wonka Bar - Triple Dazzle Caramel,11.25,3,7.35,3.9,Wicked Choccy's,206.0
9397,US-2024-155425-CHO-MIL-31000,2025-10-11,2026-05-04,First Class,155425,United States,Tucson,Arizona,85705,Chocolate,Pacific,CHO-MIL-31000,Wonka Bar - Milk Chocolate,45.5,14,29.54,15.96,Wicked Choccy's,205.0
9398,US-2024-128447-CHO-NUT-13000,2025-10-11,2026-05-10,Standard Class,128447,United States,Pasco,Washington,99301,Chocolate,Pacific,CHO-NUT-13000,Wonka Bar - Nutty Crunch Surprise,3.49,1,2.49,1.0,Lot's O' Nuts,211.0
9399,US-2024-104640-CHO-TRI-54000,2025-10-11,2026-05-09,Standard Class,104640,United States,New York City,New York,10024,Chocolate,Atlantic,CHO-TRI-54000,Wonka Bar - Triple Dazzle Caramel,11.25,3,7.35,3.9,Wicked Choccy's,210.0
9400,US-2024-142671-OTH-GUM-21000,2025-10-11,2026-05-07,Second Class,142671,United States,Hollywood,Florida,33021,Other,Gulf,OTH-GUM-21000,Wonka Gum,6.25,5,3.25,3.0,Secret Factory,208.0
9401,US-2024-155425-CHO-TRI-54000,2025-10-11,2026-05-04,First Class,155425,United States,Tucson,Arizona,85705,Chocolate,Pacific,CHO-TRI-54000,Wonka Bar - Triple Dazzle Caramel,22.5,6,14.7,7.8,Wicked Choccy's,205.0
9402,US-2024-141138-CHO-MIL-31000,2025-10-11,2026-05-09,Standard Class,141138,United States,Modesto,California,95351,Chocolate,Pacific,CHO-MIL-31000,Wonka Bar - Milk Chocolate,22.75,7,14.77,7.98,Wicked Choccy's,210.0
9403,US-2024-155425-CHO-NUT-13000,2025-10-11,2026-05-04,First Class,155425,United States,Tucson,Arizona,85705,Chocolate,Pacific,CHO-NUT-13000,Wonka Bar - Nutty Crunch Surprise,6.98,2,4.98,2.0,Lot's O' Nuts,205.0
9404,US-2024-104640-CHO-FUD-51000,2025-10-11,2026-05-09,Standard Class,104640,United States,New York City,New York,10024,Chocolate,Atlantic,CHO-FUD-51000,Wonka Bar - Fudge Mallows,7.2,2,4.8,2.4,Lot's O' Nuts,210.0
9405,US-2024-155425-CHO-TRI-54000,2025-10-11,2026-05-04,First Class,155425,United States,Tucson,Arizona,85705,Chocolate,Pacific,CHO-TRI-54000,Wonka Bar - Triple Dazzle Caramel,7.5,2,4.9,2.6,Wicked Choccy's,205.0
9406,US-2024-148985-CHO-SCR-58000,2025-11-11,2026-05-08,Second Class,148985,United States,Los Angeles,California,90045,Chocolate,Pacific,CHO-SCR-58000,Wonka Bar -Scrumdiddlyumptious,14.4,4,10.0,4.4,Lot's O' Nuts,178.0
9407,US-2024-115448-CHO-SCR-58000,2025-11-11,2026-05-07,First Class,115448,United States,Knoxville,Tennessee,37918,Chocolate,Gulf,CHO-SCR-58000,Wonka Bar -Scrumdiddlyumptious,18.0,5,12.5,5.5,Lot's O' Nuts,177.0
9408,US-2024-158561-CHO-TRI-54000,2025-11-11,2026-05-09,Second Class,158561,United States,Fort Lauderdale,Florida,33311,Chocolate,Gulf,CHO-TRI-54000,Wonka Bar - Triple Dazzle Caramel,18.75,5,12.25,6.5,Wicked Choccy's,179.0
9409,US-2024-110842-CHO-SCR-58000,2025-11-11,2026-05-09,Standard Class,110842,United States,Los Angeles,California,90036,Chocolate,Pacific,CHO-SCR-58000,Wonka Bar -Scrumdiddlyumptious,3.6,1,2.5,1.1,Lot's O' Nuts,179.0
9410,US-2024-157483-CHO-FUD-51000,2025-11-11,2026-05-11,Standard Class,157483,United States,Detroit,Michigan,48227,Chocolate,Interior,CHO-FUD-51000,Wonka Bar - Fudge Mallows,25.2,7,16.8,8.4,Lot's O' Nuts,181.0
9411,US-2024-110842-CHO-SCR-58000,2025-11-11,2026-05-09,Standard Class,110842,United States,Los Angeles,California,90036,Chocolate,Pacific,CHO-SCR-58000,Wonka Bar -Scrumdiddlyumptious,18.0,5,12.5,5.5,Lot's O' Nuts,179.0
9412,US-2024-150959-CHO-FUD-51000,2025-11-11,2026-05-06,First Class,150959,United States,Garland,Texas,75043,Chocolate,Interior,CHO-FUD-51000,Wonka Bar - Fudge Mallows,14.4,4,9.6,4.8,Lot's O' Nuts,176.0
9413,US-2024-143217-CHO-TRI-54000,2025-11-11,2026-05-10,Standard Class,143217,United States,Milwaukee,Wisconsin,53209,Chocolate,Interior,CHO-TRI-54000,Wonka Bar - Triple Dazzle Caramel,11.25,3,7.35,3.9,Wicked Choccy's,180.0
9414,US-2024-120327-CHO-TRI-54000,2025-11-11,2026-05-09,Standard Class,120327,United States,Urbandale,Iowa,50322,Chocolate,Interior,CHO-TRI-54000,Wonka Bar - Triple Dazzle Caramel,15.0,4,9.8,5.2,Wicked Choccy's,179.0
9415,US-2024-150959-CHO-FUD-51000,2025-11-11,2026-05-06,First Class,150959,United States,Garland,Texas,75043,Chocolate,Interior,CHO-FUD-51000,Wonka Bar - Fudge Mallows,18.0,5,12.0,6.0,Lot's O' Nuts,176.0
9416,US-2024-110842-CHO-SCR-58000,2025-11-11,2026-05-09,Standard Class,110842,United States,Los Angeles,California,90036,Chocolate,Pacific,CHO-SCR-58000,Wonka Bar -Scrumdiddlyumptious,10.8,3,7.5,3.3,Lot's O' Nuts,179.0
9417,US-2024-143455-CHO-FUD-51000,2025-11-11,2026-05-11,Standard Class,143455,United States,Springfield,Ohio,45503,Chocolate,Atlantic,CHO-FUD-51000,Wonka Bar - Fudge Mallows,7.2,2,4.8,2.4,Lot's O' Nuts,181.0
9418,US-2024-154137-CHO-NUT-13000,2025-11-11,2026-05-10,Standard Class,154137,United States,New York City,New York,10009,Chocolate,Atlantic,CHO-NUT-13000,Wonka Bar - Nutty Crunch Surprise,3.49,1,2.49,1.0,Lot's O' Nuts,180.0
9419,US-2024-167976-CHO-SCR-58000,2025-11-11,2026-05-07,Second Class,167976,United States,Aberdeen,South Dakota,57401,Chocolate,Interior,CHO-SCR-58000,Wonka Bar -Scrumdiddlyumptious,10.8,3,7.5,3.3,Lot's O' Nuts,177.0
9420,US-2024-116491-CHO-SCR-58000,2025-11-11,2026-05-06,First Class,116491,United States,Dallas,Texas,75081,Chocolate,Interior,CHO-SCR-58000,Wonka Bar -Scrumdiddlyumptious,7.2,2,5.0,2.2,Lot's O' Nuts,176.0
9421,US-2024-134915-CHO-NUT-13000,2025-12-11,2026-05-05,Same Day,134915,United States,Glendale,Arizona,85301,Chocolate,Pacific,CHO-NUT-13000,Wonka Bar - Nutty Crunch Surprise,6.98,2,4.98,2.0,Lot's O' Nuts,145.0
9422,US-2024-134915-CHO-NUT-13000,2025-12-11,2026-05-05,Same Day,134915,United States,Glendale,Arizona,85301,Chocolate,Pacific,CHO-NUT-13000,Wonka Bar - Nutty Crunch Surprise,6.98,2,4.98,2.0,Lot's O' Nuts,145.0
9423,US-2024-164168-CHO-SCR-58000,2025-12-11,2026-05-11,Standard Class,164168,United States,Dallas,Texas,75081,Chocolate,Interior,CHO-SCR-58000,Wonka Bar -Scrumdiddlyumptious,10.8,3,7.5,3.3,Lot's O' Nuts,151.0
9424,US-2024-149944-CHO-TRI-54000,2025-12-11,2026-05-09,Second Class,149944,United States,Longview,Washington,98632,Chocolate,Pacific,CHO-TRI-54000,Wonka Bar - Triple Dazzle Caramel,7.5,2,4.9,2.6,Wicked Choccy's,149.0
9425,US-2024-164364-CHO-FUD-51000,2025-12-11,2026-05-09,Standard Class,164364,United States,Seattle,Washington,98115,Chocolate,Pacific,CHO-FUD-51000,Wonka Bar - Fudge Mallows,10.8,3,7.2,3.6,Lot's O' Nuts,149.0
9426,US-2024-164168-CHO-MIL-31000,2025-12-11,2026-05-11,Standard Class,164168,United States,Dallas,Texas,75081,Chocolate,Interior,CHO-MIL-31000,Wonka Bar - Milk Chocolate,16.25,5,10.55,5.7,Wicked Choccy's,151.0
9427,US-2024-134978-CHO-SCR-58000,2025-12-11,2026-05-08,Second Class,134978,United States,New York City,New York,10024,Chocolate,Atlantic,CHO-SCR-58000,Wonka Bar -Scrumdiddlyumptious,18.0,5,12.5,5.5,Lot's O' Nuts,148.0
9428,US-2024-136707-CHO-MIL-31000,2025-12-11,2026-05-08,First Class,136707,United States,Los Angeles,California,90036,Chocolate,Pacific,CHO-MIL-31000,Wonka Bar - Milk Chocolate,13.0,4,8.44,4.56,Wicked Choccy's,148.0
9429,US-2024-164168-CHO-SCR-58000,2025-12-11,2026-05-11,Standard Class,164168,United States,Dallas,Texas,75081,Chocolate,Interior,CHO-SCR-58000,Wonka Bar -Scrumdiddlyumptious,7.2,2,5.0,2.2,Lot's O' Nuts,151.0
9430,US-2024-149944-CHO-NUT-13000,2025-12-11,2026-05-09,Second Class,149944,United States,Longview,Washington,98632,Chocolate,Pacific,CHO-NUT-13000,Wonka Bar - Nutty Crunch Surprise,10.47,3,7.47,3.0,Lot's O' Nuts,149.0
9431,US-2024-164364-CHO-SCR-58000,2025-12-11,2026-05-09,Standard Class,164364,United States,Seattle,Washington,98115,Chocolate,Pacific,CHO-SCR-58000,Wonka Bar -Scrumdiddlyumptious,7.2,2,5.0,2.2,Lot's O' Nuts,149.0
9432,US-2024-125808-CHO-MIL-31000,2025-12-11,2026-05-08,Second Class,125808,United States,Los Angeles,California,90032,Chocolate,Pacific,CHO-MIL-31000,Wonka Bar - Milk Chocolate,6.5,2,4.22,2.28,Wicked Choccy's,148.0
9433,US-2024-134915-CHO-SCR-58000,2025-12-11,2026-05-05,Same Day,134915,United States,Glendale,Arizona,85301,Chocolate,Pacific,CHO-SCR-58000,Wonka Bar -Scrumdiddlyumptious,18.0,5,12.5,5.5,Lot's O' Nuts,145.0
9434,US-2024-160514-CHO-SCR-58000,2025-12-11,2026-05-09,Standard Class,160514,United States,Santa Clara,California,95051,Chocolate,Pacific,CHO-SCR-58000,Wonka Bar -Scrumdiddlyumptious,7.2,2,5.0,2.2,Lot's O' Nuts,149.0
9435,US-2024-130386-CHO-FUD-51000,2025-12-11,2026-05-11,Standard Class,130386,United States,Austin,Texas,78745,Chocolate,Interior,CHO-FUD-51000,Wonka Bar - Fudge Mallows,10.8,3,7.2,3.6,Lot's O' Nuts,151.0
9436,US-2024-154088-CHO-SCR-58000,2025-12-11,2026-05-10,Standard Class,154088,United States,Tallahassee,Florida,32303,Chocolate,Gulf,CHO-SCR-58000,Wonka Bar -Scrumdiddlyumptious,18.0,5,12.5,5.5,Lot's O' Nuts,150.0
9437,US-2024-122644-CHO-TRI-54000,2025-12-11,2026-05-10,Standard Class,122644,United States,Columbus,Ohio,43229,Chocolate,Atlantic,CHO-TRI-54000,Wonka Bar - Triple Dazzle Caramel,7.5,2,4.9,2.6,Wicked Choccy's,150.0
9438,US-2024-130386-CHO-SCR-58000,2025-12-11,2026-05-11,Standard Class,130386,United States,Austin,Texas,78745,Chocolate,Interior,CHO-SCR-58000,Wonka Bar -Scrumdiddlyumptious,32.4,9,22.5,9.9,Lot's O' Nuts,151.0
9439,US-2024-166835-CHO-TRI-54000,2025-12-11,2026-05-07,Second Class,166835,United States,Lancaster,Pennsylvania,17602,Chocolate,Atlantic,CHO-TRI-54000,Wonka Bar - Triple Dazzle Caramel,7.5,2,4.9,2.6,Wicked Choccy's,147.0
9440,US-2024-164168-CHO-TRI-54000,2025-12-11,2026-05-11,Standard Class,164168,United States,Dallas,Texas,75081,Chocolate,Interior,CHO-TRI-54000,Wonka Bar - Triple Dazzle Caramel,11.25,3,7.35,3.9,Wicked Choccy's,151.0
9441,US-2024-130386-CHO-FUD-51000,2025-12-11,2026-05-11,Standard Class,130386,United States,Austin,Texas,78745,Chocolate,Interior,CHO-FUD-51000,Wonka Bar - Fudge Mallows,10.8,3,7.2,3.6,Lot's O' Nuts,151.0
9442,US-2024-164364-CHO-NUT-13000,2025-12-11,2026-05-09,Standard Class,164364,United States,Seattle,Washington,98115,Chocolate,Pacific,CHO-NUT-13000,Wonka Bar - Nutty Crunch Surprise,10.47,3,7.47,3.0,Lot's O' Nuts,149.0
9443,US-2024-134915-CHO-TRI-54000,2025-12-11,2026-05-05,Same Day,134915,United States,Glendale,Arizona,85301,Chocolate,Pacific,CHO-TRI-54000,Wonka Bar - Triple Dazzle Caramel,15.0,4,9.8,5.2,Wicked Choccy's,145.0
9444,US-2024-122644-CHO-TRI-54000,2025-12-11,2026-05-10,Standard Class,122644,United States,Columbus,Ohio,43229,Chocolate,Atlantic,CHO-TRI-54000,Wonka Bar - Triple Dazzle Caramel,7.5,2,4.9,2.6,Wicked Choccy's,150.0
9445,US-2024-132220-CHO-SCR-58000,2025-12-11,2026-05-09,Standard Class,132220,United States,Tempe,Arizona,85281,Chocolate,Pacific,CHO-SCR-58000,Wonka Bar -Scrumdiddlyumptious,21.6,6,15.0,6.6,Lot's O' Nuts,149.0
9446,US-2024-164168-CHO-SCR-58000,2025-12-11,2026-05-11,Standard Class,164168,United States,Dallas,Texas,75081,Chocolate,Interior,CHO-SCR-58000,Wonka Bar -Scrumdiddlyumptious,7.2,2,5.0,2.2,Lot's O' Nuts,151.0
9447,US-2024-134915-CHO-SCR-58000,2025-12-11,2026-05-05,Same Day,134915,United States,Glendale,Arizona,85301,Chocolate,Pacific,CHO-SCR-58000,Wonka Bar -Scrumdiddlyumptious,7.2,2,5.0,2.2,Lot's O' Nuts,145.0
9448,US-2024-134915-CHO-MIL-31000,2025-12-11,2026-05-05,Same Day,134915,United States,Glendale,Arizona,85301,Chocolate,Pacific,CHO-MIL-31000,Wonka Bar - Milk Chocolate,6.5,2,4.22,2.28,Wicked Choccy's,145.0
9449,US-2024-116659-CHO-TRI-54000,2025-12-11,2026-05-05,Same Day,116659,United States,Newark,Ohio,43055,Chocolate,Atlantic,CHO-TRI-54000,Wonka Bar - Triple Dazzle Caramel,11.25,3,7.35,3.9,Wicked Choccy's,145.0
9450,US-2024-164168-CHO-FUD-51000,2025-12-11,2026-05-11,Standard Class,164168,United States,Dallas,Texas,75081,Chocolate,Interior,CHO-FUD-51000,Wonka Bar - Fudge Mallows,3.6,1,2.4,1.2,Lot's O' Nuts,151.0
9713,US-2024-166926-CHO-FUD-51000,2025-01-12,2025-05-31,Standard Class,166926,United States,Seattle,Washington,98105,Chocolate,Pacific,CHO-FUD-51000,Wonka Bar - Fudge Mallows,7.2,2,4.8,2.4,Lot's O' Nuts,139.0
9714,US-2024-143245-CHO-NUT-13000,2025-01-12,2025-05-29,Standard Class,143245,United States,Fairfield,Connecticut,6824,Chocolate,Atlantic,CHO-NUT-13000,Wonka Bar - Nutty Crunch Surprise,10.47,3,7.47,3.0,Lot's O' Nuts,137.0
9715,US-2024-113355-CHO-TRI-54000,2025-01-12,2025-05-28,Standard Class,113355,United States,Grand Prairie,Texas,75051,Chocolate,Interior,CHO-TRI-54000,Wonka Bar - Triple Dazzle Caramel,11.25,3,7.35,3.9,Wicked Choccy's,136.0
9716,US-2024-122539-CHO-FUD-51000,2025-01-12,2025-05-28,Standard Class,122539,United States,Philadelphia,Pennsylvania,19140,Chocolate,Atlantic,CHO-FUD-51000,Wonka Bar - Fudge Mallows,7.2,2,4.8,2.4,Lot's O' Nuts,136.0
9717,US-2024-101805-CHO-NUT-13000,2025-01-12,2025-05-29,Standard Class,101805,United States,Seattle,Washington,98105,Chocolate,Pacific,CHO-NUT-13000,Wonka Bar - Nutty Crunch Surprise,41.88,12,29.88,12.0,Lot's O' Nuts,137.0
9718,US-2024-145660-CHO-MIL-31000,2025-01-12,2025-05-26,First Class,145660,United States,Marion,Ohio,43302,Chocolate,Atlantic,CHO-MIL-31000,Wonka Bar - Milk Chocolate,6.5,2,4.22,2.28,Wicked Choccy's,134.0
9719,US-2024-103968-CHO-TRI-54000,2025-01-12,2025-05-30,Standard Class,103968,United States,Stockton,California,95207,Chocolate,Pacific,CHO-TRI-54000,Wonka Bar - Triple Dazzle Caramel,33.75,9,22.05,11.7,Wicked Choccy's,138.0
9720,US-2024-127313-CHO-SCR-58000,2025-01-12,2025-05-27,First Class,127313,United States,Philadelphia,Pennsylvania,19120,Chocolate,Atlantic,CHO-SCR-58000,Wonka Bar -Scrumdiddlyumptious,18.0,5,12.5,5.5,Lot's O' Nuts,135.0
9721,US-2024-145233-CHO-NUT-13000,2025-01-12,2025-05-28,Standard Class,145233,United States,Denver,Colorado,80219,Chocolate,Pacific,CHO-NUT-13000,Wonka Bar - Nutty Crunch Surprise,10.47,3,7.47,3.0,Lot's O' Nuts,136.0
9722,US-2024-122539-CHO-FUD-51000,2025-01-12,2025-05-28,Standard Class,122539,United States,Philadelphia,Pennsylvania,19140,Chocolate,Atlantic,CHO-FUD-51000,Wonka Bar - Fudge Mallows,25.2,7,16.8,8.4,Lot's O' Nuts,136.0
9723,US-2024-101805-CHO-TRI-54000,2025-01-12,2025-05-29,Standard Class,101805,United States,Seattle,Washington,98105,Chocolate,Pacific,CHO-TRI-54000,Wonka Bar - Triple Dazzle Caramel,18.75,5,12.25,6.5,Wicked Choccy's,137.0
9724,US-2024-145233-CHO-SCR-58000,2025-01-12,2025-05-28,Standard Class,145233,United States,Denver,Colorado,80219,Chocolate,Pacific,CHO-SCR-58000,Wonka Bar -Scrumdiddlyumptious,25.2,7,17.5,7.7,Lot's O' Nuts,136.0
9725,US-2024-135860-CHO-SCR-58000,2025-01-12,2025-05-30,Standard Class,135860,United States,Saginaw,Michigan,48601,Chocolate,Interior,CHO-SCR-58000,Wonka Bar -Scrumdiddlyumptious,14.4,4,10.0,4.4,Lot's O' Nuts,138.0
9726,US-2024-118542-CHO-SCR-58000,2025-01-12,2025-05-28,Standard Class,118542,United States,Los Angeles,California,90008,Chocolate,Pacific,CHO-SCR-58000,Wonka Bar -Scrumdiddlyumptious,7.2,2,5.0,2.2,Lot's O' Nuts,136.0
9727,US-2024-163139-CHO-MIL-31000,2025-01-12,2025-05-26,Second Class,163139,United States,New York City,New York,10009,Chocolate,Atlantic,CHO-MIL-31000,Wonka Bar - Milk Chocolate,16.25,5,10.55,5.7,Wicked Choccy's,134.0
9728,US-2024-144862-OTH-GUM-21000,2025-01-12,2025-05-28,Standard Class,144862,United States,Philadelphia,Pennsylvania,19143,Other,Atlantic,OTH-GUM-21000,Wonka Gum,6.25,5,3.25,3.0,Secret Factory,136.0
9729,US-2024-135860-CHO-NUT-13000,2025-01-12,2025-05-30,Standard Class,135860,United States,Saginaw,Michigan,48601,Chocolate,Interior,CHO-NUT-13000,Wonka Bar - Nutty Crunch Surprise,31.41,9,22.41,9.0,Lot's O' Nuts,138.0
9730,US-2024-122539-CHO-SCR-58000,2025-01-12,2025-05-28,Standard Class,122539,United States,Philadelphia,Pennsylvania,19140,Chocolate,Atlantic,CHO-SCR-58000,Wonka Bar -Scrumdiddlyumptious,14.4,4,10.0,4.4,Lot's O' Nuts,136.0
9731,US-2024-138618-CHO-SCR-58000,2025-01-12,2025-05-31,Standard Class,138618,United States,San Antonio,Texas,78207,Chocolate,Interior,CHO-SCR-58000,Wonka Bar -Scrumdiddlyumptious,7.2,2,5.0,2.2,Lot's O' Nuts,139.0
9732,US-2024-166926-CHO-MIL-31000,2025-01-12,2025-05-31,Standard Class,166926,United States,Seattle,Washington,98105,Chocolate,Pacific,CHO-MIL-31000,Wonka Bar - Milk Chocolate,22.75,7,14.77,7.98,Wicked Choccy's,139.0
9733,US-2024-143245-CHO-FUD-51000,2025-01-12,2025-05-29,Standard Class,143245,United States,Fairfield,Connecticut,6824,Chocolate,Atlantic,CHO-FUD-51000,Wonka Bar - Fudge Mallows,10.8,3,7.2,3.6,Lot's O' Nuts,137.0
9734,US-2024-118542-CHO-TRI-54000,2025-01-12,2025-05-28,Standard Class,118542,United States,Los Angeles,California,90008,Chocolate,Pacific,CHO-TRI-54000,Wonka Bar - Triple Dazzle Caramel,26.25,7,17.15,9.1,Wicked Choccy's,136.0
9735,US-2024-135860-CHO-FUD-51000,2025-01-12,2025-05-30,Standard Class,135860,United States,Saginaw,Michigan,48601,Chocolate,Interior,CHO-FUD-51000,Wonka Bar - Fudge Mallows,14.4,4,9.6,4.8,Lot's O' Nuts,138.0
9736,US-2024-127313-CHO-TRI-54000,2025-01-12,2025-05-27,First Class,127313,United States,Philadelphia,Pennsylvania,19120,Chocolate,Atlantic,CHO-TRI-54000,Wonka Bar - Triple Dazzle Caramel,11.25,3,7.35,3.9,Wicked Choccy's,135.0
9737,US-2024-135860-CHO-MIL-31000,2025-01-12,2025-05-30,Standard Class,135860,United States,Saginaw,Michigan,48601,Chocolate,Interior,CHO-MIL-31000,Wonka Bar - Milk Chocolate,3.25,1,2.11,1.14,Wicked Choccy's,138.0
9738,US-2024-101805-CHO-FUD-51000,2025-01-12,2025-05-29,Standard Class,101805,United States,Seattle,Washington,98105,Chocolate,Pacific,CHO-FUD-51000,Wonka Bar - Fudge Mallows,14.4,4,9.6,4.8,Lot's O' Nuts,137.0
9739,US-2024-163139-CHO-MIL-31000,2025-01-12,2025-05-26,Second Class,163139,United States,New York City,New York,10009,Chocolate,Atlantic,CHO-MIL-31000,Wonka Bar - Milk Chocolate,9.75,3,6.33,3.42,Wicked Choccy's,134.0
9740,US-2024-163139-CHO-TRI-54000,2025-01-12,2025-05-26,Second Class,163139,United States,New York City,New York,10009,Chocolate,Atlantic,CHO-TRI-54000,Wonka Bar - Triple Dazzle Caramel,11.25,3,7.35,3.9,Wicked Choccy's,134.0
9741,US-2024-145233-CHO-TRI-54000,2025-01-12,2025-05-28,Standard Class,145233,United States,Denver,Colorado,80219,Chocolate,Pacific,CHO-TRI-54000,Wonka Bar - Triple Dazzle Caramel,7.5,2,4.9,2.6,Wicked Choccy's,136.0
9742,US-2024-144862-CHO-MIL-31000,2025-01-12,2025-05-28,Standard Class,144862,United States,Philadelphia,Pennsylvania,19143,Chocolate,Atlantic,CHO-MIL-31000,Wonka Bar - Milk Chocolate,22.75,7,14.77,7.98,Wicked Choccy's,136.0
9743,US-2024-145233-CHO-SCR-58000,2025-01-12,2025-05-28,Standard Class,145233,United States,Denver,Colorado,80219,Chocolate,Pacific,CHO-SCR-58000,Wonka Bar -Scrumdiddlyumptious,14.4,4,10.0,4.4,Lot's O' Nuts,136.0
9744,US-2024-135860-CHO-SCR-58000,2025-01-12,2025-05-30,Standard Class,135860,United States,Saginaw,Michigan,48601,Chocolate,Interior,CHO-SCR-58000,Wonka Bar -Scrumdiddlyumptious,7.2,2,5.0,2.2,Lot's O' Nuts,138.0
9745,US-2024-113355-CHO-TRI-54000,2025-01-12,2025-05-28,Standard Class,113355,United States,Grand Prairie,Texas,75051,Chocolate,Interior,CHO-TRI-54000,Wonka Bar - Triple Dazzle Caramel,18.75,5,12.25,6.5,Wicked Choccy's,136.0
9746,US-2024-145233-CHO-FUD-51000,2025-01-12,2025-05-28,Standard Class,145233,United States,Denver,Colorado,80219,Chocolate,Pacific,CHO-FUD-51000,Wonka Bar - Fudge Mallows,10.8,3,7.2,3.6,Lot's O' Nuts,136.0
9747,US-2024-112347-CHO-SCR-58000,2025-02-12,2025-05-29,Standard Class,112347,United States,Denver,Colorado,80219,Chocolate,Pacific,CHO-SCR-58000,Wonka Bar -Scrumdiddlyumptious,28.8,8,20.0,8.8,Lot's O' Nuts,106.0
9748,US-2024-143756-CHO-TRI-54000,2025-02-12,2025-05-28,First Class,143756,United States,Salem,Virginia,24153,Chocolate,Gulf,CHO-TRI-54000,Wonka Bar - Triple Dazzle Caramel,7.5,2,4.9,2.6,Wicked Choccy's,105.0
9749,US-2024-112347-CHO-SCR-58000,2025-02-12,2025-05-29,Standard Class,112347,United States,Denver,Colorado,80219,Chocolate,Pacific,CHO-SCR-58000,Wonka Bar -Scrumdiddlyumptious,18.0,5,12.5,5.5,Lot's O' Nuts,106.0
9750,US-2024-102379-CHO-SCR-58000,2025-02-12,2025-05-29,Standard Class,102379,United States,Oakland,California,94601,Chocolate,Pacific,CHO-SCR-58000,Wonka Bar -Scrumdiddlyumptious,32.4,9,22.5,9.9,Lot's O' Nuts,106.0
9751,US-2024-112347-CHO-MIL-31000,2025-02-12,2025-05-29,Standard Class,112347,United States,Denver,Colorado,80219,Chocolate,Pacific,CHO-MIL-31000,Wonka Bar - Milk Chocolate,19.5,6,12.66,6.84,Wicked Choccy's,106.0
9752,US-2024-147221-CHO-NUT-13000,2025-02-12,2025-05-27,Second Class,147221,United States,Houston,Texas,77036,Chocolate,Interior,CHO-NUT-13000,Wonka Bar - Nutty Crunch Surprise,13.96,4,9.96,4.0,Lot's O' Nuts,104.0
9753,US-2024-167395-CHO-FUD-51000,2025-02-12,2025-05-27,First Class,167395,United States,Lowell,Massachusetts,1852,Chocolate,Atlantic,CHO-FUD-51000,Wonka Bar - Fudge Mallows,25.2,7,16.8,8.4,Lot's O' Nuts,104.0
9754,US-2024-147221-CHO-NUT-13000,2025-02-12,2025-05-27,Second Class,147221,United States,Houston,Texas,77036,Chocolate,Interior,CHO-NUT-13000,Wonka Bar - Nutty Crunch Surprise,17.45,5,12.45,5.0,Lot's O' Nuts,104.0
9755,US-2024-109701-CHO-TRI-54000,2025-02-12,2025-05-26,Same Day,109701,United States,Los Angeles,California,90032,Chocolate,Pacific,CHO-TRI-54000,Wonka Bar - Triple Dazzle Caramel,11.25,3,7.35,3.9,Wicked Choccy's,103.0
9756,US-2024-104108-CHO-SCR-58000,2025-02-12,2025-06-01,Standard Class,104108,United States,Houston,Texas,77095,Chocolate,Interior,CHO-SCR-58000,Wonka Bar -Scrumdiddlyumptious,18.0,5,12.5,5.5,Lot's O' Nuts,109.0
9757,US-2024-108063-CHO-MIL-31000,2025-02-12,2025-05-28,First Class,108063,United States,Charlottesville,Virginia,22901,Chocolate,Gulf,CHO-MIL-31000,Wonka Bar - Milk Chocolate,9.75,3,6.33,3.42,Wicked Choccy's,105.0
9758,US-2024-157469-CHO-TRI-54000,2025-02-12,2025-05-30,Standard Class,157469,United States,Lakewood,Ohio,44107,Chocolate,Atlantic,CHO-TRI-54000,Wonka Bar - Triple Dazzle Caramel,33.75,9,22.05,11.7,Wicked Choccy's,107.0
9759,US-2024-109701-CHO-MIL-31000,2025-02-12,2025-05-26,Same Day,109701,United States,Los Angeles,California,90032,Chocolate,Pacific,CHO-MIL-31000,Wonka Bar - Milk Chocolate,19.5,6,12.66,6.84,Wicked Choccy's,103.0
9760,US-2024-165715-CHO-TRI-54000,2025-02-12,2025-05-31,Standard Class,165715,United States,Greensboro,North Carolina,27405,Chocolate,Gulf,CHO-TRI-54000,Wonka Bar - Triple Dazzle Caramel,3.75,1,2.45,1.3,Wicked Choccy's,108.0
9761,US-2024-102379-CHO-SCR-58000,2025-02-12,2025-05-29,Standard Class,102379,United States,Oakland,California,94601,Chocolate,Pacific,CHO-SCR-58000,Wonka Bar -Scrumdiddlyumptious,18.0,5,12.5,5.5,Lot's O' Nuts,106.0
9762,US-2024-164917-CHO-SCR-58000,2025-02-12,2025-05-30,Standard Class,164917,United States,Miami,Florida,33180,Chocolate,Gulf,CHO-SCR-58000,Wonka Bar -Scrumdiddlyumptious,18.0,5,12.5,5.5,Lot's O' Nuts,107.0
9763,US-2024-109701-CHO-MIL-31000,2025-02-12,2025-05-26,Same Day,109701,United States,Los Angeles,California,90032,Chocolate,Pacific,CHO-MIL-31000,Wonka Bar - Milk Chocolate,6.5,2,4.22,2.28,Wicked Choccy's,103.0
9764,US-2024-147767-CHO-TRI-54000,2025-02-12,2025-05-25,Same Day,147767,United States,Peoria,Arizona,85345,Chocolate,Pacific,CHO-TRI-54000,Wonka Bar - Triple Dazzle Caramel,22.5,6,14.7,7.8,Wicked Choccy's,102.0
9765,US-2024-155089-CHO-TRI-54000,2025-02-12,2025-05-29,Standard Class,155089,United States,Tampa,Florida,33614,Chocolate,Gulf,CHO-TRI-54000,Wonka Bar - Triple Dazzle Caramel,18.75,5,12.25,6.5,Wicked Choccy's,106.0
9766,US-2024-155075-CHO-MIL-31000,2025-02-12,2025-06-01,Standard Class,155075,United States,Philadelphia,Pennsylvania,19140,Chocolate,Atlantic,CHO-MIL-31000,Wonka Bar - Milk Chocolate,13.0,4,8.44,4.56,Wicked Choccy's,109.0
9767,US-2024-112347-CHO-FUD-51000,2025-02-12,2025-05-29,Standard Class,112347,United States,Denver,Colorado,80219,Chocolate,Pacific,CHO-FUD-51000,Wonka Bar - Fudge Mallows,28.8,8,19.2,9.6,Lot's O' Nuts,106.0
9768,US-2024-109701-CHO-TRI-54000,2025-02-12,2025-05-26,Same Day,109701,United States,Los Angeles,California,90032,Chocolate,Pacific,CHO-TRI-54000,Wonka Bar - Triple Dazzle Caramel,22.5,6,14.7,7.8,Wicked Choccy's,103.0
9769,US-2024-109701-CHO-TRI-54000,2025-02-12,2025-05-26,Same Day,109701,United States,Los Angeles,California,90032,Chocolate,Pacific,CHO-TRI-54000,Wonka Bar - Triple Dazzle Caramel,7.5,2,4.9,2.6,Wicked Choccy's,103.0
9770,US-2024-116715-CHO-SCR-58000,2025-02-12,2025-05-28,First Class,116715,United States,San Francisco,California,94122,Chocolate,Pacific,CHO-SCR-58000,Wonka Bar -Scrumdiddlyumptious,7.2,2,5.0,2.2,Lot's O' Nuts,105.0
9771,US-2024-116715-OTH-LIC-15000,2025-02-12,2025-05-28,First Class,116715,United States,San Francisco,California,94122,Other,Pacific,OTH-LIC-15000,Lickable Wallpaper,40.0,2,20.0,20.0,Secret Factory,105.0
9772,US-2024-112347-CHO-MIL-31000,2025-02-12,2025-05-29,Standard Class,112347,United States,Denver,Colorado,80219,Chocolate,Pacific,CHO-MIL-31000,Wonka Bar - Milk Chocolate,3.25,1,2.11,1.14,Wicked Choccy's,106.0
9773,US-2024-116715-CHO-TRI-54000,2025-02-12,2025-05-28,First Class,116715,United States,San Francisco,California,94122,Chocolate,Pacific,CHO-TRI-54000,Wonka Bar - Triple Dazzle Caramel,33.75,9,22.05,11.7,Wicked Choccy's,105.0
9774,US-2024-167395-CHO-FUD-51000,2025-02-12,2025-05-27,First Class,167395,United States,Lowell,Massachusetts,1852,Chocolate,Atlantic,CHO-FUD-51000,Wonka Bar - Fudge Mallows,7.2,2,4.8,2.4,Lot's O' Nuts,104.0
9775,US-2024-112347-OTH-LIC-15000,2025-02-12,2025-05-29,Standard Class,112347,United States,Denver,Colorado,80219,Other,Pacific,OTH-LIC-15000,Lickable Wallpaper,40.0,2,20.0,20.0,Secret Factory,106.0
9776,US-2024-102379-CHO-FUD-51000,2025-02-12,2025-05-29,Standard Class,102379,United States,Oakland,California,94601,Chocolate,Pacific,CHO-FUD-51000,Wonka Bar - Fudge Mallows,3.6,1,2.4,1.2,Lot's O' Nuts,106.0
9777,US-2024-160885-CHO-FUD-51000,2025-02-12,2025-05-29,Standard Class,160885,United States,Omaha,Nebraska,68104,Chocolate,Interior,CHO-FUD-51000,Wonka Bar - Fudge Mallows,14.4,4,9.6,4.8,Lot's O' Nuts,106.0
9778,US-2024-157469-CHO-SCR-58000,2025-02-12,2025-05-30,Standard Class,157469,United States,Lakewood,Ohio,44107,Chocolate,Atlantic,CHO-SCR-58000,Wonka Bar -Scrumdiddlyumptious,7.2,2,5.0,2.2,Lot's O' Nuts,107.0
9779,US-2024-112347-CHO-MIL-31000,2025-02-12,2025-05-29,Standard Class,112347,United States,Denver,Colorado,80219,Chocolate,Pacific,CHO-MIL-31000,Wonka Bar - Milk Chocolate,19.5,6,12.66,6.84,Wicked Choccy's,106.0
9780,US-2024-167395-CHO-FUD-51000,2025-02-12,2025-05-27,First Class,167395,United States,Lowell,Massachusetts,1852,Chocolate,Atlantic,CHO-FUD-51000,Wonka Bar - Fudge Mallows,18.0,5,12.0,6.0,Lot's O' Nuts,104.0
9781,CA-2024-105471-CHO-MIL-31000,2025-02-12,2025-05-29,Standard Class,105471,Canada,Halifax,Nova Scotia,B3H,Chocolate,Atlantic,CHO-MIL-31000,Wonka Bar - Milk Chocolate,16.25,5,10.55,5.7,Wicked Choccy's,106.0
9782,CA-2024-106541-CHO-TRI-54000,2025-02-12,2025-05-29,Standard Class,106541,Canada,Moncton,New Brunswick,E1A,Chocolate,Atlantic,CHO-TRI-54000,Wonka Bar - Triple Dazzle Caramel,18.75,5,12.25,6.5,Wicked Choccy's,106.0
9783,CA-2024-145612-CHO-NUT-13000,2025-02-12,2025-05-29,Standard Class,145612,Canada,Moncton,New Brunswick,E1A,Chocolate,Atlantic,CHO-NUT-13000,Wonka Bar - Nutty Crunch Surprise,24.43,7,17.43,7.0,Lot's O' Nuts,106.0
9784,US-2024-103415-CHO-SCR-58000,2025-03-12,2025-05-31,Standard Class,103415,United States,Houston,Texas,77041,Chocolate,Interior,CHO-SCR-58000,Wonka Bar -Scrumdiddlyumptious,7.2,2,5.0,2.2,Lot's O' Nuts,80.0
9785,US-2024-118017-CHO-NUT-13000,2025-03-12,2025-05-29,Second Class,118017,United States,Thornton,Colorado,80229,Chocolate,Pacific,CHO-NUT-13000,Wonka Bar - Nutty Crunch Surprise,3.49,1,2.49,1.0,Lot's O' Nuts,78.0
9786,US-2024-118017-CHO-NUT-13000,2025-03-12,2025-05-29,Second Class,118017,United States,Thornton,Colorado,80229,Chocolate,Pacific,CHO-NUT-13000,Wonka Bar - Nutty Crunch Surprise,17.45,5,12.45,5.0,Lot's O' Nuts,78.0
9787,US-2024-118017-CHO-TRI-54000,2025-03-12,2025-05-29,Second Class,118017,United States,Thornton,Colorado,80229,Chocolate,Pacific,CHO-TRI-54000,Wonka Bar - Triple Dazzle Caramel,11.25,3,7.35,3.9,Wicked Choccy's,78.0
9788,US-2024-143126-CHO-MIL-31000,2025-03-12,2025-05-30,Second Class,143126,United States,Seattle,Washington,98115,Chocolate,Pacific,CHO-MIL-31000,Wonka Bar - Milk Chocolate,6.5,2,4.22,2.28,Wicked Choccy's,79.0
9789,US-2024-149510-CHO-SCR-58000,2025-03-12,2025-06-02,Standard Class,149510,United States,Fayetteville,North Carolina,28314,Chocolate,Gulf,CHO-SCR-58000,Wonka Bar -Scrumdiddlyumptious,10.8,3,7.5,3.3,Lot's O' Nuts,82.0
9790,US-2024-118017-CHO-TRI-54000,2025-03-12,2025-05-29,Second Class,118017,United States,Thornton,Colorado,80229,Chocolate,Pacific,CHO-TRI-54000,Wonka Bar - Triple Dazzle Caramel,22.5,6,14.7,7.8,Wicked Choccy's,78.0
9791,US-2024-148691-CHO-NUT-13000,2025-03-12,2025-06-01,Standard Class,148691,United States,New York City,New York,10009,Chocolate,Atlantic,CHO-NUT-13000,Wonka Bar - Nutty Crunch Surprise,17.45,5,12.45,5.0,Lot's O' Nuts,81.0
9792,US-2024-148691-CHO-TRI-54000,2025-03-12,2025-06-01,Standard Class,148691,United States,New York City,New York,10009,Chocolate,Atlantic,CHO-TRI-54000,Wonka Bar - Triple Dazzle Caramel,7.5,2,4.9,2.6,Wicked Choccy's,81.0
9793,US-2024-149510-CHO-FUD-51000,2025-03-12,2025-06-02,Standard Class,149510,United States,Fayetteville,North Carolina,28314,Chocolate,Gulf,CHO-FUD-51000,Wonka Bar - Fudge Mallows,21.6,6,14.4,7.2,Lot's O' Nuts,82.0
9794,US-2024-148691-CHO-SCR-58000,2025-03-12,2025-06-01,Standard Class,148691,United States,New York City,New York,10009,Chocolate,Atlantic,CHO-SCR-58000,Wonka Bar -Scrumdiddlyumptious,3.6,1,2.5,1.1,Lot's O' Nuts,81.0
9795,US-2024-136875-CHO-TRI-54000,2025-03-12,2025-05-26,Same Day,136875,United States,San Diego,California,92024,Chocolate,Pacific,CHO-TRI-54000,Wonka Bar - Triple Dazzle Caramel,11.25,3,7.35,3.9,Wicked Choccy's,75.0
9796,US-2024-149510-CHO-SCR-58000,2025-03-12,2025-06-02,Standard Class,149510,United States,Fayetteville,North Carolina,28314,Chocolate,Gulf,CHO-SCR-58000,Wonka Bar -Scrumdiddlyumptious,14.4,4,10.0,4.4,Lot's O' Nuts,82.0
9797,US-2024-118017-CHO-TRI-54000,2025-03-12,2025-05-29,Second Class,118017,United States,Thornton,Colorado,80229,Chocolate,Pacific,CHO-TRI-54000,Wonka Bar - Triple Dazzle Caramel,7.5,2,4.9,2.6,Wicked Choccy's,78.0
9798,US-2024-123071-CHO-MIL-31000,2025-03-12,2025-05-29,First Class,123071,United States,Plano,Texas,75023,Chocolate,Interior,CHO-MIL-31000,Wonka Bar - Milk Chocolate,6.5,2,4.22,2.28,Wicked Choccy's,78.0
9799,US-2024-118017-CHO-FUD-51000,2025-03-12,2025-05-29,Second Class,118017,United States,Thornton,Colorado,80229,Chocolate,Pacific,CHO-FUD-51000,Wonka Bar - Fudge Mallows,25.2,7,16.8,8.4,Lot's O' Nuts,78.0
9800,US-2024-128699-CHO-FUD-51000,2025-03-12,2025-05-28,Second Class,128699,United States,Jacksonville,Florida,32216,Chocolate,Gulf,CHO-FUD-51000,Wonka Bar - Fudge Mallows,3.6,1,2.4,1.2,Lot's O' Nuts,77.0
9801,US-2024-118017-CHO-MIL-31000,2025-03-12,2025-05-29,Second Class,118017,United States,Thornton,Colorado,80229,Chocolate,Pacific,CHO-MIL-31000,Wonka Bar - Milk Chocolate,19.5,6,12.66,6.84,Wicked Choccy's,78.0
9802,US-2024-118017-CHO-MIL-31000,2025-03-12,2025-05-29,Second Class,118017,United States,Thornton,Colorado,80229,Chocolate,Pacific,CHO-MIL-31000,Wonka Bar - Milk Chocolate,26.0,8,16.88,9.12,Wicked Choccy's,78.0
9803,US-2024-148691-CHO-FUD-51000,2025-03-12,2025-06-01,Standard Class,148691,United States,New York City,New York,10009,Chocolate,Atlantic,CHO-FUD-51000,Wonka Bar - Fudge Mallows,3.6,1,2.4,1.2,Lot's O' Nuts,81.0
9804,US-2024-139773-CHO-FUD-51000,2025-04-12,2025-05-27,Same Day,139773,United States,Philadelphia,Pennsylvania,19143,Chocolate,Atlantic,CHO-FUD-51000,Wonka Bar - Fudge Mallows,25.2,7,16.8,8.4,Lot's O' Nuts,45.0
9805,US-2024-118003-CHO-MIL-31000,2025-04-12,2025-06-02,Standard Class,118003,United States,Paterson,New Jersey,7501,Chocolate,Atlantic,CHO-MIL-31000,Wonka Bar - Milk Chocolate,9.75,3,6.33,3.42,Wicked Choccy's,51.0
9806,US-2024-117667-CHO-SCR-58000,2025-04-12,2025-06-01,Standard Class,117667,United States,Philadelphia,Pennsylvania,19134,Chocolate,Atlantic,CHO-SCR-58000,Wonka Bar -Scrumdiddlyumptious,36.0,10,25.0,11.0,Lot's O' Nuts,50.0
9807,US-2024-118003-CHO-TRI-54000,2025-04-12,2025-06-02,Standard Class,118003,United States,Paterson,New Jersey,7501,Chocolate,Atlantic,CHO-TRI-54000,Wonka Bar - Triple Dazzle Caramel,11.25,3,7.35,3.9,Wicked Choccy's,51.0
9808,US-2024-147550-CHO-MIL-31000,2025-04-12,2025-05-28,First Class,147550,United States,Philadelphia,Pennsylvania,19134,Chocolate,Atlantic,CHO-MIL-31000,Wonka Bar - Milk Chocolate,9.75,3,6.33,3.42,Wicked Choccy's,46.0
9809,US-2024-118003-CHO-SCR-58000,2025-04-12,2025-06-02,Standard Class,118003,United States,Paterson,New Jersey,7501,Chocolate,Atlantic,CHO-SCR-58000,Wonka Bar -Scrumdiddlyumptious,3.6,1,2.5,1.1,Lot's O' Nuts,51.0
9810,US-2024-117667-CHO-MIL-31000,2025-04-12,2025-06-01,Standard Class,117667,United States,Philadelphia,Pennsylvania,19134,Chocolate,Atlantic,CHO-MIL-31000,Wonka Bar - Milk Chocolate,6.5,2,4.22,2.28,Wicked Choccy's,50.0
9811,US-2024-117667-CHO-SCR-58000,2025-04-12,2025-06-01,Standard Class,117667,United States,Philadelphia,Pennsylvania,19134,Chocolate,Atlantic,CHO-SCR-58000,Wonka Bar -Scrumdiddlyumptious,10.8,3,7.5,3.3,Lot's O' Nuts,50.0
9812,US-2024-107384-CHO-SCR-58000,2025-04-12,2025-05-31,Standard Class,107384,United States,Rochester,Minnesota,55901,Chocolate,Interior,CHO-SCR-58000,Wonka Bar -Scrumdiddlyumptious,18.0,5,12.5,5.5,Lot's O' Nuts,49.0
9813,US-2024-156412-CHO-TRI-54000,2025-04-12,2025-05-31,Standard Class,156412,United States,Philadelphia,Pennsylvania,19134,Chocolate,Atlantic,CHO-TRI-54000,Wonka Bar - Triple Dazzle Caramel,11.25,3,7.35,3.9,Wicked Choccy's,49.0
9814,US-2024-160031-CHO-FUD-51000,2025-04-12,2025-05-30,Second Class,160031,United States,Fairfield,Ohio,45014,Chocolate,Atlantic,CHO-FUD-51000,Wonka Bar - Fudge Mallows,10.8,3,7.2,3.6,Lot's O' Nuts,48.0
9815,US-2024-153227-CHO-NUT-13000,2025-04-12,2025-05-29,First Class,153227,United States,Los Angeles,California,90032,Chocolate,Pacific,CHO-NUT-13000,Wonka Bar - Nutty Crunch Surprise,6.98,2,4.98,2.0,Lot's O' Nuts,47.0
9816,US-2024-117667-OTH-GUM-21000,2025-04-12,2025-06-01,Standard Class,117667,United States,Philadelphia,Pennsylvania,19134,Other,Atlantic,OTH-GUM-21000,Wonka Gum,6.25,5,3.25,3.0,Secret Factory,50.0
9817,US-2024-152660-CHO-MIL-31000,2025-04-12,2025-06-01,Standard Class,152660,United States,Chicago,Illinois,60610,Chocolate,Interior,CHO-MIL-31000,Wonka Bar - Milk Chocolate,6.5,2,4.22,2.28,Wicked Choccy's,50.0
9818,US-2024-117667-CHO-SCR-58000,2025-04-12,2025-06-01,Standard Class,117667,United States,Philadelphia,Pennsylvania,19134,Chocolate,Atlantic,CHO-SCR-58000,Wonka Bar -Scrumdiddlyumptious,14.4,4,10.0,4.4,Lot's O' Nuts,50.0
9819,US-2024-107384-CHO-TRI-54000,2025-04-12,2025-05-31,Standard Class,107384,United States,Rochester,Minnesota,55901,Chocolate,Interior,CHO-TRI-54000,Wonka Bar - Triple Dazzle Caramel,18.75,5,12.25,6.5,Wicked Choccy's,49.0
9820,US-2024-107384-CHO-TRI-54000,2025-04-12,2025-05-31,Standard Class,107384,United States,Rochester,Minnesota,55901,Chocolate,Interior,CHO-TRI-54000,Wonka Bar - Triple Dazzle Caramel,3.75,1,2.45,1.3,Wicked Choccy's,49.0
9821,US-2024-109183-CHO-MIL-31000,2025-04-12,2025-06-01,Standard Class,109183,United States,Nashville,Tennessee,37211,Chocolate,Gulf,CHO-MIL-31000,Wonka Bar - Milk Chocolate,6.5,2,4.22,2.28,Wicked Choccy's,50.0
9822,CA-2024-119508-CHO-NUT-13000,2025-04-12,2025-06-01,Standard Class,119508,Canada,Vancouver,British Columbia,V6B,Chocolate,Pacific,CHO-NUT-13000,Wonka Bar - Nutty Crunch Surprise,20.94,6,14.94,6.0,Lot's O' Nuts,50.0
9823,CA-2024-119508-CHO-FUD-51000,2025-04-12,2025-06-01,Standard Class,119508,Canada,Vancouver,British Columbia,V6B,Chocolate,Pacific,CHO-FUD-51000,Wonka Bar - Fudge Mallows,18.0,5,12.0,6.0,Lot's O' Nuts,50.0
9824,US-2024-105235-CHO-FUD-51000,2025-05-12,2025-06-03,Standard Class,105235,United States,New York City,New York,10011,Chocolate,Atlantic,CHO-FUD-51000,Wonka Bar - Fudge Mallows,7.2,2,4.8,2.4,Lot's O' Nuts,22.0
9825,US-2024-105235-CHO-SCR-58000,2025-05-12,2025-06-03,Standard Class,105235,United States,New York City,New York,10011,Chocolate,Atlantic,CHO-SCR-58000,Wonka Bar -Scrumdiddlyumptious,10.8,3,7.5,3.3,Lot's O' Nuts,22.0
9826,US-2024-126053-CHO-FUD-51000,2025-05-12,2025-05-31,First Class,126053,United States,New York City,New York,10024,Chocolate,Atlantic,CHO-FUD-51000,Wonka Bar - Fudge Mallows,7.2,2,4.8,2.4,Lot's O' Nuts,19.0
9827,US-2024-156958-CHO-SCR-58000,2025-05-12,2025-05-29,First Class,156958,United States,Seattle,Washington,98115,Chocolate,Pacific,CHO-SCR-58000,Wonka Bar -Scrumdiddlyumptious,18.0,5,12.5,5.5,Lot's O' Nuts,17.0
9828,US-2024-105235-CHO-MIL-31000,2025-05-12,2025-06-03,Standard Class,105235,United States,New York City,New York,10011,Chocolate,Atlantic,CHO-MIL-31000,Wonka Bar - Milk Chocolate,16.25,5,10.55,5.7,Wicked Choccy's,22.0
9829,US-2024-130351-CHO-FUD-51000,2025-05-12,2025-05-31,First Class,130351,United States,Columbus,Indiana,47201,Chocolate,Interior,CHO-FUD-51000,Wonka Bar - Fudge Mallows,10.8,3,7.2,3.6,Lot's O' Nuts,19.0
9830,US-2024-131212-CHO-MIL-31000,2025-05-12,2025-06-01,Standard Class,131212,United States,Bellevue,Washington,98006,Chocolate,Pacific,CHO-MIL-31000,Wonka Bar - Milk Chocolate,19.5,6,12.66,6.84,Wicked Choccy's,20.0
9831,US-2024-156958-CHO-NUT-13000,2025-05-12,2025-05-29,First Class,156958,United States,Seattle,Washington,98115,Chocolate,Pacific,CHO-NUT-13000,Wonka Bar - Nutty Crunch Surprise,17.45,5,12.45,5.0,Lot's O' Nuts,17.0
9832,US-2024-156958-CHO-NUT-13000,2025-05-12,2025-05-29,First Class,156958,United States,Seattle,Washington,98115,Chocolate,Pacific,CHO-NUT-13000,Wonka Bar - Nutty Crunch Surprise,20.94,6,14.94,6.0,Lot's O' Nuts,17.0
9833,US-2024-131212-CHO-NUT-13000,2025-05-12,2025-06-01,Standard Class,131212,United States,Bellevue,Washington,98006,Chocolate,Pacific,CHO-NUT-13000,Wonka Bar - Nutty Crunch Surprise,10.47,3,7.47,3.0,Lot's O' Nuts,20.0
9834,US-2024-156958-CHO-MIL-31000,2025-05-12,2025-05-29,First Class,156958,United States,Seattle,Washington,98115,Chocolate,Pacific,CHO-MIL-31000,Wonka Bar - Milk Chocolate,6.5,2,4.22,2.28,Wicked Choccy's,17.0
9835,US-2024-117128-CHO-TRI-54000,2025-05-12,2025-05-31,Second Class,117128,United States,New York City,New York,10024,Chocolate,Atlantic,CHO-TRI-54000,Wonka Bar - Triple Dazzle Caramel,11.25,3,7.35,3.9,Wicked Choccy's,19.0
9836,US-2024-126053-CHO-SCR-58000,2025-05-12,2025-05-31,First Class,126053,United States,New York City,New York,10024,Chocolate,Atlantic,CHO-SCR-58000,Wonka Bar -Scrumdiddlyumptious,10.8,3,7.5,3.3,Lot's O' Nuts,19.0
9837,US-2024-117128-CHO-FUD-51000,2025-05-12,2025-05-31,Second Class,117128,United States,New York City,New York,10024,Chocolate,Atlantic,CHO-FUD-51000,Wonka Bar - Fudge Mallows,21.6,6,14.4,7.2,Lot's O' Nuts,19.0
9838,US-2024-130351-CHO-NUT-13000,2025-05-12,2025-05-31,First Class,130351,United States,Columbus,Indiana,47201,Chocolate,Interior,CHO-NUT-13000,Wonka Bar - Nutty Crunch Surprise,17.45,5,12.45,5.0,Lot's O' Nuts,19.0
9839,US-2024-126865-CHO-NUT-13000,2025-05-12,2025-05-30,Second Class,126865,United States,San Diego,California,92024,Chocolate,Pacific,CHO-NUT-13000,Wonka Bar - Nutty Crunch Surprise,10.47,3,7.47,3.0,Lot's O' Nuts,18.0
9840,US-2024-104066-CHO-NUT-13000,2025-05-12,2025-06-02,Standard Class,104066,United States,Burlington,Vermont,5401,Chocolate,Atlantic,CHO-NUT-13000,Wonka Bar - Nutty Crunch Surprise,24.43,7,17.43,7.0,Lot's O' Nuts,21.0
9841,US-2024-130351-CHO-FUD-51000,2025-05-12,2025-05-31,First Class,130351,United States,Columbus,Indiana,47201,Chocolate,Interior,CHO-FUD-51000,Wonka Bar - Fudge Mallows,10.8,3,7.2,3.6,Lot's O' Nuts,19.0
9842,US-2024-156958-CHO-SCR-58000,2025-05-12,2025-05-29,First Class,156958,United States,Seattle,Washington,98115,Chocolate,Pacific,CHO-SCR-58000,Wonka Bar -Scrumdiddlyumptious,10.8,3,7.5,3.3,Lot's O' Nuts,17.0
9843,US-2024-149006-CHO-FUD-51000,2025-06-12,2026-05-31,Second Class,149006,United States,Brentwood,California,94513,Chocolate,Pacific,CHO-FUD-51000,Wonka Bar - Fudge Mallows,3.6,1,2.4,1.2,Lot's O' Nuts,353.0
9844,US-2024-136189-CHO-MIL-31000,2025-07-12,2026-06-03,Standard Class,136189,United States,Richmond,Virginia,23223,Chocolate,Gulf,CHO-MIL-31000,Wonka Bar - Milk Chocolate,19.5,6,12.66,6.84,Wicked Choccy's,326.0
9845,US-2024-135587-CHO-TRI-54000,2025-07-12,2026-06-04,Standard Class,135587,United States,Hattiesburg,Mississippi,39401,Chocolate,Gulf,CHO-TRI-54000,Wonka Bar - Triple Dazzle Caramel,15.0,4,9.8,5.2,Wicked Choccy's,327.0
9846,US-2024-122714-CHO-TRI-54000,2025-07-12,2026-06-05,Standard Class,122714,United States,Chicago,Illinois,60653,Chocolate,Interior,CHO-TRI-54000,Wonka Bar - Triple Dazzle Caramel,18.75,5,12.25,6.5,Wicked Choccy's,328.0
9847,US-2024-134285-CHO-MIL-31000,2025-07-12,2026-06-04,Standard Class,134285,United States,San Antonio,Texas,78207,Chocolate,Interior,CHO-MIL-31000,Wonka Bar - Milk Chocolate,9.75,3,6.33,3.42,Wicked Choccy's,327.0
9848,US-2024-134285-CHO-MIL-31000,2025-07-12,2026-06-04,Standard Class,134285,United States,San Antonio,Texas,78207,Chocolate,Interior,CHO-MIL-31000,Wonka Bar - Milk Chocolate,9.75,3,6.33,3.42,Wicked Choccy's,327.0
9849,US-2024-142328-CHO-MIL-31000,2025-07-12,2026-06-06,Standard Class,142328,United States,San Francisco,California,94122,Chocolate,Pacific,CHO-MIL-31000,Wonka Bar - Milk Chocolate,19.5,6,12.66,6.84,Wicked Choccy's,329.0
9850,US-2024-135587-CHO-TRI-54000,2025-07-12,2026-06-04,Standard Class,135587,United States,Hattiesburg,Mississippi,39401,Chocolate,Gulf,CHO-TRI-54000,Wonka Bar - Triple Dazzle Caramel,15.0,4,9.8,5.2,Wicked Choccy's,327.0
9851,US-2024-157980-CHO-TRI-54000,2025-07-12,2026-06-01,First Class,157980,United States,Toledo,Ohio,43615,Chocolate,Atlantic,CHO-TRI-54000,Wonka Bar - Triple Dazzle Caramel,7.5,2,4.9,2.6,Wicked Choccy's,324.0
9852,US-2024-137099-CHO-TRI-54000,2025-07-12,2026-06-02,First Class,137099,United States,Los Angeles,California,90008,Chocolate,Pacific,CHO-TRI-54000,Wonka Bar - Triple Dazzle Caramel,11.25,3,7.35,3.9,Wicked Choccy's,325.0
9853,US-2024-117457-CHO-TRI-54000,2025-08-12,2026-06-04,Standard Class,117457,United States,San Francisco,California,94110,Chocolate,Pacific,CHO-TRI-54000,Wonka Bar - Triple Dazzle Caramel,48.75,13,31.85,16.9,Wicked Choccy's,296.0
9854,US-2024-117324-CHO-SCR-58000,2025-08-12,2026-06-05,Standard Class,117324,United States,Madison,Wisconsin,53711,Chocolate,Interior,CHO-SCR-58000,Wonka Bar -Scrumdiddlyumptious,14.4,4,10.0,4.4,Lot's O' Nuts,297.0
9855,US-2024-167570-CHO-TRI-54000,2025-08-12,2026-06-07,Standard Class,167570,United States,Philadelphia,Pennsylvania,19140,Chocolate,Atlantic,CHO-TRI-54000,Wonka Bar - Triple Dazzle Caramel,15.0,4,9.8,5.2,Wicked Choccy's,299.0
9856,US-2024-117457-CHO-TRI-54000,2025-08-12,2026-06-04,Standard Class,117457,United States,San Francisco,California,94110,Chocolate,Pacific,CHO-TRI-54000,Wonka Bar - Triple Dazzle Caramel,7.5,2,4.9,2.6,Wicked Choccy's,296.0
9857,US-2024-148264-CHO-MIL-31000,2025-08-12,2026-06-01,First Class,148264,United States,Inglewood,California,90301,Chocolate,Pacific,CHO-MIL-31000,Wonka Bar - Milk Chocolate,6.5,2,4.22,2.28,Wicked Choccy's,293.0
9858,US-2024-145226-CHO-SCR-58000,2025-08-12,2026-06-02,Second Class,145226,United States,New York City,New York,10035,Chocolate,Atlantic,CHO-SCR-58000,Wonka Bar -Scrumdiddlyumptious,7.2,2,5.0,2.2,Lot's O' Nuts,294.0
9859,US-2024-117457-CHO-TRI-54000,2025-08-12,2026-06-04,Standard Class,117457,United States,San Francisco,California,94110,Chocolate,Pacific,CHO-TRI-54000,Wonka Bar - Triple Dazzle Caramel,26.25,7,17.15,9.1,Wicked Choccy's,296.0
9860,US-2024-117926-OTH-KAZ-38000,2025-08-12,2026-06-04,Second Class,117926,United States,San Francisco,California,94109,Other,Pacific,OTH-KAZ-38000,Kazookles,3.25,1,0.25,3.0,Secret Factory,296.0
9861,US-2024-117324-CHO-NUT-13000,2025-08-12,2026-06-05,Standard Class,117324,United States,Madison,Wisconsin,53711,Chocolate,Interior,CHO-NUT-13000,Wonka Bar - Nutty Crunch Surprise,10.47,3,7.47,3.0,Lot's O' Nuts,297.0
9862,US-2024-131961-CHO-NUT-13000,2025-08-12,2026-06-03,First Class,131961,United States,Philadelphia,Pennsylvania,19140,Chocolate,Atlantic,CHO-NUT-13000,Wonka Bar - Nutty Crunch Surprise,13.96,4,9.96,4.0,Lot's O' Nuts,295.0
9863,US-2024-108854-CHO-TRI-54000,2025-08-12,2026-06-06,Standard Class,108854,United States,San Francisco,California,94109,Chocolate,Pacific,CHO-TRI-54000,Wonka Bar - Triple Dazzle Caramel,11.25,3,7.35,3.9,Wicked Choccy's,298.0
9864,US-2024-108854-CHO-TRI-54000,2025-08-12,2026-06-06,Standard Class,108854,United States,San Francisco,California,94109,Chocolate,Pacific,CHO-TRI-54000,Wonka Bar - Triple Dazzle Caramel,3.75,1,2.45,1.3,Wicked Choccy's,298.0
9865,US-2024-117324-CHO-NUT-13000,2025-08-12,2026-06-05,Standard Class,117324,United States,Madison,Wisconsin,53711,Chocolate,Interior,CHO-NUT-13000,Wonka Bar - Nutty Crunch Surprise,6.98,2,4.98,2.0,Lot's O' Nuts,297.0
9866,US-2024-117457-CHO-SCR-58000,2025-08-12,2026-06-04,Standard Class,117457,United States,San Francisco,California,94110,Chocolate,Pacific,CHO-SCR-58000,Wonka Bar -Scrumdiddlyumptious,32.4,9,22.5,9.9,Lot's O' Nuts,296.0
9867,US-2024-117457-CHO-NUT-13000,2025-08-12,2026-06-04,Standard Class,117457,United States,San Francisco,California,94110,Chocolate,Pacific,CHO-NUT-13000,Wonka Bar - Nutty Crunch Surprise,3.49,1,2.49,1.0,Lot's O' Nuts,296.0
9868,US-2024-117324-CHO-TRI-54000,2025-08-12,2026-06-05,Standard Class,117324,United States,Madison,Wisconsin,53711,Chocolate,Interior,CHO-TRI-54000,Wonka Bar - Triple Dazzle Caramel,15.0,4,9.8,5.2,Wicked Choccy's,297.0
9869,US-2024-117457-CHO-SCR-58000,2025-08-12,2026-06-04,Standard Class,117457,United States,San Francisco,California,94110,Chocolate,Pacific,CHO-SCR-58000,Wonka Bar -Scrumdiddlyumptious,3.6,1,2.5,1.1,Lot's O' Nuts,296.0
9870,US-2024-108854-CHO-MIL-31000,2025-08-12,2026-06-06,Standard Class,108854,United States,San Francisco,California,94109,Chocolate,Pacific,CHO-MIL-31000,Wonka Bar - Milk Chocolate,13.0,4,8.44,4.56,Wicked Choccy's,298.0
9871,US-2024-145226-CHO-NUT-13000,2025-08-12,2026-06-02,Second Class,145226,United States,New York City,New York,10035,Chocolate,Atlantic,CHO-NUT-13000,Wonka Bar - Nutty Crunch Surprise,10.47,3,7.47,3.0,Lot's O' Nuts,294.0
9872,US-2024-148264-CHO-SCR-58000,2025-08-12,2026-06-01,First Class,148264,United States,Inglewood,California,90301,Chocolate,Pacific,CHO-SCR-58000,Wonka Bar -Scrumdiddlyumptious,32.4,9,22.5,9.9,Lot's O' Nuts,293.0
9873,US-2024-117457-CHO-TRI-54000,2025-08-12,2026-06-04,Standard Class,117457,United States,San Francisco,California,94110,Chocolate,Pacific,CHO-TRI-54000,Wonka Bar - Triple Dazzle Caramel,18.75,5,12.25,6.5,Wicked Choccy's,296.0
9874,US-2024-152436-CHO-MIL-31000,2025-08-12,2026-06-02,Second Class,152436,United States,Cranston,Rhode Island,2920,Chocolate,Atlantic,CHO-MIL-31000,Wonka Bar - Milk Chocolate,19.5,6,12.66,6.84,Wicked Choccy's,294.0
9875,US-2024-108854-CHO-MIL-31000,2025-08-12,2026-06-06,Standard Class,108854,United States,San Francisco,California,94109,Chocolate,Pacific,CHO-MIL-31000,Wonka Bar - Milk Chocolate,3.25,1,2.11,1.14,Wicked Choccy's,298.0
9876,US-2024-145226-CHO-TRI-54000,2025-08-12,2026-06-02,Second Class,145226,United States,New York City,New York,10035,Chocolate,Atlantic,CHO-TRI-54000,Wonka Bar - Triple Dazzle Caramel,15.0,4,9.8,5.2,Wicked Choccy's,294.0
9877,US-2024-148264-CHO-FUD-51000,2025-08-12,2026-06-01,First Class,148264,United States,Inglewood,California,90301,Chocolate,Pacific,CHO-FUD-51000,Wonka Bar - Fudge Mallows,10.8,3,7.2,3.6,Lot's O' Nuts,293.0
9878,US-2024-145226-CHO-MIL-31000,2025-08-12,2026-06-02,Second Class,145226,United States,New York City,New York,10035,Chocolate,Atlantic,CHO-MIL-31000,Wonka Bar - Milk Chocolate,9.75,3,6.33,3.42,Wicked Choccy's,294.0
9879,US-2024-117457-CHO-NUT-13000,2025-08-12,2026-06-04,Standard Class,117457,United States,San Francisco,California,94110,Chocolate,Pacific,CHO-NUT-13000,Wonka Bar - Nutty Crunch Surprise,17.45,5,12.45,5.0,Lot's O' Nuts,296.0
9880,US-2024-117324-CHO-SCR-58000,2025-08-12,2026-06-05,Standard Class,117324,United States,Madison,Wisconsin,53711,Chocolate,Interior,CHO-SCR-58000,Wonka Bar -Scrumdiddlyumptious,10.8,3,7.5,3.3,Lot's O' Nuts,297.0
9881,US-2024-117457-CHO-MIL-31000,2025-08-12,2026-06-04,Standard Class,117457,United States,San Francisco,California,94110,Chocolate,Pacific,CHO-MIL-31000,Wonka Bar - Milk Chocolate,9.75,3,6.33,3.42,Wicked Choccy's,296.0
9882,US-2024-131961-CHO-SCR-58000,2025-08-12,2026-06-03,First Class,131961,United States,Philadelphia,Pennsylvania,19140,Chocolate,Atlantic,CHO-SCR-58000,Wonka Bar -Scrumdiddlyumptious,7.2,2,5.0,2.2,Lot's O' Nuts,295.0
9883,US-2024-141201-CHO-TRI-54000,2025-09-12,2026-06-03,Second Class,141201,United States,Salinas,California,93905,Chocolate,Pacific,CHO-TRI-54000,Wonka Bar - Triple Dazzle Caramel,11.25,3,7.35,3.9,Wicked Choccy's,264.0
9884,US-2024-139199-CHO-SCR-58000,2025-09-12,2026-06-05,Standard Class,139199,United States,Detroit,Michigan,48234,Chocolate,Interior,CHO-SCR-58000,Wonka Bar -Scrumdiddlyumptious,10.8,3,7.5,3.3,Lot's O' Nuts,266.0
9885,US-2024-118038-CHO-TRI-54000,2025-09-12,2026-06-03,First Class,118038,United States,Houston,Texas,77041,Chocolate,Interior,CHO-TRI-54000,Wonka Bar - Triple Dazzle Caramel,11.25,3,7.35,3.9,Wicked Choccy's,264.0
9886,US-2024-102407-CHO-TRI-54000,2025-09-12,2026-06-05,Second Class,102407,United States,Los Angeles,California,90004,Chocolate,Pacific,CHO-TRI-54000,Wonka Bar - Triple Dazzle Caramel,33.75,9,22.05,11.7,Wicked Choccy's,266.0
9887,US-2024-167920-CHO-MIL-31000,2025-09-12,2026-06-04,Second Class,167920,United States,Richmond,Kentucky,40475,Chocolate,Gulf,CHO-MIL-31000,Wonka Bar - Milk Chocolate,16.25,5,10.55,5.7,Wicked Choccy's,265.0
9888,US-2024-102407-CHO-NUT-13000,2025-09-12,2026-06-05,Second Class,102407,United States,Los Angeles,California,90004,Chocolate,Pacific,CHO-NUT-13000,Wonka Bar - Nutty Crunch Surprise,3.49,1,2.49,1.0,Lot's O' Nuts,266.0
9889,US-2024-102407-CHO-MIL-31000,2025-09-12,2026-06-05,Second Class,102407,United States,Los Angeles,California,90004,Chocolate,Pacific,CHO-MIL-31000,Wonka Bar - Milk Chocolate,6.5,2,4.22,2.28,Wicked Choccy's,266.0
9890,US-2024-109960-CHO-FUD-51000,2025-09-12,2026-06-03,Second Class,109960,United States,Detroit,Michigan,48234,Chocolate,Interior,CHO-FUD-51000,Wonka Bar - Fudge Mallows,18.0,5,12.0,6.0,Lot's O' Nuts,264.0
9891,US-2024-148012-CHO-TRI-54000,2025-09-12,2026-06-07,Standard Class,148012,United States,Philadelphia,Pennsylvania,19143,Chocolate,Atlantic,CHO-TRI-54000,Wonka Bar - Triple Dazzle Caramel,3.75,1,2.45,1.3,Wicked Choccy's,268.0
9892,US-2024-102659-CHO-TRI-54000,2025-09-12,2026-06-07,Standard Class,102659,United States,Grand Rapids,Michigan,49505,Chocolate,Interior,CHO-TRI-54000,Wonka Bar - Triple Dazzle Caramel,18.75,5,12.25,6.5,Wicked Choccy's,268.0
9893,US-2024-139402-CHO-SCR-58000,2025-09-12,2026-06-05,Standard Class,139402,United States,Phoenix,Arizona,85023,Chocolate,Pacific,CHO-SCR-58000,Wonka Bar -Scrumdiddlyumptious,10.8,3,7.5,3.3,Lot's O' Nuts,266.0
9894,US-2024-132927-CHO-MIL-31000,2025-09-12,2026-06-07,Standard Class,132927,United States,Philadelphia,Pennsylvania,19134,Chocolate,Atlantic,CHO-MIL-31000,Wonka Bar - Milk Chocolate,22.75,7,14.77,7.98,Wicked Choccy's,268.0
9895,US-2024-109960-CHO-FUD-51000,2025-09-12,2026-06-03,Second Class,109960,United States,Detroit,Michigan,48234,Chocolate,Interior,CHO-FUD-51000,Wonka Bar - Fudge Mallows,14.4,4,9.6,4.8,Lot's O' Nuts,264.0
9896,US-2024-167920-CHO-SCR-58000,2025-09-12,2026-06-04,Second Class,167920,United States,Richmond,Kentucky,40475,Chocolate,Gulf,CHO-SCR-58000,Wonka Bar -Scrumdiddlyumptious,14.4,4,10.0,4.4,Lot's O' Nuts,265.0
9897,US-2024-139199-CHO-FUD-51000,2025-09-12,2026-06-05,Standard Class,139199,United States,Detroit,Michigan,48234,Chocolate,Interior,CHO-FUD-51000,Wonka Bar - Fudge Mallows,7.2,2,4.8,2.4,Lot's O' Nuts,266.0
9898,US-2024-118038-CHO-SCR-58000,2025-09-12,2026-06-03,First Class,118038,United States,Houston,Texas,77041,Chocolate,Interior,CHO-SCR-58000,Wonka Bar -Scrumdiddlyumptious,10.8,3,7.5,3.3,Lot's O' Nuts,264.0
9899,US-2024-129833-CHO-SCR-58000,2025-09-12,2026-06-07,Standard Class,129833,United States,Indianapolis,Indiana,46203,Chocolate,Interior,CHO-SCR-58000,Wonka Bar -Scrumdiddlyumptious,18.0,5,12.5,5.5,Lot's O' Nuts,268.0
9900,US-2024-167920-CHO-NUT-13000,2025-09-12,2026-06-04,Second Class,167920,United States,Richmond,Kentucky,40475,Chocolate,Gulf,CHO-NUT-13000,Wonka Bar - Nutty Crunch Surprise,6.98,2,4.98,2.0,Lot's O' Nuts,265.0
9901,US-2024-145366-CHO-SCR-58000,2025-09-12,2026-06-05,Standard Class,145366,United States,Cincinnati,Ohio,45231,Chocolate,Atlantic,CHO-SCR-58000,Wonka Bar -Scrumdiddlyumptious,10.8,3,7.5,3.3,Lot's O' Nuts,266.0
9902,US-2024-167920-CHO-NUT-13000,2025-09-12,2026-06-04,Second Class,167920,United States,Richmond,Kentucky,40475,Chocolate,Gulf,CHO-NUT-13000,Wonka Bar - Nutty Crunch Surprise,6.98,2,4.98,2.0,Lot's O' Nuts,265.0
9903,US-2024-109960-CHO-MIL-31000,2025-09-12,2026-06-03,Second Class,109960,United States,Detroit,Michigan,48234,Chocolate,Interior,CHO-MIL-31000,Wonka Bar - Milk Chocolate,9.75,3,6.33,3.42,Wicked Choccy's,264.0
9904,US-2024-129833-CHO-SCR-58000,2025-09-12,2026-06-07,Standard Class,129833,United States,Indianapolis,Indiana,46203,Chocolate,Interior,CHO-SCR-58000,Wonka Bar -Scrumdiddlyumptious,18.0,5,12.5,5.5,Lot's O' Nuts,268.0
9905,US-2024-103814-CHO-SCR-58000,2025-09-12,2026-06-08,Standard Class,103814,United States,Park Ridge,Illinois,60068,Chocolate,Interior,CHO-SCR-58000,Wonka Bar -Scrumdiddlyumptious,32.4,9,22.5,9.9,Lot's O' Nuts,269.0
9906,US-2024-139199-CHO-MIL-31000,2025-09-12,2026-06-05,Standard Class,139199,United States,Detroit,Michigan,48234,Chocolate,Interior,CHO-MIL-31000,Wonka Bar - Milk Chocolate,6.5,2,4.22,2.28,Wicked Choccy's,266.0
9907,US-2024-139402-CHO-TRI-54000,2025-09-12,2026-06-05,Standard Class,139402,United States,Phoenix,Arizona,85023,Chocolate,Pacific,CHO-TRI-54000,Wonka Bar - Triple Dazzle Caramel,18.75,5,12.25,6.5,Wicked Choccy's,266.0
9908,US-2024-109715-CHO-TRI-54000,2025-09-12,2026-06-06,Standard Class,109715,United States,Chicago,Illinois,60623,Chocolate,Interior,CHO-TRI-54000,Wonka Bar - Triple Dazzle Caramel,7.5,2,4.9,2.6,Wicked Choccy's,267.0
9909,US-2024-118038-CHO-FUD-51000,2025-09-12,2026-06-03,First Class,118038,United States,Houston,Texas,77041,Chocolate,Interior,CHO-FUD-51000,Wonka Bar - Fudge Mallows,10.8,3,7.2,3.6,Lot's O' Nuts,264.0
9910,US-2024-145366-OTH-GUM-21000,2025-09-12,2026-06-05,Standard Class,145366,United States,Cincinnati,Ohio,45231,Other,Atlantic,OTH-GUM-21000,Wonka Gum,1.25,1,0.65,0.6,Secret Factory,266.0
9911,US-2024-167920-CHO-FUD-51000,2025-09-12,2026-06-04,Second Class,167920,United States,Richmond,Kentucky,40475,Chocolate,Gulf,CHO-FUD-51000,Wonka Bar - Fudge Mallows,3.6,1,2.4,1.2,Lot's O' Nuts,265.0
9912,US-2024-167920-CHO-NUT-13000,2025-09-12,2026-06-04,Second Class,167920,United States,Richmond,Kentucky,40475,Chocolate,Gulf,CHO-NUT-13000,Wonka Bar - Nutty Crunch Surprise,17.45,5,12.45,5.0,Lot's O' Nuts,265.0
9913,US-2024-109960-CHO-MIL-31000,2025-09-12,2026-06-03,Second Class,109960,United States,Detroit,Michigan,48234,Chocolate,Interior,CHO-MIL-31000,Wonka Bar - Milk Chocolate,19.5,6,12.66,6.84,Wicked Choccy's,264.0
9914,US-2024-167920-CHO-SCR-58000,2025-09-12,2026-06-04,Second Class,167920,United States,Richmond,Kentucky,40475,Chocolate,Gulf,CHO-SCR-58000,Wonka Bar -Scrumdiddlyumptious,7.2,2,5.0,2.2,Lot's O' Nuts,265.0
9915,US-2024-108329-CHO-FUD-51000,2025-09-12,2026-06-06,Standard Class,108329,United States,Whittier,California,90604,Chocolate,Pacific,CHO-FUD-51000,Wonka Bar - Fudge Mallows,14.4,4,9.6,4.8,Lot's O' Nuts,267.0
9916,CA-2024-141082-CHO-FUD-51000,2025-09-12,2026-06-05,Standard Class,141082,Canada,Montreal,Quebec,H1A,Chocolate,Atlantic,CHO-FUD-51000,Wonka Bar - Fudge Mallows,3.6,1,2.4,1.2,Lot's O' Nuts,266.0
9917,CA-2024-141082-CHO-FUD-51000,2025-09-12,2026-06-05,Standard Class,141082,Canada,Montreal,Quebec,H1A,Chocolate,Atlantic,CHO-FUD-51000,Wonka Bar - Fudge Mallows,14.4,4,9.6,4.8,Lot's O' Nuts,266.0
9918,US-2024-110149-CHO-TRI-54000,2025-10-12,2026-06-05,First Class,110149,United States,Philadelphia,Pennsylvania,19143,Chocolate,Atlantic,CHO-TRI-54000,Wonka Bar - Triple Dazzle Caramel,18.75,5,12.25,6.5,Wicked Choccy's,236.0
9919,US-2024-158967-CHO-FUD-51000,2025-10-12,2026-06-04,First Class,158967,United States,Fort Lauderdale,Florida,33311,Chocolate,Gulf,CHO-FUD-51000,Wonka Bar - Fudge Mallows,10.8,3,7.2,3.6,Lot's O' Nuts,235.0
9920,US-2024-135503-CHO-SCR-58000,2025-10-12,2026-06-07,Standard Class,135503,United States,North Charleston,South Carolina,29406,Chocolate,Gulf,CHO-SCR-58000,Wonka Bar -Scrumdiddlyumptious,7.2,2,5.0,2.2,Lot's O' Nuts,238.0
9921,US-2024-143798-CHO-NUT-13000,2025-10-12,2026-06-04,First Class,143798,United States,Philadelphia,Pennsylvania,19140,Chocolate,Atlantic,CHO-NUT-13000,Wonka Bar - Nutty Crunch Surprise,6.98,2,4.98,2.0,Lot's O' Nuts,235.0
9922,US-2024-148446-CHO-TRI-54000,2025-10-12,2026-06-06,Second Class,148446,United States,North Las Vegas,Nevada,89031,Chocolate,Pacific,CHO-TRI-54000,Wonka Bar - Triple Dazzle Caramel,15.0,4,9.8,5.2,Wicked Choccy's,237.0
9923,US-2024-152695-CHO-MIL-31000,2025-10-12,2026-06-02,Same Day,152695,United States,Fairfield,Connecticut,6824,Chocolate,Atlantic,CHO-MIL-31000,Wonka Bar - Milk Chocolate,22.75,7,14.77,7.98,Wicked Choccy's,233.0
9924,US-2024-140907-OTH-LIC-15000,2025-10-12,2026-06-04,Second Class,140907,United States,Seattle,Washington,98103,Other,Pacific,OTH-LIC-15000,Lickable Wallpaper,60.0,3,30.0,30.0,Secret Factory,235.0
9925,US-2024-110149-CHO-TRI-54000,2025-10-12,2026-06-05,First Class,110149,United States,Philadelphia,Pennsylvania,19143,Chocolate,Atlantic,CHO-TRI-54000,Wonka Bar - Triple Dazzle Caramel,3.75,1,2.45,1.3,Wicked Choccy's,236.0
9926,US-2024-167150-CHO-TRI-54000,2025-10-12,2026-06-09,Standard Class,167150,United States,San Diego,California,92037,Chocolate,Pacific,CHO-TRI-54000,Wonka Bar - Triple Dazzle Caramel,15.0,4,9.8,5.2,Wicked Choccy's,240.0
9927,US-2024-167150-CHO-MIL-31000,2025-10-12,2026-06-09,Standard Class,167150,United States,San Diego,California,92037,Chocolate,Pacific,CHO-MIL-31000,Wonka Bar - Milk Chocolate,6.5,2,4.22,2.28,Wicked Choccy's,240.0
9928,US-2024-148922-CHO-SCR-58000,2025-10-12,2026-06-07,Second Class,148922,United States,Jackson,Mississippi,39212,Chocolate,Gulf,CHO-SCR-58000,Wonka Bar -Scrumdiddlyumptious,28.8,8,20.0,8.8,Lot's O' Nuts,238.0
9929,US-2024-108294-CHO-SCR-58000,2025-10-12,2026-06-02,Same Day,108294,United States,Omaha,Nebraska,68104,Chocolate,Interior,CHO-SCR-58000,Wonka Bar -Scrumdiddlyumptious,10.8,3,7.5,3.3,Lot's O' Nuts,233.0
9930,US-2024-152695-CHO-SCR-58000,2025-10-12,2026-06-02,Same Day,152695,United States,Fairfield,Connecticut,6824,Chocolate,Atlantic,CHO-SCR-58000,Wonka Bar -Scrumdiddlyumptious,10.8,3,7.5,3.3,Lot's O' Nuts,233.0
9931,US-2024-143798-CHO-TRI-54000,2025-10-12,2026-06-04,First Class,143798,United States,Philadelphia,Pennsylvania,19140,Chocolate,Atlantic,CHO-TRI-54000,Wonka Bar - Triple Dazzle Caramel,7.5,2,4.9,2.6,Wicked Choccy's,235.0
9932,US-2024-107748-CHO-MIL-31000,2025-10-12,2026-06-04,Second Class,107748,United States,Stockton,California,95207,Chocolate,Pacific,CHO-MIL-31000,Wonka Bar - Milk Chocolate,6.5,2,4.22,2.28,Wicked Choccy's,235.0
9933,US-2024-140907-CHO-TRI-54000,2025-10-12,2026-06-04,Second Class,140907,United States,Seattle,Washington,98103,Chocolate,Pacific,CHO-TRI-54000,Wonka Bar - Triple Dazzle Caramel,18.75,5,12.25,6.5,Wicked Choccy's,235.0
9934,US-2024-148922-CHO-FUD-51000,2025-10-12,2026-06-07,Second Class,148922,United States,Jackson,Mississippi,39212,Chocolate,Gulf,CHO-FUD-51000,Wonka Bar - Fudge Mallows,10.8,3,7.2,3.6,Lot's O' Nuts,238.0
9935,US-2024-157651-CHO-MIL-31000,2025-10-12,2026-06-06,Standard Class,157651,United States,Philadelphia,Pennsylvania,19120,Chocolate,Atlantic,CHO-MIL-31000,Wonka Bar - Milk Chocolate,3.25,1,2.11,1.14,Wicked Choccy's,237.0
9936,US-2024-140907-CHO-NUT-13000,2025-10-12,2026-06-04,Second Class,140907,United States,Seattle,Washington,98103,Chocolate,Pacific,CHO-NUT-13000,Wonka Bar - Nutty Crunch Surprise,10.47,3,7.47,3.0,Lot's O' Nuts,235.0
9937,US-2024-148922-CHO-SCR-58000,2025-10-12,2026-06-07,Second Class,148922,United States,Jackson,Mississippi,39212,Chocolate,Gulf,CHO-SCR-58000,Wonka Bar -Scrumdiddlyumptious,10.8,3,7.5,3.3,Lot's O' Nuts,238.0
9938,US-2024-107748-CHO-FUD-51000,2025-10-12,2026-06-04,Second Class,107748,United States,Stockton,California,95207,Chocolate,Pacific,CHO-FUD-51000,Wonka Bar - Fudge Mallows,14.4,4,9.6,4.8,Lot's O' Nuts,235.0
9939,CA-2024-124626-CHO-SCR-58000,2025-10-12,2026-06-07,Standard Class,124626,Canada,St. John's,Newfoundland and Labrador,A0A,Chocolate,Atlantic,CHO-SCR-58000,Wonka Bar -Scrumdiddlyumptious,28.8,8,20.0,8.8,Lot's O' Nuts,238.0
9940,US-2024-168389-CHO-SCR-58000,2025-11-12,2026-06-09,Standard Class,168389,United States,Jacksonville,Florida,32216,Chocolate,Gulf,CHO-SCR-58000,Wonka Bar -Scrumdiddlyumptious,3.6,1,2.5,1.1,Lot's O' Nuts,209.0
9941,US-2024-160759-CHO-NUT-13000,2025-11-12,2026-06-09,Standard Class,160759,United States,Philadelphia,Pennsylvania,19120,Chocolate,Atlantic,CHO-NUT-13000,Wonka Bar - Nutty Crunch Surprise,3.49,1,2.49,1.0,Lot's O' Nuts,209.0
9942,US-2024-162565-CHO-NUT-13000,2025-11-12,2026-06-03,Same Day,162565,United States,Aurora,Illinois,60505,Chocolate,Interior,CHO-NUT-13000,Wonka Bar - Nutty Crunch Surprise,6.98,2,4.98,2.0,Lot's O' Nuts,203.0
9943,US-2024-162565-CHO-NUT-13000,2025-11-12,2026-06-03,Same Day,162565,United States,Aurora,Illinois,60505,Chocolate,Interior,CHO-NUT-13000,Wonka Bar - Nutty Crunch Surprise,3.49,1,2.49,1.0,Lot's O' Nuts,203.0
9944,US-2024-168389-CHO-MIL-31000,2025-11-12,2026-06-09,Standard Class,168389,United States,Jacksonville,Florida,32216,Chocolate,Gulf,CHO-MIL-31000,Wonka Bar - Milk Chocolate,19.5,6,12.66,6.84,Wicked Choccy's,209.0
9945,US-2024-165099-CHO-MIL-31000,2025-11-12,2026-06-05,First Class,165099,United States,Abilene,Texas,79605,Chocolate,Interior,CHO-MIL-31000,Wonka Bar - Milk Chocolate,6.5,2,4.22,2.28,Wicked Choccy's,205.0
9946,US-2024-153871-CHO-MIL-31000,2025-11-12,2026-06-09,Standard Class,153871,United States,Plainfield,New Jersey,7060,Chocolate,Atlantic,CHO-MIL-31000,Wonka Bar - Milk Chocolate,22.75,7,14.77,7.98,Wicked Choccy's,209.0
9947,US-2024-168389-CHO-SCR-58000,2025-11-12,2026-06-09,Standard Class,168389,United States,Jacksonville,Florida,32216,Chocolate,Gulf,CHO-SCR-58000,Wonka Bar -Scrumdiddlyumptious,3.6,1,2.5,1.1,Lot's O' Nuts,209.0
9948,US-2024-101798-CHO-SCR-58000,2025-11-12,2026-06-07,Standard Class,101798,United States,New York City,New York,10009,Chocolate,Atlantic,CHO-SCR-58000,Wonka Bar -Scrumdiddlyumptious,14.4,4,10.0,4.4,Lot's O' Nuts,207.0
9949,US-2024-142776-CHO-TRI-54000,2025-11-12,2026-06-06,Second Class,142776,United States,Burlington,Iowa,52601,Chocolate,Interior,CHO-TRI-54000,Wonka Bar - Triple Dazzle Caramel,11.25,3,7.35,3.9,Wicked Choccy's,206.0
9950,US-2024-100230-CHO-NUT-13000,2025-11-12,2026-06-07,Standard Class,100230,United States,New York City,New York,10035,Chocolate,Atlantic,CHO-NUT-13000,Wonka Bar - Nutty Crunch Surprise,3.49,1,2.49,1.0,Lot's O' Nuts,207.0
9951,US-2024-153871-CHO-NUT-13000,2025-11-12,2026-06-09,Standard Class,153871,United States,Plainfield,New Jersey,7060,Chocolate,Atlantic,CHO-NUT-13000,Wonka Bar - Nutty Crunch Surprise,17.45,5,12.45,5.0,Lot's O' Nuts,209.0
9952,US-2024-153871-CHO-NUT-13000,2025-11-12,2026-06-09,Standard Class,153871,United States,Plainfield,New Jersey,7060,Chocolate,Atlantic,CHO-NUT-13000,Wonka Bar - Nutty Crunch Surprise,6.98,2,4.98,2.0,Lot's O' Nuts,209.0
9953,US-2024-142776-CHO-SCR-58000,2025-11-12,2026-06-06,Second Class,142776,United States,Burlington,Iowa,52601,Chocolate,Interior,CHO-SCR-58000,Wonka Bar -Scrumdiddlyumptious,3.6,1,2.5,1.1,Lot's O' Nuts,206.0
9954,US-2024-125213-CHO-NUT-13000,2025-11-12,2026-06-05,First Class,125213,United States,Paterson,New Jersey,7501,Chocolate,Atlantic,CHO-NUT-13000,Wonka Bar - Nutty Crunch Surprise,10.47,3,7.47,3.0,Lot's O' Nuts,205.0
9955,US-2024-162565-CHO-MIL-31000,2025-11-12,2026-06-03,Same Day,162565,United States,Aurora,Illinois,60505,Chocolate,Interior,CHO-MIL-31000,Wonka Bar - Milk Chocolate,6.5,2,4.22,2.28,Wicked Choccy's,203.0
9956,US-2024-100230-CHO-TRI-54000,2025-11-12,2026-06-07,Standard Class,100230,United States,New York City,New York,10035,Chocolate,Atlantic,CHO-TRI-54000,Wonka Bar - Triple Dazzle Caramel,11.25,3,7.35,3.9,Wicked Choccy's,207.0
9957,US-2024-149706-CHO-MIL-31000,2025-11-12,2026-06-04,First Class,149706,United States,Palatine,Illinois,60067,Chocolate,Interior,CHO-MIL-31000,Wonka Bar - Milk Chocolate,22.75,7,14.77,7.98,Wicked Choccy's,204.0
9958,US-2024-101798-CHO-NUT-13000,2025-11-12,2026-06-07,Standard Class,101798,United States,New York City,New York,10009,Chocolate,Atlantic,CHO-NUT-13000,Wonka Bar - Nutty Crunch Surprise,6.98,2,4.98,2.0,Lot's O' Nuts,207.0
9959,US-2024-129581-CHO-MIL-31000,2025-11-12,2026-06-10,Standard Class,129581,United States,New Bedford,Massachusetts,2740,Chocolate,Atlantic,CHO-MIL-31000,Wonka Bar - Milk Chocolate,9.75,3,6.33,3.42,Wicked Choccy's,210.0
9960,US-2024-168389-CHO-NUT-13000,2025-11-12,2026-06-09,Standard Class,168389,United States,Jacksonville,Florida,32216,Chocolate,Gulf,CHO-NUT-13000,Wonka Bar - Nutty Crunch Surprise,13.96,4,9.96,4.0,Lot's O' Nuts,209.0
9961,US-2024-100230-CHO-NUT-13000,2025-11-12,2026-06-07,Standard Class,100230,United States,New York City,New York,10035,Chocolate,Atlantic,CHO-NUT-13000,Wonka Bar - Nutty Crunch Surprise,6.98,2,4.98,2.0,Lot's O' Nuts,207.0
